Timestamp,base_PosX,base_PosY,base_PosZ,base_RotX,base_RotY,base_RotZ,base_RotW,base_jointAngle,shoulder_PosX,shoulder_PosY,shoulder_PosZ,shoulder_RotX,shoulder_RotY,shoulder_RotZ,shoulder_RotW,shoulder_jointAngle,elbow_PosX,elbow_PosY,elbow_PosZ,elbow_RotX,elbow_RotY,elbow_RotZ,elbow_RotW,elbow_jointAngle,wrist1_PosX,wrist1_PosY,wrist1_PosZ,wrist1_RotX,wrist1_RotY,wrist1_RotZ,wrist1_RotW,wrist1_jointAngle,wrist2_PosX,wrist2_PosY,wrist2_PosZ,wrist2_RotX,wrist2_RotY,wrist2_RotZ,wrist2_RotW,wrist2_jointAngle,wrist3_PosX,wrist3_PosY,wrist3_PosZ,wrist3_RotX,wrist3_RotY,wrist3_RotZ,wrist3_RotW,wrist3_jointAngle,ee_PosX,ee_PosY,ee_PosZ,ee_RotX,ee_RotY,ee_RotZ,ee_RotW,suctionOn,blockAttracted
0,0.275,0.958,0.12,0,-0.706,0,-0.708,0.219,0.274,0.958,0.256,-0.373,-0.6,0.371,-0.602,-26.512,0.655,1.148,0.138,-0.588,-0.394,0.585,-0.396,48.601,1.019,1,0.139,-0.629,-0.325,0.627,-0.326,-76.903,1.018,1,0.232,-0.873,-0.452,0.162,-0.086,-68.76,1.096,0.946,0.232,-0.873,-0.452,0.163,-0.084,0.204,1.051,0.883,0.262,-0.937,0.298,0.056,-0.175,FALSE,FALSE
0.176,0.275,0.958,0.12,0,-0.464,0,-0.886,34.74,0.198,0.958,0.232,-0.336,-0.429,0.176,-0.82,-45.43,0.511,1.261,0.303,-0.688,-0.292,0.36,-0.558,57.287,0.826,1.18,0.522,-0.707,-0.279,0.37,-0.534,-85.943,0.773,1.18,0.598,-0.762,-0.575,-0.238,-0.18,-89.934,0.848,1.154,0.65,-0.762,-0.575,-0.238,-0.18,0.007,0.83,1.075,0.638,-0.945,0.132,-0.296,0.041,FALSE,FALSE
0.278,0.275,0.958,0.12,0,-0.299,0,-0.954,55.211,0.163,0.958,0.198,-0.36,-0.277,0.113,-0.884,-45.622,0.431,1.262,0.373,-0.74,-0.189,0.232,-0.603,57.303,0.65,1.183,0.689,-0.761,-0.18,0.238,-0.576,-85.943,0.574,1.183,0.742,-0.707,-0.535,-0.369,-0.28,-89.935,0.626,1.157,0.817,-0.707,-0.535,-0.369,-0.28,0.008,0.613,1.078,0.798,-0.878,0.122,-0.459,0.063,FALSE,FALSE
0.384,0.275,0.958,0.12,0,-0.089,0,-0.996,79.766,0.141,0.958,0.144,-0.376,-0.083,0.034,-0.922,-45.655,0.312,1.262,0.415,-0.772,-0.056,0.069,-0.629,57.303,0.38,1.183,0.793,-0.794,-0.054,0.071,-0.601,-85.943,0.289,1.183,0.81,-0.612,-0.463,-0.511,-0.387,-89.936,0.305,1.157,0.899,-0.612,-0.463,-0.511,-0.387,0.008,0.301,1.078,0.878,-0.76,0.105,-0.635,0.087,FALSE,FALSE
0.488,0.275,0.958,0.12,0,0.089,0,-0.996,100.228,0.141,0.958,0.096,-0.376,0.083,-0.034,-0.922,-45.659,0.206,1.262,0.409,-0.772,0.056,-0.069,-0.629,57.303,0.138,1.183,0.788,-0.794,0.054,-0.071,-0.601,-85.943,0.047,1.183,0.771,-0.511,-0.387,-0.611,-0.464,-89.936,0.03,1.157,0.861,-0.512,-0.387,-0.611,-0.464,0.008,0.034,1.078,0.839,-0.635,0.088,-0.76,0.104,FALSE,FALSE
0.596,0.275,0.958,0.12,0,0.265,0,-0.964,120.689,0.158,0.958,0.051,-0.364,0.245,-0.1,-0.893,-45.659,0.11,1.262,0.367,-0.748,0.167,-0.205,-0.609,57.303,-0.087,1.183,0.698,-0.769,0.16,-0.211,-0.582,-85.943,-0.167,1.183,0.65,-0.395,-0.299,-0.692,-0.525,-89.936,-0.213,1.157,0.728,-0.395,-0.299,-0.692,-0.525,0.008,-0.202,1.078,0.709,-0.49,0.068,-0.861,0.118,FALSE,FALSE
0.698,0.275,0.958,0.12,0,0.432,0,-0.902,141.15,0.19,0.958,0.014,-0.34,0.4,-0.163,-0.835,-45.659,0.034,1.262,0.294,-0.699,0.273,-0.335,-0.57,57.303,-0.266,1.183,0.535,-0.719,0.261,-0.344,-0.545,-85.943,-0.324,1.183,0.462,-0.266,-0.201,-0.752,-0.57,-89.936,-0.395,1.157,0.519,-0.266,-0.201,-0.752,-0.57,0.008,-0.378,1.078,0.505,-0.33,0.046,-0.934,0.129,FALSE,FALSE
0.804,0.275,0.958,0.12,0,0.599,0,-0.801,163.609,0.237,0.958,-0.01,-0.302,0.555,-0.226,-0.741,-45.66,-0.015,1.262,0.188,-0.621,0.378,-0.464,-0.506,57.303,-0.383,1.183,0.297,-0.638,0.362,-0.478,-0.484,-85.943,-0.409,1.183,0.208,-0.114,-0.086,-0.789,-0.598,-89.953,-0.497,1.157,0.233,-0.114,-0.086,-0.789,-0.598,0.001,-0.475,1.078,0.227,-0.141,0.02,-0.981,0.135,FALSE,FALSE
0.905,0.275,0.958,0.12,0,0.672,0,-0.741,174.366,0.262,0.958,-0.015,-0.28,0.622,-0.253,-0.686,-45.659,-0.022,1.262,0.133,-0.574,0.424,-0.521,-0.468,57.303,-0.405,1.183,0.171,-0.591,0.406,-0.535,-0.447,-85.944,-0.414,1.183,0.078,-0.039,-0.029,-0.796,-0.603,-89.954,-0.504,1.157,0.087,-0.039,-0.029,-0.796,-0.603,0,-0.482,1.078,0.085,-0.049,0.007,-0.989,0.136,FALSE,FALSE
1.008,0.275,0.958,0.12,0,0.694,0,-0.72,177.93,0.27,0.958,-0.016,-0.272,0.643,-0.262,-0.667,-45.656,-0.022,1.262,0.115,-0.558,0.439,-0.538,-0.455,57.304,-0.406,1.183,0.128,-0.574,0.419,-0.553,-0.435,-85.944,-0.41,1.183,0.036,-0.015,-0.011,-0.797,-0.604,-89.954,-0.501,1.157,0.039,-0.015,-0.011,-0.797,-0.604,0,-0.479,1.078,0.038,-0.018,0.003,-0.99,0.137,FALSE,FALSE
1.17,0.275,0.958,0.12,0,0.704,0,-0.71,179.569,0.274,0.958,-0.016,-0.268,0.652,-0.266,-0.657,-45.655,-0.022,1.262,0.106,-0.55,0.445,-0.546,-0.448,57.303,-0.406,1.183,0.109,-0.566,0.425,-0.561,-0.429,-85.944,-0.407,1.183,0.016,-0.003,-0.002,-0.797,-0.604,-89.954,-0.498,1.157,0.017,-0.003,-0.002,-0.797,-0.604,0,-0.476,1.078,0.016,-0.004,0.001,-0.991,0.137,FALSE,FALSE
1.273,0.275,0.958,0.12,0,0.706,0,-0.708,179.828,0.275,0.958,-0.016,-0.267,0.654,-0.266,-0.656,-45.656,-0.022,1.262,0.105,-0.549,0.446,-0.547,-0.447,57.303,-0.406,1.183,0.106,-0.564,0.426,-0.563,-0.428,-85.944,-0.407,1.183,0.013,-0.002,-0.001,-0.797,-0.604,-89.954,-0.498,1.157,0.013,-0.002,-0.001,-0.797,-0.604,0,-0.475,1.078,0.013,-0.002,0.001,-0.991,0.137,FALSE,FALSE
1.375,0.275,0.958,0.12,0,0.707,0,-0.708,179.923,0.275,0.958,-0.016,-0.267,0.654,-0.267,-0.655,-45.656,-0.022,1.262,0.104,-0.549,0.446,-0.548,-0.447,57.303,-0.406,1.183,0.105,-0.564,0.427,-0.563,-0.427,-85.944,-0.406,1.183,0.012,-0.001,0,-0.797,-0.604,-89.954,-0.498,1.157,0.012,-0.001,0,-0.797,-0.604,0,-0.475,1.078,0.012,-0.001,0,-0.991,0.137,FALSE,FALSE
1.481,0.275,0.958,0.12,0,0.707,0,-0.707,179.961,0.275,0.958,-0.016,-0.267,0.655,-0.267,-0.655,-45.656,-0.022,1.262,0.104,-0.548,0.447,-0.548,-0.447,57.303,-0.406,1.183,0.104,-0.564,0.427,-0.563,-0.427,-85.944,-0.406,1.183,0.011,-0.001,0,-0.797,-0.604,-89.954,-0.497,1.157,0.011,-0.001,0,-0.797,-0.604,0,-0.475,1.078,0.011,0,0,-0.991,0.137,FALSE,FALSE
1.582,0.275,0.958,0.12,0,0.707,0,-0.707,179.971,0.275,0.958,-0.016,-0.267,0.655,-0.267,-0.655,-45.656,-0.022,1.262,0.104,-0.548,0.447,-0.548,-0.447,57.303,-0.406,1.183,0.104,-0.564,0.427,-0.563,-0.427,-85.944,-0.406,1.183,0.011,-0.001,0,-0.797,-0.604,-89.954,-0.497,1.157,0.011,-0.001,0,-0.797,-0.604,0,-0.475,1.078,0.011,0,0,-0.991,0.137,FALSE,FALSE
1.689,0.275,0.958,0.12,0,0.707,0,-0.707,179.975,0.275,0.958,-0.016,-0.267,0.655,-0.267,-0.655,-45.656,-0.022,1.262,0.104,-0.548,0.447,-0.548,-0.447,57.303,-0.406,1.183,0.104,-0.564,0.427,-0.563,-0.427,-85.944,-0.406,1.183,0.011,0,0,-0.797,-0.604,-89.954,-0.497,1.157,0.011,0,0,-0.797,-0.604,0,-0.475,1.078,0.011,0,0,-0.991,0.137,FALSE,FALSE
1.79,0.275,0.958,0.12,0,0.707,0,-0.707,179.976,0.275,0.958,-0.016,-0.267,0.655,-0.267,-0.655,-45.656,-0.022,1.262,0.104,-0.548,0.447,-0.548,-0.447,57.303,-0.406,1.183,0.104,-0.564,0.427,-0.564,-0.427,-85.944,-0.406,1.183,0.011,0,0,-0.797,-0.604,-89.954,-0.497,1.157,0.011,0,0,-0.797,-0.604,0,-0.475,1.078,0.011,0,0,-0.991,0.137,FALSE,FALSE
1.893,0.275,0.958,0.12,0,0.707,0,-0.707,179.976,0.275,0.958,-0.016,-0.267,0.655,-0.267,-0.655,-45.656,-0.022,1.262,0.104,-0.548,0.447,-0.548,-0.447,57.303,-0.406,1.183,0.104,-0.564,0.427,-0.564,-0.427,-85.944,-0.406,1.183,0.011,0,0,-0.797,-0.604,-89.954,-0.497,1.157,0.011,0,0,-0.797,-0.604,0,-0.475,1.078,0.011,0,0,-0.991,0.137,FALSE,FALSE
2,0.275,0.958,0.12,0,0.707,0,-0.707,179.977,0.275,0.958,-0.016,-0.267,0.655,-0.267,-0.655,-45.656,-0.022,1.262,0.104,-0.548,0.447,-0.548,-0.447,57.303,-0.406,1.183,0.104,-0.564,0.427,-0.564,-0.427,-85.944,-0.406,1.183,0.011,0,0,-0.797,-0.604,-89.954,-0.497,1.157,0.011,0,0,-0.797,-0.604,0,-0.475,1.078,0.011,0,0,-0.991,0.137,FALSE,FALSE
2.102,0.275,0.958,0.12,0,0.707,0,-0.707,179.977,0.275,0.958,-0.016,-0.267,0.655,-0.267,-0.655,-45.656,-0.022,1.262,0.104,-0.548,0.447,-0.548,-0.447,57.303,-0.406,1.183,0.104,-0.564,0.427,-0.564,-0.427,-85.944,-0.406,1.183,0.011,0,0,-0.797,-0.604,-89.954,-0.497,1.157,0.011,0,0,-0.797,-0.604,0,-0.475,1.078,0.011,0,0,-0.991,0.137,FALSE,FALSE
2.208,0.275,0.958,0.12,0,0.707,0,-0.707,179.977,0.275,0.958,-0.016,-0.267,0.655,-0.267,-0.655,-45.656,-0.022,1.262,0.104,-0.548,0.447,-0.548,-0.447,57.303,-0.406,1.183,0.104,-0.564,0.427,-0.564,-0.427,-85.944,-0.406,1.183,0.011,0,0,-0.797,-0.604,-89.954,-0.497,1.157,0.011,0,0,-0.797,-0.604,0,-0.475,1.078,0.011,0,0,-0.991,0.137,FALSE,FALSE
2.314,0.275,0.958,0.12,0,0.707,0,-0.707,179.977,0.275,0.958,-0.016,-0.267,0.655,-0.267,-0.655,-45.656,-0.022,1.262,0.104,-0.548,0.447,-0.548,-0.447,57.303,-0.406,1.183,0.104,-0.564,0.427,-0.564,-0.427,-85.944,-0.406,1.183,0.011,0,0,-0.797,-0.604,-89.954,-0.497,1.157,0.011,0,0,-0.797,-0.604,0,-0.475,1.078,0.011,0,0,-0.991,0.137,FALSE,FALSE
2.416,0.275,0.958,0.12,0,0.707,0,-0.707,179.977,0.275,0.958,-0.016,-0.267,0.655,-0.267,-0.655,-45.656,-0.022,1.262,0.104,-0.548,0.447,-0.548,-0.447,57.303,-0.406,1.183,0.104,-0.564,0.427,-0.564,-0.427,-85.944,-0.406,1.183,0.011,0,0,-0.797,-0.604,-89.954,-0.497,1.157,0.011,0,0,-0.797,-0.604,0,-0.475,1.078,0.011,0,0,-0.991,0.137,FALSE,FALSE
2.521,0.275,0.958,0.12,0,0.707,0,-0.707,179.977,0.275,0.958,-0.016,-0.267,0.655,-0.267,-0.655,-45.656,-0.022,1.262,0.104,-0.548,0.447,-0.548,-0.447,57.303,-0.406,1.183,0.104,-0.564,0.427,-0.564,-0.427,-85.944,-0.406,1.183,0.011,0,0,-0.797,-0.604,-89.954,-0.497,1.157,0.011,0,0,-0.797,-0.604,0,-0.475,1.078,0.011,0,0,-0.991,0.137,FALSE,FALSE
2.627,0.275,0.958,0.12,0,0.707,0,-0.707,179.977,0.275,0.958,-0.016,-0.267,0.655,-0.267,-0.655,-45.656,-0.022,1.262,0.104,-0.548,0.447,-0.548,-0.447,57.303,-0.406,1.183,0.104,-0.564,0.427,-0.564,-0.427,-85.944,-0.406,1.183,0.011,0,0,-0.797,-0.604,-89.954,-0.497,1.157,0.011,0,0,-0.797,-0.604,0,-0.475,1.078,0.011,0,0,-0.991,0.137,FALSE,FALSE
2.73,0.275,0.958,0.12,0,0.707,0,-0.707,179.977,0.275,0.958,-0.016,-0.267,0.655,-0.267,-0.655,-45.656,-0.022,1.262,0.104,-0.548,0.447,-0.548,-0.447,57.303,-0.406,1.183,0.104,-0.564,0.427,-0.564,-0.427,-85.944,-0.406,1.183,0.011,0,0,-0.797,-0.604,-89.954,-0.497,1.157,0.011,0,0,-0.797,-0.604,0,-0.475,1.078,0.011,0,0,-0.991,0.137,FALSE,FALSE
2.832,0.275,0.958,0.12,0,0.707,0,-0.707,179.977,0.275,0.958,-0.016,-0.267,0.655,-0.267,-0.655,-45.656,-0.022,1.262,0.104,-0.548,0.447,-0.548,-0.447,57.303,-0.406,1.183,0.104,-0.564,0.427,-0.564,-0.427,-85.944,-0.406,1.183,0.011,0,0,-0.797,-0.604,-89.954,-0.497,1.157,0.011,0,0,-0.797,-0.604,0,-0.475,1.078,0.011,0,0,-0.991,0.137,FALSE,FALSE
2.935,0.275,0.958,0.12,0,0.707,0,-0.707,179.977,0.275,0.958,-0.016,-0.267,0.655,-0.267,-0.655,-45.656,-0.022,1.262,0.104,-0.548,0.447,-0.548,-0.447,57.303,-0.406,1.183,0.104,-0.564,0.427,-0.564,-0.427,-85.944,-0.406,1.183,0.011,0,0,-0.797,-0.604,-89.954,-0.497,1.157,0.011,0,0,-0.797,-0.604,0,-0.475,1.078,0.011,0,0,-0.991,0.137,FALSE,FALSE
3.038,0.275,0.958,0.12,0,0.707,0,-0.707,179.977,0.275,0.958,-0.016,-0.267,0.655,-0.267,-0.655,-45.656,-0.022,1.262,0.104,-0.548,0.447,-0.548,-0.447,57.303,-0.406,1.183,0.104,-0.564,0.427,-0.564,-0.427,-85.944,-0.406,1.183,0.011,0,0,-0.797,-0.604,-89.954,-0.497,1.157,0.011,0,0,-0.797,-0.604,0,-0.475,1.078,0.011,0,0,-0.991,0.137,FALSE,FALSE
3.142,0.275,0.958,0.12,0,0.707,0,-0.707,179.977,0.275,0.958,-0.016,-0.267,0.655,-0.267,-0.655,-45.656,-0.022,1.262,0.104,-0.548,0.447,-0.548,-0.447,57.303,-0.406,1.183,0.104,-0.564,0.427,-0.564,-0.427,-85.944,-0.406,1.183,0.011,0,0,-0.797,-0.604,-89.954,-0.497,1.157,0.011,0,0,-0.797,-0.604,0,-0.475,1.078,0.011,0,0,-0.991,0.137,FALSE,FALSE
3.243,0.275,0.958,0.12,0,0.707,0,-0.707,179.977,0.275,0.958,-0.016,-0.267,0.655,-0.267,-0.655,-45.656,-0.022,1.262,0.104,-0.548,0.447,-0.548,-0.447,57.303,-0.406,1.183,0.104,-0.564,0.427,-0.564,-0.427,-85.944,-0.406,1.183,0.011,0,0,-0.797,-0.604,-89.954,-0.497,1.157,0.011,0,0,-0.797,-0.604,0,-0.475,1.078,0.011,0,0,-0.991,0.137,FALSE,FALSE
3.346,0.275,0.958,0.12,0,0.707,0,-0.707,179.977,0.275,0.958,-0.016,-0.267,0.655,-0.267,-0.655,-45.656,-0.022,1.262,0.104,-0.548,0.447,-0.548,-0.447,57.303,-0.406,1.183,0.104,-0.564,0.427,-0.564,-0.427,-85.944,-0.406,1.183,0.011,0,0,-0.797,-0.604,-89.954,-0.497,1.157,0.011,0,0,-0.797,-0.604,0,-0.475,1.078,0.011,0,0,-0.991,0.137,FALSE,FALSE
3.451,0.275,0.958,0.12,0,0.707,0,-0.707,179.977,0.275,0.958,-0.016,-0.267,0.655,-0.267,-0.655,-45.656,-0.022,1.262,0.104,-0.548,0.447,-0.548,-0.447,57.303,-0.406,1.183,0.104,-0.564,0.427,-0.564,-0.427,-85.944,-0.406,1.183,0.011,0,0,-0.797,-0.604,-89.954,-0.497,1.157,0.011,0,0,-0.797,-0.604,0,-0.475,1.078,0.011,0,0,-0.991,0.137,FALSE,FALSE
3.555,0.275,0.958,0.12,0,0.707,0,-0.707,179.977,0.275,0.958,-0.016,-0.267,0.655,-0.267,-0.655,-45.656,-0.022,1.262,0.104,-0.548,0.447,-0.548,-0.447,57.303,-0.406,1.183,0.104,-0.564,0.427,-0.564,-0.427,-85.944,-0.406,1.183,0.011,0,0,-0.797,-0.604,-89.954,-0.497,1.157,0.011,0,0,-0.797,-0.604,0,-0.475,1.078,0.011,0,0,-0.991,0.137,FALSE,FALSE
3.659,0.275,0.958,0.12,0,0.707,0,-0.707,179.977,0.275,0.958,-0.016,-0.267,0.655,-0.267,-0.655,-45.656,-0.022,1.262,0.104,-0.548,0.447,-0.548,-0.447,57.303,-0.406,1.183,0.104,-0.564,0.427,-0.564,-0.427,-85.944,-0.406,1.183,0.011,0,0,-0.797,-0.604,-89.954,-0.497,1.157,0.011,0,0,-0.797,-0.604,0,-0.475,1.078,0.011,0,0,-0.991,0.137,FALSE,FALSE
3.759,0.275,0.958,0.12,0,0.707,0,-0.707,179.977,0.275,0.958,-0.016,-0.267,0.655,-0.267,-0.655,-45.656,-0.022,1.262,0.104,-0.548,0.447,-0.548,-0.447,57.303,-0.406,1.183,0.104,-0.564,0.427,-0.564,-0.427,-85.944,-0.406,1.183,0.011,0,0,-0.797,-0.604,-89.954,-0.497,1.157,0.011,0,0,-0.797,-0.604,0,-0.475,1.078,0.011,0,0,-0.991,0.137,FALSE,FALSE
3.862,0.275,0.958,0.12,0,0.707,0,-0.707,179.977,0.275,0.958,-0.016,-0.267,0.655,-0.267,-0.655,-45.656,-0.022,1.262,0.104,-0.548,0.447,-0.548,-0.447,57.303,-0.406,1.183,0.104,-0.564,0.427,-0.564,-0.427,-85.944,-0.406,1.183,0.011,0,0,-0.797,-0.604,-89.954,-0.497,1.157,0.011,0,0,-0.797,-0.604,0,-0.475,1.078,0.011,0,0,-0.991,0.137,FALSE,FALSE
3.968,0.275,0.958,0.12,0,0.707,0,-0.707,179.977,0.275,0.958,-0.016,-0.267,0.655,-0.267,-0.655,-45.656,-0.022,1.262,0.104,-0.548,0.447,-0.548,-0.447,57.303,-0.406,1.183,0.104,-0.564,0.427,-0.564,-0.427,-85.944,-0.406,1.183,0.011,0,0,-0.797,-0.604,-89.954,-0.497,1.157,0.011,0,0,-0.797,-0.604,0,-0.475,1.078,0.011,0,0,-0.991,0.137,FALSE,FALSE
4.076,0.275,0.958,0.12,0,0.707,0,-0.707,179.977,0.275,0.958,-0.016,-0.267,0.655,-0.267,-0.655,-45.656,-0.022,1.262,0.104,-0.548,0.447,-0.548,-0.447,57.303,-0.406,1.183,0.104,-0.564,0.427,-0.564,-0.427,-85.944,-0.406,1.183,0.011,0,0,-0.797,-0.604,-89.954,-0.497,1.157,0.011,0,0,-0.797,-0.604,0,-0.475,1.078,0.011,0,0,-0.991,0.137,FALSE,FALSE
4.178,0.275,0.958,0.12,0,0.707,0,-0.707,179.977,0.275,0.958,-0.016,-0.267,0.655,-0.267,-0.655,-45.656,-0.022,1.262,0.104,-0.548,0.447,-0.548,-0.447,57.303,-0.406,1.183,0.104,-0.564,0.427,-0.564,-0.427,-85.944,-0.406,1.183,0.011,0,0,-0.797,-0.604,-89.954,-0.497,1.157,0.011,0,0,-0.797,-0.604,0,-0.475,1.078,0.011,0,0,-0.991,0.137,FALSE,FALSE
4.279,0.275,0.958,0.12,0,0.707,0,-0.707,179.977,0.275,0.958,-0.016,-0.267,0.655,-0.267,-0.655,-45.656,-0.022,1.262,0.104,-0.548,0.447,-0.548,-0.447,57.303,-0.406,1.183,0.104,-0.564,0.427,-0.564,-0.427,-85.944,-0.406,1.183,0.011,0,0,-0.797,-0.604,-89.954,-0.497,1.157,0.011,0,0,-0.797,-0.604,0,-0.475,1.078,0.011,0,0,-0.991,0.137,FALSE,FALSE
4.382,0.275,0.958,0.12,0,0.707,0,-0.707,179.977,0.275,0.958,-0.016,-0.267,0.655,-0.267,-0.655,-45.656,-0.022,1.262,0.104,-0.548,0.447,-0.548,-0.447,57.303,-0.406,1.183,0.104,-0.564,0.427,-0.564,-0.427,-85.944,-0.406,1.183,0.011,0,0,-0.797,-0.604,-89.954,-0.497,1.157,0.011,0,0,-0.797,-0.604,0,-0.475,1.078,0.011,0,0,-0.991,0.137,FALSE,FALSE
4.483,0.275,0.958,0.12,0,0.707,0,-0.707,179.977,0.275,0.958,-0.016,-0.267,0.655,-0.267,-0.655,-45.656,-0.022,1.262,0.104,-0.548,0.447,-0.548,-0.447,57.303,-0.406,1.183,0.104,-0.564,0.427,-0.564,-0.427,-85.944,-0.406,1.183,0.011,0,0,-0.797,-0.604,-89.954,-0.497,1.157,0.011,0,0,-0.797,-0.604,0,-0.475,1.078,0.011,0,0,-0.991,0.137,FALSE,FALSE
4.586,0.275,0.958,0.12,0,0.707,0,-0.707,179.977,0.275,0.958,-0.016,-0.267,0.655,-0.267,-0.655,-45.656,-0.022,1.262,0.104,-0.548,0.447,-0.548,-0.447,57.303,-0.406,1.183,0.104,-0.564,0.427,-0.564,-0.427,-85.944,-0.406,1.183,0.011,0,0,-0.797,-0.604,-89.954,-0.497,1.157,0.011,0,0,-0.797,-0.604,0,-0.475,1.078,0.011,0,0,-0.991,0.137,FALSE,FALSE
4.686,0.275,0.958,0.12,0,0.707,0,-0.707,179.977,0.275,0.958,-0.016,-0.267,0.655,-0.267,-0.655,-45.656,-0.022,1.262,0.104,-0.548,0.447,-0.548,-0.447,57.303,-0.406,1.183,0.104,-0.564,0.427,-0.564,-0.427,-85.944,-0.406,1.183,0.011,0,0,-0.797,-0.604,-89.954,-0.497,1.157,0.011,0,0,-0.797,-0.604,0,-0.475,1.078,0.011,0,0,-0.991,0.137,FALSE,FALSE
4.79,0.275,0.958,0.12,0,0.707,0,-0.707,179.977,0.275,0.958,-0.016,-0.267,0.655,-0.267,-0.655,-45.656,-0.022,1.262,0.104,-0.548,0.447,-0.548,-0.447,57.303,-0.406,1.183,0.104,-0.564,0.427,-0.564,-0.427,-85.944,-0.406,1.183,0.011,0,0,-0.797,-0.604,-89.954,-0.497,1.157,0.011,0,0,-0.797,-0.604,0,-0.475,1.078,0.011,0,0,-0.991,0.137,FALSE,FALSE
4.892,0.275,0.958,0.12,0,0.707,0,-0.707,179.977,0.275,0.958,-0.016,-0.267,0.655,-0.267,-0.655,-45.656,-0.022,1.262,0.104,-0.548,0.447,-0.548,-0.447,57.303,-0.406,1.183,0.104,-0.564,0.427,-0.564,-0.427,-85.944,-0.406,1.183,0.011,0,0,-0.797,-0.604,-89.954,-0.497,1.157,0.011,0,0,-0.797,-0.604,0,-0.475,1.078,0.011,0,0,-0.991,0.137,FALSE,FALSE
4.993,0.275,0.958,0.12,0,0.707,0,-0.707,179.977,0.275,0.958,-0.016,-0.267,0.655,-0.267,-0.655,-45.656,-0.022,1.262,0.104,-0.548,0.447,-0.548,-0.447,57.303,-0.406,1.183,0.104,-0.564,0.427,-0.564,-0.427,-85.944,-0.406,1.183,0.011,0,0,-0.797,-0.604,-89.954,-0.497,1.157,0.011,0,0,-0.797,-0.604,0,-0.475,1.078,0.011,0,0,-0.991,0.137,FALSE,FALSE
5.098,0.275,0.958,0.12,0,0.707,0,-0.707,179.977,0.275,0.958,-0.016,-0.267,0.655,-0.267,-0.655,-45.656,-0.022,1.262,0.104,-0.548,0.447,-0.548,-0.447,57.303,-0.406,1.183,0.104,-0.564,0.427,-0.564,-0.427,-85.944,-0.406,1.183,0.011,0,0,-0.797,-0.604,-89.954,-0.497,1.157,0.011,0,0,-0.797,-0.604,0,-0.475,1.078,0.011,0,0,-0.991,0.137,FALSE,FALSE
5.201,0.275,0.958,0.12,0,0.707,0,-0.707,179.977,0.275,0.958,-0.016,-0.267,0.655,-0.267,-0.655,-45.656,-0.022,1.262,0.104,-0.548,0.447,-0.548,-0.447,57.303,-0.406,1.183,0.104,-0.564,0.427,-0.564,-0.427,-85.944,-0.406,1.183,0.011,0,0,-0.797,-0.604,-89.954,-0.497,1.157,0.011,0,0,-0.797,-0.604,0,-0.475,1.078,0.011,0,0,-0.991,0.137,FALSE,FALSE
5.302,0.275,0.958,0.12,0,0.707,0,-0.707,179.977,0.275,0.958,-0.016,-0.267,0.655,-0.267,-0.655,-45.656,-0.022,1.262,0.104,-0.548,0.447,-0.548,-0.447,57.303,-0.406,1.183,0.104,-0.564,0.427,-0.564,-0.427,-85.944,-0.406,1.183,0.011,0,0,-0.797,-0.604,-89.954,-0.497,1.157,0.011,0,0,-0.797,-0.604,0,-0.475,1.078,0.011,0,0,-0.991,0.137,FALSE,FALSE
5.405,0.275,0.958,0.12,0,0.707,0,-0.707,179.977,0.275,0.958,-0.016,-0.267,0.655,-0.267,-0.655,-45.656,-0.022,1.262,0.104,-0.548,0.447,-0.548,-0.447,57.303,-0.406,1.183,0.104,-0.564,0.427,-0.564,-0.427,-85.944,-0.406,1.183,0.011,0,0,-0.797,-0.604,-89.954,-0.497,1.157,0.011,0,0,-0.797,-0.604,0,-0.475,1.078,0.011,0,0,-0.991,0.137,FALSE,FALSE
5.505,0.275,0.958,0.12,0,0.707,0,-0.707,179.977,0.275,0.958,-0.016,-0.267,0.655,-0.267,-0.655,-45.656,-0.022,1.262,0.104,-0.548,0.447,-0.548,-0.447,57.303,-0.406,1.183,0.104,-0.564,0.427,-0.564,-0.427,-85.944,-0.406,1.183,0.011,0,0,-0.797,-0.604,-89.954,-0.497,1.157,0.011,0,0,-0.797,-0.604,0,-0.475,1.078,0.011,0,0,-0.991,0.137,FALSE,FALSE
5.605,0.275,0.958,0.12,0,0.707,0,-0.707,179.977,0.275,0.958,-0.016,-0.267,0.655,-0.267,-0.655,-45.656,-0.022,1.262,0.104,-0.548,0.447,-0.548,-0.447,57.303,-0.406,1.183,0.104,-0.564,0.427,-0.564,-0.427,-85.944,-0.406,1.183,0.011,0,0,-0.797,-0.604,-89.954,-0.497,1.157,0.011,0,0,-0.797,-0.604,0,-0.475,1.078,0.011,0,0,-0.991,0.137,FALSE,FALSE
5.705,0.275,0.958,0.12,0,0.707,0,-0.707,179.977,0.275,0.958,-0.016,-0.267,0.655,-0.267,-0.655,-45.656,-0.022,1.262,0.104,-0.548,0.447,-0.548,-0.447,57.303,-0.406,1.183,0.104,-0.564,0.427,-0.564,-0.427,-85.944,-0.406,1.183,0.011,0,0,-0.797,-0.604,-89.954,-0.497,1.157,0.011,0,0,-0.797,-0.604,0,-0.475,1.078,0.011,0,0,-0.991,0.137,FALSE,FALSE
5.813,0.275,0.958,0.12,0,0.707,0,-0.707,179.977,0.275,0.958,-0.016,-0.267,0.655,-0.267,-0.655,-45.656,-0.022,1.262,0.104,-0.548,0.447,-0.548,-0.447,57.303,-0.406,1.183,0.104,-0.564,0.427,-0.564,-0.427,-85.944,-0.406,1.183,0.011,0,0,-0.797,-0.604,-89.954,-0.497,1.157,0.011,0,0,-0.797,-0.604,0,-0.475,1.078,0.011,0,0,-0.991,0.137,FALSE,FALSE
5.913,0.275,0.958,0.12,0,0.707,0,-0.707,179.977,0.275,0.958,-0.016,-0.267,0.655,-0.267,-0.655,-45.656,-0.022,1.262,0.104,-0.548,0.447,-0.548,-0.447,57.303,-0.406,1.183,0.104,-0.564,0.427,-0.564,-0.427,-85.944,-0.406,1.183,0.011,0,0,-0.797,-0.604,-89.954,-0.497,1.157,0.011,0,0,-0.797,-0.604,0,-0.475,1.078,0.011,0,0,-0.991,0.137,FALSE,FALSE
6.017,0.275,0.958,0.12,0,0.707,0,-0.707,179.977,0.275,0.958,-0.016,-0.267,0.655,-0.267,-0.655,-45.656,-0.022,1.262,0.104,-0.548,0.447,-0.548,-0.447,57.303,-0.406,1.183,0.104,-0.564,0.427,-0.564,-0.427,-85.944,-0.406,1.183,0.011,0,0,-0.797,-0.604,-89.954,-0.497,1.157,0.011,0,0,-0.797,-0.604,0,-0.475,1.078,0.011,0,0,-0.991,0.137,FALSE,FALSE
6.118,0.275,0.958,0.12,0,0.707,0,-0.707,179.977,0.275,0.958,-0.016,-0.267,0.655,-0.267,-0.655,-45.656,-0.022,1.262,0.104,-0.548,0.447,-0.548,-0.447,57.303,-0.406,1.183,0.104,-0.564,0.427,-0.564,-0.427,-85.944,-0.406,1.183,0.011,0,0,-0.797,-0.604,-89.954,-0.497,1.157,0.011,0,0,-0.797,-0.604,0,-0.475,1.078,0.011,0,0,-0.991,0.137,FALSE,FALSE
6.223,0.275,0.958,0.12,0,0.707,0,-0.707,179.977,0.275,0.958,-0.016,-0.267,0.655,-0.267,-0.655,-45.656,-0.022,1.262,0.104,-0.548,0.447,-0.548,-0.447,57.303,-0.406,1.183,0.104,-0.564,0.427,-0.564,-0.427,-85.944,-0.406,1.183,0.011,0,0,-0.797,-0.604,-89.954,-0.497,1.157,0.011,0,0,-0.797,-0.604,0,-0.475,1.078,0.011,0,0,-0.991,0.137,FALSE,FALSE
6.329,0.275,0.958,0.12,0,0.707,0,-0.707,179.977,0.275,0.958,-0.016,-0.267,0.655,-0.267,-0.655,-45.656,-0.022,1.262,0.104,-0.548,0.447,-0.548,-0.447,57.303,-0.406,1.183,0.104,-0.564,0.427,-0.564,-0.427,-85.944,-0.406,1.183,0.011,0,0,-0.797,-0.604,-89.954,-0.497,1.157,0.011,0,0,-0.797,-0.604,0,-0.475,1.078,0.011,0,0,-0.991,0.137,FALSE,FALSE
6.435,0.275,0.958,0.12,0,0.707,0,-0.707,179.977,0.275,0.958,-0.016,-0.267,0.655,-0.267,-0.655,-45.656,-0.022,1.262,0.104,-0.548,0.447,-0.548,-0.447,57.303,-0.406,1.183,0.104,-0.564,0.427,-0.564,-0.427,-85.944,-0.406,1.183,0.011,0,0,-0.797,-0.604,-89.954,-0.497,1.157,0.011,0,0,-0.797,-0.604,0,-0.475,1.078,0.011,0,0,-0.991,0.137,FALSE,FALSE
6.539,0.275,0.958,0.12,0,0.707,0,-0.707,179.977,0.275,0.958,-0.016,-0.267,0.655,-0.267,-0.655,-45.656,-0.022,1.262,0.104,-0.548,0.447,-0.548,-0.447,57.303,-0.406,1.183,0.104,-0.564,0.427,-0.564,-0.427,-85.944,-0.406,1.183,0.011,0,0,-0.797,-0.604,-89.954,-0.497,1.157,0.011,0,0,-0.797,-0.604,0,-0.475,1.078,0.011,0,0,-0.991,0.137,FALSE,FALSE
6.646,0.275,0.958,0.12,0,0.707,0,-0.707,179.977,0.275,0.958,-0.016,-0.267,0.655,-0.267,-0.655,-45.656,-0.022,1.262,0.104,-0.548,0.447,-0.548,-0.447,57.303,-0.406,1.183,0.104,-0.564,0.427,-0.564,-0.427,-85.944,-0.406,1.183,0.011,0,0,-0.797,-0.604,-89.954,-0.497,1.157,0.011,0,0,-0.797,-0.604,0,-0.475,1.078,0.011,0,0,-0.991,0.137,FALSE,FALSE
6.753,0.275,0.958,0.12,0,0.707,0,-0.707,179.977,0.275,0.958,-0.016,-0.267,0.655,-0.267,-0.655,-45.656,-0.022,1.262,0.104,-0.548,0.447,-0.548,-0.447,57.303,-0.406,1.183,0.104,-0.564,0.427,-0.564,-0.427,-85.944,-0.406,1.183,0.011,0,0,-0.797,-0.604,-89.954,-0.497,1.157,0.011,0,0,-0.797,-0.604,0,-0.475,1.078,0.011,0,0,-0.991,0.137,FALSE,FALSE
6.861,0.275,0.958,0.12,0,0.707,0,-0.707,179.977,0.275,0.958,-0.016,-0.267,0.655,-0.267,-0.655,-45.656,-0.022,1.262,0.104,-0.548,0.447,-0.548,-0.447,57.303,-0.406,1.183,0.104,-0.564,0.427,-0.564,-0.427,-85.944,-0.406,1.183,0.011,0,0,-0.797,-0.604,-89.954,-0.497,1.157,0.011,0,0,-0.797,-0.604,0,-0.475,1.078,0.011,0,0,-0.991,0.137,FALSE,FALSE
6.962,0.275,0.958,0.12,0,0.707,0,-0.707,179.977,0.275,0.958,-0.016,-0.267,0.655,-0.267,-0.655,-45.656,-0.022,1.262,0.104,-0.548,0.447,-0.548,-0.447,57.303,-0.406,1.183,0.104,-0.564,0.427,-0.564,-0.427,-85.944,-0.406,1.183,0.011,0,0,-0.797,-0.604,-89.954,-0.497,1.157,0.011,0,0,-0.797,-0.604,0,-0.475,1.078,0.011,0,0,-0.991,0.137,FALSE,FALSE
7.063,0.275,0.958,0.12,0,0.707,0,-0.707,179.977,0.275,0.958,-0.016,-0.267,0.655,-0.267,-0.655,-45.656,-0.022,1.262,0.104,-0.548,0.447,-0.548,-0.447,57.303,-0.406,1.183,0.104,-0.564,0.427,-0.564,-0.427,-85.944,-0.406,1.183,0.011,0,0,-0.797,-0.604,-89.954,-0.497,1.157,0.011,0,0,-0.797,-0.604,0,-0.475,1.078,0.011,0,0,-0.991,0.137,FALSE,FALSE
7.171,0.275,0.958,0.12,0,0.707,0,-0.707,179.977,0.275,0.958,-0.016,-0.267,0.655,-0.267,-0.655,-45.656,-0.022,1.262,0.104,-0.548,0.447,-0.548,-0.447,57.303,-0.406,1.183,0.104,-0.564,0.427,-0.564,-0.427,-85.944,-0.406,1.183,0.011,0,0,-0.797,-0.604,-89.954,-0.497,1.157,0.011,0,0,-0.797,-0.604,0,-0.475,1.078,0.011,0,0,-0.991,0.137,FALSE,FALSE
7.275,0.275,0.958,0.12,0,0.707,0,-0.707,179.977,0.275,0.958,-0.016,-0.267,0.655,-0.267,-0.655,-45.656,-0.022,1.262,0.104,-0.548,0.447,-0.548,-0.447,57.303,-0.406,1.183,0.104,-0.564,0.427,-0.564,-0.427,-85.944,-0.406,1.183,0.011,0,0,-0.797,-0.604,-89.954,-0.497,1.157,0.011,0,0,-0.797,-0.604,0,-0.475,1.078,0.011,0,0,-0.991,0.137,FALSE,FALSE
7.383,0.275,0.958,0.12,0,0.707,0,-0.707,179.977,0.275,0.958,-0.016,-0.267,0.655,-0.267,-0.655,-45.656,-0.022,1.262,0.104,-0.548,0.447,-0.548,-0.447,57.303,-0.406,1.183,0.104,-0.564,0.427,-0.564,-0.427,-85.944,-0.406,1.183,0.011,0,0,-0.797,-0.604,-89.954,-0.497,1.157,0.011,0,0,-0.797,-0.604,0,-0.475,1.078,0.011,0,0,-0.991,0.137,FALSE,FALSE
7.487,0.275,0.958,0.12,0,0.707,0,-0.707,179.977,0.275,0.958,-0.016,-0.267,0.655,-0.267,-0.655,-45.656,-0.022,1.262,0.104,-0.548,0.447,-0.548,-0.447,57.303,-0.406,1.183,0.104,-0.564,0.427,-0.564,-0.427,-85.944,-0.406,1.183,0.011,0,0,-0.797,-0.604,-89.954,-0.497,1.157,0.011,0,0,-0.797,-0.604,0,-0.475,1.078,0.011,0,0,-0.991,0.137,FALSE,FALSE
7.594,0.275,0.958,0.12,0,0.707,0,-0.707,179.977,0.275,0.958,-0.016,-0.267,0.655,-0.267,-0.655,-45.656,-0.022,1.262,0.104,-0.548,0.447,-0.548,-0.447,57.303,-0.406,1.183,0.104,-0.564,0.427,-0.564,-0.427,-85.944,-0.406,1.183,0.011,0,0,-0.797,-0.604,-89.954,-0.497,1.157,0.011,0,0,-0.797,-0.604,0,-0.475,1.078,0.011,0,0,-0.991,0.137,FALSE,FALSE
7.7,0.275,0.958,0.12,0,0.707,0,-0.707,179.977,0.275,0.958,-0.016,-0.267,0.655,-0.267,-0.655,-45.656,-0.022,1.262,0.104,-0.548,0.447,-0.548,-0.447,57.303,-0.406,1.183,0.104,-0.564,0.427,-0.564,-0.427,-85.944,-0.406,1.183,0.011,0,0,-0.797,-0.604,-89.954,-0.497,1.157,0.011,0,0,-0.797,-0.604,0,-0.475,1.078,0.011,0,0,-0.991,0.137,FALSE,FALSE
7.81,0.275,0.958,0.12,0,0.707,0,-0.707,179.977,0.275,0.958,-0.016,-0.267,0.655,-0.267,-0.655,-45.656,-0.022,1.262,0.104,-0.548,0.447,-0.548,-0.447,57.303,-0.406,1.183,0.104,-0.564,0.427,-0.564,-0.427,-85.944,-0.406,1.183,0.011,0,0,-0.797,-0.604,-89.954,-0.497,1.157,0.011,0,0,-0.797,-0.604,0,-0.475,1.078,0.011,0,0,-0.991,0.137,FALSE,FALSE
7.919,0.275,0.958,0.12,0,0.707,0,-0.707,179.977,0.275,0.958,-0.016,-0.267,0.655,-0.267,-0.655,-45.656,-0.022,1.262,0.104,-0.548,0.447,-0.548,-0.447,57.303,-0.406,1.183,0.104,-0.564,0.427,-0.564,-0.427,-85.944,-0.406,1.183,0.011,0,0,-0.797,-0.604,-89.954,-0.497,1.157,0.011,0,0,-0.797,-0.604,0,-0.475,1.078,0.011,0,0,-0.991,0.137,FALSE,FALSE
8.022,0.275,0.958,0.12,0,0.707,0,-0.707,179.977,0.275,0.958,-0.016,-0.267,0.655,-0.267,-0.655,-45.656,-0.022,1.262,0.104,-0.548,0.447,-0.548,-0.447,57.303,-0.406,1.183,0.104,-0.564,0.427,-0.564,-0.427,-85.944,-0.406,1.183,0.011,0,0,-0.797,-0.604,-89.954,-0.497,1.157,0.011,0,0,-0.797,-0.604,0,-0.475,1.078,0.011,0,0,-0.991,0.137,FALSE,FALSE
8.13,0.275,0.958,0.12,0,0.707,0,-0.707,179.977,0.275,0.958,-0.016,-0.267,0.655,-0.267,-0.655,-45.656,-0.022,1.262,0.104,-0.548,0.447,-0.548,-0.447,57.303,-0.406,1.183,0.104,-0.564,0.427,-0.564,-0.427,-85.944,-0.406,1.183,0.011,0,0,-0.797,-0.604,-89.954,-0.497,1.157,0.011,0,0,-0.797,-0.604,0,-0.475,1.078,0.011,0,0,-0.991,0.137,FALSE,FALSE
8.237,0.275,0.958,0.12,0,0.707,0,-0.707,179.977,0.275,0.958,-0.016,-0.267,0.655,-0.267,-0.655,-45.656,-0.022,1.262,0.104,-0.548,0.447,-0.548,-0.447,57.303,-0.406,1.183,0.104,-0.564,0.427,-0.564,-0.427,-85.944,-0.406,1.183,0.011,0,0,-0.797,-0.604,-89.954,-0.497,1.157,0.011,0,0,-0.797,-0.604,0,-0.475,1.078,0.011,0,0,-0.991,0.137,FALSE,FALSE
8.341,0.275,0.958,0.12,0,0.707,0,-0.707,179.977,0.275,0.958,-0.016,-0.267,0.655,-0.267,-0.655,-45.656,-0.022,1.262,0.104,-0.548,0.447,-0.548,-0.447,57.303,-0.406,1.183,0.104,-0.564,0.427,-0.564,-0.427,-85.944,-0.406,1.183,0.011,0,0,-0.797,-0.604,-89.954,-0.497,1.157,0.011,0,0,-0.797,-0.604,0,-0.475,1.078,0.011,0,0,-0.991,0.137,FALSE,FALSE
8.45,0.275,0.958,0.12,0,0.707,0,-0.707,179.977,0.275,0.958,-0.016,-0.267,0.655,-0.267,-0.655,-45.656,-0.022,1.262,0.104,-0.548,0.447,-0.548,-0.447,57.303,-0.406,1.183,0.104,-0.564,0.427,-0.564,-0.427,-85.944,-0.406,1.183,0.011,0,0,-0.797,-0.604,-89.954,-0.497,1.157,0.011,0,0,-0.797,-0.604,0,-0.475,1.078,0.011,0,0,-0.991,0.137,FALSE,FALSE
8.556,0.275,0.958,0.12,0,0.707,0,-0.707,179.977,0.275,0.958,-0.016,-0.267,0.655,-0.267,-0.655,-45.656,-0.022,1.262,0.104,-0.548,0.447,-0.548,-0.447,57.303,-0.406,1.183,0.104,-0.564,0.427,-0.564,-0.427,-85.944,-0.406,1.183,0.011,0,0,-0.797,-0.604,-89.954,-0.497,1.157,0.011,0,0,-0.797,-0.604,0,-0.475,1.078,0.011,0,0,-0.991,0.137,FALSE,FALSE
8.66,0.275,0.958,0.12,0,0.707,0,-0.707,179.977,0.275,0.958,-0.016,-0.267,0.655,-0.267,-0.655,-45.656,-0.022,1.262,0.104,-0.548,0.447,-0.548,-0.447,57.303,-0.406,1.183,0.104,-0.564,0.427,-0.564,-0.427,-85.944,-0.406,1.183,0.011,0,0,-0.797,-0.604,-89.954,-0.497,1.157,0.011,0,0,-0.797,-0.604,0,-0.475,1.078,0.011,0,0,-0.991,0.137,FALSE,FALSE
8.765,0.275,0.958,0.12,0,0.707,0,-0.707,179.977,0.275,0.958,-0.016,-0.267,0.655,-0.267,-0.655,-45.656,-0.022,1.262,0.104,-0.548,0.447,-0.548,-0.447,57.303,-0.406,1.183,0.104,-0.564,0.427,-0.564,-0.427,-85.944,-0.406,1.183,0.011,0,0,-0.797,-0.604,-89.954,-0.497,1.157,0.011,0,0,-0.797,-0.604,0,-0.475,1.078,0.011,0,0,-0.991,0.137,FALSE,FALSE
8.866,0.275,0.958,0.12,0,0.707,0,-0.707,179.977,0.275,0.958,-0.016,-0.267,0.655,-0.267,-0.655,-45.656,-0.022,1.262,0.104,-0.548,0.447,-0.548,-0.447,57.303,-0.406,1.183,0.104,-0.564,0.427,-0.564,-0.427,-85.944,-0.406,1.183,0.011,0,0,-0.797,-0.604,-89.954,-0.497,1.157,0.011,0,0,-0.797,-0.604,0,-0.475,1.078,0.011,0,0,-0.991,0.137,FALSE,FALSE
8.972,0.275,0.958,0.12,0,0.707,0,-0.707,179.977,0.275,0.958,-0.016,-0.267,0.655,-0.267,-0.655,-45.656,-0.022,1.262,0.104,-0.548,0.447,-0.548,-0.447,57.303,-0.406,1.183,0.104,-0.564,0.427,-0.564,-0.427,-85.944,-0.406,1.183,0.011,0,0,-0.797,-0.604,-89.954,-0.497,1.157,0.011,0,0,-0.797,-0.604,0,-0.475,1.078,0.011,0,0,-0.991,0.137,FALSE,FALSE
9.079,0.275,0.958,0.12,0,0.707,0,-0.707,179.977,0.275,0.958,-0.016,-0.267,0.655,-0.267,-0.655,-45.656,-0.022,1.262,0.104,-0.548,0.447,-0.548,-0.447,57.303,-0.406,1.183,0.104,-0.564,0.427,-0.564,-0.427,-85.944,-0.406,1.183,0.011,0,0,-0.797,-0.604,-89.954,-0.497,1.157,0.011,0,0,-0.797,-0.604,0,-0.475,1.078,0.011,0,0,-0.991,0.137,FALSE,FALSE
9.187,0.275,0.958,0.12,0,0.707,0,-0.707,179.977,0.275,0.958,-0.016,-0.267,0.655,-0.267,-0.655,-45.656,-0.022,1.262,0.104,-0.548,0.447,-0.548,-0.447,57.303,-0.406,1.183,0.104,-0.564,0.427,-0.564,-0.427,-85.944,-0.406,1.183,0.011,0,0,-0.797,-0.604,-89.954,-0.497,1.157,0.011,0,0,-0.797,-0.604,0,-0.475,1.078,0.011,0,0,-0.991,0.137,FALSE,FALSE
9.294,0.275,0.958,0.12,0,0.707,0,-0.707,179.977,0.275,0.958,-0.016,-0.267,0.655,-0.267,-0.655,-45.656,-0.022,1.262,0.104,-0.548,0.447,-0.548,-0.447,57.303,-0.406,1.183,0.104,-0.564,0.427,-0.564,-0.427,-85.944,-0.406,1.183,0.011,0,0,-0.797,-0.604,-89.954,-0.497,1.157,0.011,0,0,-0.797,-0.604,0,-0.475,1.078,0.011,0,0,-0.991,0.137,FALSE,FALSE
9.401,0.275,0.958,0.12,0,0.707,0,-0.707,179.977,0.275,0.958,-0.016,-0.267,0.655,-0.267,-0.655,-45.656,-0.022,1.262,0.104,-0.548,0.447,-0.548,-0.447,57.303,-0.406,1.183,0.104,-0.564,0.427,-0.564,-0.427,-85.944,-0.406,1.183,0.011,0,0,-0.797,-0.604,-89.954,-0.497,1.157,0.011,0,0,-0.797,-0.604,0,-0.475,1.078,0.011,0,0,-0.991,0.137,FALSE,FALSE
9.507,0.275,0.958,0.12,0,0.707,0,-0.707,179.977,0.275,0.958,-0.016,-0.267,0.655,-0.267,-0.655,-45.656,-0.022,1.262,0.104,-0.548,0.447,-0.548,-0.447,57.303,-0.406,1.183,0.104,-0.564,0.427,-0.564,-0.427,-85.944,-0.406,1.183,0.011,0,0,-0.797,-0.604,-89.954,-0.497,1.157,0.011,0,0,-0.797,-0.604,0,-0.475,1.078,0.011,0,0,-0.991,0.137,FALSE,FALSE
9.614,0.275,0.958,0.12,0,0.707,0,-0.707,179.977,0.275,0.958,-0.016,-0.267,0.655,-0.267,-0.655,-45.656,-0.022,1.262,0.104,-0.548,0.447,-0.548,-0.447,57.303,-0.406,1.183,0.104,-0.564,0.427,-0.564,-0.427,-85.944,-0.406,1.183,0.011,0,0,-0.797,-0.604,-89.954,-0.497,1.157,0.011,0,0,-0.797,-0.604,0,-0.475,1.078,0.011,0,0,-0.991,0.137,FALSE,FALSE
9.721,0.275,0.958,0.12,0,0.707,0,-0.707,179.977,0.275,0.958,-0.016,-0.267,0.655,-0.267,-0.655,-45.656,-0.022,1.262,0.104,-0.548,0.447,-0.548,-0.447,57.303,-0.406,1.183,0.104,-0.564,0.427,-0.564,-0.427,-85.944,-0.406,1.183,0.011,0,0,-0.797,-0.604,-89.954,-0.497,1.157,0.011,0,0,-0.797,-0.604,0,-0.475,1.078,0.011,0,0,-0.991,0.137,FALSE,FALSE
9.821,0.275,0.958,0.12,0,0.707,0,-0.707,179.977,0.275,0.958,-0.016,-0.267,0.655,-0.267,-0.655,-45.656,-0.022,1.262,0.104,-0.548,0.447,-0.548,-0.447,57.303,-0.406,1.183,0.104,-0.564,0.427,-0.564,-0.427,-85.944,-0.406,1.183,0.011,0,0,-0.797,-0.604,-89.954,-0.497,1.157,0.011,0,0,-0.797,-0.604,0,-0.475,1.078,0.011,0,0,-0.991,0.137,FALSE,FALSE
9.93,0.275,0.958,0.12,0,0.707,0,-0.707,179.977,0.275,0.958,-0.016,-0.267,0.655,-0.267,-0.655,-45.656,-0.022,1.262,0.104,-0.548,0.447,-0.548,-0.447,57.303,-0.406,1.183,0.104,-0.564,0.427,-0.564,-0.427,-85.944,-0.406,1.183,0.011,0,0,-0.797,-0.604,-89.954,-0.497,1.157,0.011,0,0,-0.797,-0.604,0,-0.475,1.078,0.011,0,0,-0.991,0.137,FALSE,FALSE
10.034,0.275,0.958,0.12,0,0.707,0,-0.707,179.977,0.275,0.958,-0.016,-0.267,0.655,-0.267,-0.655,-45.656,-0.022,1.262,0.104,-0.548,0.447,-0.548,-0.447,57.303,-0.406,1.183,0.104,-0.564,0.427,-0.564,-0.427,-85.944,-0.406,1.183,0.011,0,0,-0.797,-0.604,-89.954,-0.497,1.157,0.011,0,0,-0.797,-0.604,0,-0.475,1.078,0.011,0,0,-0.991,0.137,FALSE,FALSE
10.134,0.275,0.958,0.12,0,0.707,0,-0.707,179.977,0.275,0.958,-0.016,-0.267,0.655,-0.267,-0.655,-45.656,-0.022,1.262,0.104,-0.548,0.447,-0.548,-0.447,57.303,-0.406,1.183,0.104,-0.564,0.427,-0.564,-0.427,-85.944,-0.406,1.183,0.011,0,0,-0.797,-0.604,-89.954,-0.497,1.157,0.011,0,0,-0.797,-0.604,0,-0.475,1.078,0.011,0,0,-0.991,0.137,FALSE,FALSE
10.242,0.275,0.958,0.12,0,0.707,0,-0.707,179.977,0.275,0.958,-0.016,-0.267,0.655,-0.267,-0.655,-45.656,-0.022,1.262,0.104,-0.548,0.447,-0.548,-0.447,57.303,-0.406,1.183,0.104,-0.564,0.427,-0.564,-0.427,-85.944,-0.406,1.183,0.011,0,0,-0.797,-0.604,-89.954,-0.497,1.157,0.011,0,0,-0.797,-0.604,0,-0.475,1.078,0.011,0,0,-0.991,0.137,FALSE,FALSE
10.348,0.275,0.958,0.12,0,0.707,0,-0.707,179.977,0.275,0.958,-0.016,-0.267,0.655,-0.267,-0.655,-45.656,-0.022,1.262,0.104,-0.548,0.447,-0.548,-0.447,57.303,-0.406,1.183,0.104,-0.564,0.427,-0.564,-0.427,-85.944,-0.406,1.183,0.011,0,0,-0.797,-0.604,-89.954,-0.497,1.157,0.011,0,0,-0.797,-0.604,0,-0.475,1.078,0.011,0,0,-0.991,0.137,FALSE,FALSE
10.455,0.275,0.958,0.12,0,0.707,0,-0.707,179.977,0.275,0.958,-0.016,-0.267,0.655,-0.267,-0.655,-45.656,-0.022,1.262,0.104,-0.548,0.447,-0.548,-0.447,57.303,-0.406,1.183,0.104,-0.564,0.427,-0.564,-0.427,-85.944,-0.406,1.183,0.011,0,0,-0.797,-0.604,-89.954,-0.497,1.157,0.011,0,0,-0.797,-0.604,0,-0.475,1.078,0.011,0,0,-0.991,0.137,FALSE,FALSE
10.561,0.275,0.958,0.12,0,0.707,0,-0.707,179.977,0.275,0.958,-0.016,-0.267,0.655,-0.267,-0.655,-45.656,-0.022,1.262,0.104,-0.548,0.447,-0.548,-0.447,57.303,-0.406,1.183,0.104,-0.564,0.427,-0.564,-0.427,-85.944,-0.406,1.183,0.011,0,0,-0.797,-0.604,-89.954,-0.497,1.157,0.011,0,0,-0.797,-0.604,0,-0.475,1.078,0.011,0,0,-0.991,0.137,FALSE,FALSE
10.667,0.275,0.958,0.12,0,0.707,0,-0.707,179.977,0.275,0.958,-0.016,-0.267,0.655,-0.267,-0.655,-45.656,-0.022,1.262,0.104,-0.548,0.447,-0.548,-0.447,57.303,-0.406,1.183,0.104,-0.564,0.427,-0.564,-0.427,-85.944,-0.406,1.183,0.011,0,0,-0.797,-0.604,-89.954,-0.497,1.157,0.011,0,0,-0.797,-0.604,0,-0.475,1.078,0.011,0,0,-0.991,0.137,FALSE,FALSE
10.775,0.275,0.958,0.12,0,0.707,0,-0.707,179.977,0.275,0.958,-0.016,-0.267,0.655,-0.267,-0.655,-45.656,-0.022,1.262,0.104,-0.548,0.447,-0.548,-0.447,57.303,-0.406,1.183,0.104,-0.564,0.427,-0.564,-0.427,-85.944,-0.406,1.183,0.011,0,0,-0.797,-0.604,-89.954,-0.497,1.157,0.011,0,0,-0.797,-0.604,0,-0.475,1.078,0.011,0,0,-0.991,0.137,FALSE,FALSE
10.881,0.275,0.958,0.12,0,0.707,0,-0.707,179.977,0.275,0.958,-0.016,-0.267,0.655,-0.267,-0.655,-45.656,-0.022,1.262,0.104,-0.548,0.447,-0.548,-0.447,57.303,-0.406,1.183,0.104,-0.564,0.427,-0.564,-0.427,-85.944,-0.406,1.183,0.011,0,0,-0.797,-0.604,-89.954,-0.497,1.157,0.011,0,0,-0.797,-0.604,0,-0.475,1.078,0.011,0,0,-0.991,0.137,FALSE,FALSE
10.988,0.275,0.958,0.12,0,0.707,0,-0.707,179.977,0.275,0.958,-0.016,-0.267,0.655,-0.267,-0.655,-45.656,-0.022,1.262,0.104,-0.548,0.447,-0.548,-0.447,57.303,-0.406,1.183,0.104,-0.564,0.427,-0.564,-0.427,-85.944,-0.406,1.183,0.011,0,0,-0.797,-0.604,-89.954,-0.497,1.157,0.011,0,0,-0.797,-0.604,0,-0.475,1.078,0.011,0,0,-0.991,0.137,FALSE,FALSE
11.096,0.275,0.958,0.12,0,0.707,0,-0.707,179.977,0.275,0.958,-0.016,-0.267,0.655,-0.267,-0.655,-45.656,-0.022,1.262,0.104,-0.548,0.447,-0.548,-0.447,57.303,-0.406,1.183,0.104,-0.564,0.427,-0.564,-0.427,-85.944,-0.406,1.183,0.011,0,0,-0.797,-0.604,-89.954,-0.497,1.157,0.011,0,0,-0.797,-0.604,0,-0.475,1.078,0.011,0,0,-0.991,0.137,FALSE,FALSE
11.204,0.275,0.958,0.12,0,0.707,0,-0.707,179.977,0.275,0.958,-0.016,-0.267,0.655,-0.267,-0.655,-45.656,-0.022,1.262,0.104,-0.548,0.447,-0.548,-0.447,57.303,-0.406,1.183,0.104,-0.564,0.427,-0.564,-0.427,-85.944,-0.406,1.183,0.011,0,0,-0.797,-0.604,-89.954,-0.497,1.157,0.011,0,0,-0.797,-0.604,0,-0.475,1.078,0.011,0,0,-0.991,0.137,FALSE,FALSE
11.313,0.275,0.958,0.12,0,0.707,0,-0.707,179.977,0.275,0.958,-0.016,-0.267,0.655,-0.267,-0.655,-45.656,-0.022,1.262,0.104,-0.548,0.447,-0.548,-0.447,57.303,-0.406,1.183,0.104,-0.564,0.427,-0.564,-0.427,-85.944,-0.406,1.183,0.011,0,0,-0.797,-0.604,-89.954,-0.497,1.157,0.011,0,0,-0.797,-0.604,0,-0.475,1.078,0.011,0,0,-0.991,0.137,FALSE,FALSE
11.413,0.275,0.958,0.12,0,0.707,0,-0.707,179.977,0.275,0.958,-0.016,-0.267,0.655,-0.267,-0.655,-45.656,-0.022,1.262,0.104,-0.548,0.447,-0.548,-0.447,57.303,-0.406,1.183,0.104,-0.564,0.427,-0.564,-0.427,-85.944,-0.406,1.183,0.011,0,0,-0.797,-0.604,-89.954,-0.497,1.157,0.011,0,0,-0.797,-0.604,0,-0.475,1.078,0.011,0,0,-0.991,0.137,FALSE,FALSE
11.521,0.275,0.958,0.12,0,0.707,0,-0.707,179.977,0.275,0.958,-0.016,-0.267,0.655,-0.267,-0.655,-45.656,-0.022,1.262,0.104,-0.548,0.447,-0.548,-0.447,57.303,-0.406,1.183,0.104,-0.564,0.427,-0.564,-0.427,-85.944,-0.406,1.183,0.011,0,0,-0.797,-0.604,-89.954,-0.497,1.157,0.011,0,0,-0.797,-0.604,0,-0.475,1.078,0.011,0,0,-0.991,0.137,FALSE,FALSE
11.629,0.275,0.958,0.12,0,0.707,0,-0.707,179.977,0.275,0.958,-0.016,-0.267,0.655,-0.267,-0.655,-45.656,-0.022,1.262,0.104,-0.548,0.447,-0.548,-0.447,57.303,-0.406,1.183,0.104,-0.564,0.427,-0.564,-0.427,-85.944,-0.406,1.183,0.011,0,0,-0.797,-0.604,-89.954,-0.497,1.157,0.011,0,0,-0.797,-0.604,0,-0.475,1.078,0.011,0,0,-0.991,0.137,FALSE,FALSE
11.735,0.275,0.958,0.12,0,0.707,0,-0.707,179.977,0.275,0.958,-0.016,-0.267,0.655,-0.267,-0.655,-45.656,-0.022,1.262,0.104,-0.548,0.447,-0.548,-0.447,57.303,-0.406,1.183,0.104,-0.564,0.427,-0.564,-0.427,-85.944,-0.406,1.183,0.011,0,0,-0.797,-0.604,-89.954,-0.497,1.157,0.011,0,0,-0.797,-0.604,0,-0.475,1.078,0.011,0,0,-0.991,0.137,FALSE,FALSE
11.842,0.275,0.958,0.12,0,0.707,0,-0.707,179.977,0.275,0.958,-0.016,-0.267,0.655,-0.267,-0.655,-45.656,-0.022,1.262,0.104,-0.548,0.447,-0.548,-0.447,57.303,-0.406,1.183,0.104,-0.564,0.427,-0.564,-0.427,-85.944,-0.406,1.183,0.011,0,0,-0.797,-0.604,-89.954,-0.497,1.157,0.011,0,0,-0.797,-0.604,0,-0.475,1.078,0.011,0,0,-0.991,0.137,FALSE,FALSE
11.95,0.275,0.958,0.12,0,0.707,0,-0.707,179.977,0.275,0.958,-0.016,-0.267,0.655,-0.267,-0.655,-45.656,-0.022,1.262,0.104,-0.548,0.447,-0.548,-0.447,57.303,-0.406,1.183,0.104,-0.564,0.427,-0.564,-0.427,-85.944,-0.406,1.183,0.011,0,0,-0.797,-0.604,-89.954,-0.497,1.157,0.011,0,0,-0.797,-0.604,0,-0.475,1.078,0.011,0,0,-0.991,0.137,FALSE,FALSE
12.054,0.275,0.958,0.12,0,0.707,0,-0.707,179.977,0.275,0.958,-0.016,-0.267,0.655,-0.267,-0.655,-45.656,-0.022,1.262,0.104,-0.548,0.447,-0.548,-0.447,57.303,-0.406,1.183,0.104,-0.564,0.427,-0.564,-0.427,-85.944,-0.406,1.183,0.011,0,0,-0.797,-0.604,-89.954,-0.497,1.157,0.011,0,0,-0.797,-0.604,0,-0.475,1.078,0.011,0,0,-0.991,0.137,FALSE,FALSE
12.161,0.275,0.958,0.12,0,0.707,0,-0.707,179.977,0.275,0.958,-0.016,-0.267,0.655,-0.267,-0.655,-45.656,-0.022,1.262,0.104,-0.548,0.447,-0.548,-0.447,57.303,-0.406,1.183,0.104,-0.564,0.427,-0.564,-0.427,-85.944,-0.406,1.183,0.011,0,0,-0.797,-0.604,-89.954,-0.497,1.157,0.011,0,0,-0.797,-0.604,0,-0.475,1.078,0.011,0,0,-0.991,0.137,FALSE,FALSE
12.266,0.275,0.958,0.12,0,0.707,0,-0.707,179.977,0.275,0.958,-0.016,-0.267,0.655,-0.267,-0.655,-45.656,-0.022,1.262,0.104,-0.548,0.447,-0.548,-0.447,57.303,-0.406,1.183,0.104,-0.564,0.427,-0.564,-0.427,-85.944,-0.406,1.183,0.011,0,0,-0.797,-0.604,-89.954,-0.497,1.157,0.011,0,0,-0.797,-0.604,0,-0.475,1.078,0.011,0,0,-0.991,0.137,FALSE,FALSE
12.37,0.275,0.958,0.12,0,0.707,0,-0.707,179.977,0.275,0.958,-0.016,-0.267,0.655,-0.267,-0.655,-45.656,-0.022,1.262,0.104,-0.548,0.447,-0.548,-0.447,57.303,-0.406,1.183,0.104,-0.564,0.427,-0.564,-0.427,-85.944,-0.406,1.183,0.011,0,0,-0.797,-0.604,-89.954,-0.497,1.157,0.011,0,0,-0.797,-0.604,0,-0.475,1.078,0.011,0,0,-0.991,0.137,FALSE,FALSE
12.477,0.275,0.958,0.12,0,0.707,0,-0.707,179.977,0.275,0.958,-0.016,-0.267,0.655,-0.267,-0.655,-45.656,-0.022,1.262,0.104,-0.548,0.447,-0.548,-0.447,57.303,-0.406,1.183,0.104,-0.564,0.427,-0.564,-0.427,-85.944,-0.406,1.183,0.011,0,0,-0.797,-0.604,-89.954,-0.497,1.157,0.011,0,0,-0.797,-0.604,0,-0.475,1.078,0.011,0,0,-0.991,0.137,FALSE,FALSE
12.582,0.275,0.958,0.12,0,0.707,0,-0.707,179.977,0.275,0.958,-0.016,-0.267,0.655,-0.267,-0.655,-45.656,-0.022,1.262,0.104,-0.548,0.447,-0.548,-0.447,57.303,-0.406,1.183,0.104,-0.564,0.427,-0.564,-0.427,-85.944,-0.406,1.183,0.011,0,0,-0.797,-0.604,-89.954,-0.497,1.157,0.011,0,0,-0.797,-0.604,0,-0.475,1.078,0.011,0,0,-0.991,0.137,FALSE,FALSE
12.683,0.275,0.958,0.12,0,0.707,0,-0.707,179.977,0.275,0.958,-0.016,-0.267,0.655,-0.267,-0.655,-45.656,-0.022,1.262,0.104,-0.548,0.447,-0.548,-0.447,57.303,-0.406,1.183,0.104,-0.564,0.427,-0.564,-0.427,-85.944,-0.406,1.183,0.011,0,0,-0.797,-0.604,-89.954,-0.497,1.157,0.011,0,0,-0.797,-0.604,0,-0.475,1.078,0.011,0,0,-0.991,0.137,FALSE,FALSE
12.784,0.275,0.958,0.12,0,0.707,0,-0.707,179.977,0.275,0.958,-0.016,-0.267,0.655,-0.267,-0.655,-45.656,-0.022,1.262,0.104,-0.548,0.447,-0.548,-0.447,57.303,-0.406,1.183,0.104,-0.564,0.427,-0.564,-0.427,-85.944,-0.406,1.183,0.011,0,0,-0.797,-0.604,-89.954,-0.497,1.157,0.011,0,0,-0.797,-0.604,0,-0.475,1.078,0.011,0,0,-0.991,0.137,FALSE,FALSE
12.892,0.275,0.958,0.12,0,0.707,0,-0.707,179.977,0.275,0.958,-0.016,-0.267,0.655,-0.267,-0.655,-45.656,-0.022,1.262,0.104,-0.548,0.447,-0.548,-0.447,57.303,-0.406,1.183,0.104,-0.564,0.427,-0.564,-0.427,-85.944,-0.406,1.183,0.011,0,0,-0.797,-0.604,-89.954,-0.497,1.157,0.011,0,0,-0.797,-0.604,0,-0.475,1.078,0.011,0,0,-0.991,0.137,FALSE,FALSE
13,0.275,0.958,0.12,0,0.707,0,-0.707,179.977,0.275,0.958,-0.016,-0.267,0.655,-0.267,-0.655,-45.656,-0.022,1.262,0.104,-0.548,0.447,-0.548,-0.447,57.303,-0.406,1.183,0.104,-0.564,0.427,-0.564,-0.427,-85.944,-0.406,1.183,0.011,0,0,-0.797,-0.604,-89.954,-0.497,1.157,0.011,0,0,-0.797,-0.604,0,-0.475,1.078,0.011,0,0,-0.991,0.137,FALSE,FALSE
13.105,0.275,0.958,0.12,0,0.707,0,-0.707,179.977,0.275,0.958,-0.016,-0.267,0.655,-0.267,-0.655,-45.656,-0.022,1.262,0.104,-0.548,0.447,-0.548,-0.447,57.303,-0.406,1.183,0.104,-0.564,0.427,-0.564,-0.427,-85.944,-0.406,1.183,0.011,0,0,-0.797,-0.604,-89.954,-0.497,1.157,0.011,0,0,-0.797,-0.604,0,-0.475,1.078,0.011,0,0,-0.991,0.137,FALSE,FALSE
13.209,0.275,0.958,0.12,0,0.707,0,-0.707,179.977,0.275,0.958,-0.016,-0.267,0.655,-0.267,-0.655,-45.656,-0.022,1.262,0.104,-0.548,0.447,-0.548,-0.447,57.303,-0.406,1.183,0.104,-0.564,0.427,-0.564,-0.427,-85.944,-0.406,1.183,0.011,0,0,-0.797,-0.604,-89.954,-0.497,1.157,0.011,0,0,-0.797,-0.604,0,-0.475,1.078,0.011,0,0,-0.991,0.137,FALSE,FALSE
13.317,0.275,0.958,0.12,0,0.707,0,-0.707,179.977,0.275,0.958,-0.016,-0.267,0.655,-0.267,-0.655,-45.656,-0.022,1.262,0.104,-0.548,0.447,-0.548,-0.447,57.303,-0.406,1.183,0.104,-0.564,0.427,-0.564,-0.427,-85.944,-0.406,1.183,0.011,0,0,-0.797,-0.604,-89.954,-0.497,1.157,0.011,0,0,-0.797,-0.604,0,-0.475,1.078,0.011,0,0,-0.991,0.137,FALSE,FALSE
13.424,0.275,0.958,0.12,0,0.707,0,-0.707,179.977,0.275,0.958,-0.016,-0.267,0.655,-0.267,-0.655,-45.656,-0.022,1.262,0.104,-0.548,0.447,-0.548,-0.447,57.303,-0.406,1.183,0.104,-0.564,0.427,-0.564,-0.427,-85.944,-0.406,1.183,0.011,0,0,-0.797,-0.604,-89.954,-0.497,1.157,0.011,0,0,-0.797,-0.604,0,-0.475,1.078,0.011,0,0,-0.991,0.137,FALSE,FALSE
13.53,0.275,0.958,0.12,0,0.707,0,-0.707,179.977,0.275,0.958,-0.016,-0.267,0.655,-0.267,-0.655,-45.656,-0.022,1.262,0.104,-0.548,0.447,-0.548,-0.447,57.303,-0.406,1.183,0.104,-0.564,0.427,-0.564,-0.427,-85.944,-0.406,1.183,0.011,0,0,-0.797,-0.604,-89.954,-0.497,1.157,0.011,0,0,-0.797,-0.604,0,-0.475,1.078,0.011,0,0,-0.991,0.137,FALSE,FALSE
13.635,0.275,0.958,0.12,0,0.707,0,-0.707,179.977,0.275,0.958,-0.016,-0.267,0.655,-0.267,-0.655,-45.656,-0.022,1.262,0.104,-0.548,0.447,-0.548,-0.447,57.303,-0.406,1.183,0.104,-0.564,0.427,-0.564,-0.427,-85.944,-0.406,1.183,0.011,0,0,-0.797,-0.604,-89.954,-0.497,1.157,0.011,0,0,-0.797,-0.604,0,-0.475,1.078,0.011,0,0,-0.991,0.137,FALSE,FALSE
13.742,0.275,0.958,0.12,0,0.707,0,-0.707,179.977,0.275,0.958,-0.016,-0.267,0.655,-0.267,-0.655,-45.656,-0.022,1.262,0.104,-0.548,0.447,-0.548,-0.447,57.303,-0.406,1.183,0.104,-0.564,0.427,-0.564,-0.427,-85.944,-0.406,1.183,0.011,0,0,-0.797,-0.604,-89.954,-0.497,1.157,0.011,0,0,-0.797,-0.604,0,-0.475,1.078,0.011,0,0,-0.991,0.137,FALSE,FALSE
13.847,0.275,0.958,0.12,0,0.707,0,-0.707,179.977,0.275,0.958,-0.016,-0.267,0.655,-0.267,-0.655,-45.656,-0.022,1.262,0.104,-0.548,0.447,-0.548,-0.447,57.303,-0.406,1.183,0.104,-0.564,0.427,-0.564,-0.427,-85.944,-0.406,1.183,0.011,0,0,-0.797,-0.604,-89.954,-0.497,1.157,0.011,0,0,-0.797,-0.604,0,-0.475,1.078,0.011,0,0,-0.991,0.137,FALSE,FALSE
13.949,0.275,0.958,0.12,0,0.707,0,-0.707,179.977,0.275,0.958,-0.016,-0.267,0.655,-0.267,-0.655,-45.656,-0.022,1.262,0.104,-0.548,0.447,-0.548,-0.447,57.303,-0.406,1.183,0.104,-0.564,0.427,-0.564,-0.427,-85.944,-0.406,1.183,0.011,0,0,-0.797,-0.604,-89.954,-0.497,1.157,0.011,0,0,-0.797,-0.604,0,-0.475,1.078,0.011,0,0,-0.991,0.137,FALSE,FALSE
14.056,0.275,0.958,0.12,0,0.707,0,-0.707,179.977,0.275,0.958,-0.016,-0.267,0.655,-0.267,-0.655,-45.656,-0.022,1.262,0.104,-0.548,0.447,-0.548,-0.447,57.303,-0.406,1.183,0.104,-0.564,0.427,-0.564,-0.427,-85.944,-0.406,1.183,0.011,0,0,-0.797,-0.604,-89.954,-0.497,1.157,0.011,0,0,-0.797,-0.604,0,-0.475,1.078,0.011,0,0,-0.991,0.137,FALSE,FALSE
14.165,0.275,0.958,0.12,0,0.707,0,-0.707,179.977,0.275,0.958,-0.016,-0.267,0.655,-0.267,-0.655,-45.656,-0.022,1.262,0.104,-0.548,0.447,-0.548,-0.447,57.303,-0.406,1.183,0.104,-0.564,0.427,-0.564,-0.427,-85.944,-0.406,1.183,0.011,0,0,-0.797,-0.604,-89.954,-0.497,1.157,0.011,0,0,-0.797,-0.604,0,-0.475,1.078,0.011,0,0,-0.991,0.137,FALSE,FALSE
14.273,0.275,0.958,0.12,0,0.707,0,-0.707,179.977,0.275,0.958,-0.016,-0.267,0.655,-0.267,-0.655,-45.656,-0.022,1.262,0.104,-0.548,0.447,-0.548,-0.447,57.303,-0.406,1.183,0.104,-0.564,0.427,-0.564,-0.427,-85.944,-0.406,1.183,0.011,0,0,-0.797,-0.604,-89.954,-0.497,1.157,0.011,0,0,-0.797,-0.604,0,-0.475,1.078,0.011,0,0,-0.991,0.137,FALSE,FALSE
14.38,0.275,0.958,0.12,0,0.707,0,-0.707,179.977,0.275,0.958,-0.016,-0.267,0.655,-0.267,-0.655,-45.656,-0.022,1.262,0.104,-0.548,0.447,-0.548,-0.447,57.303,-0.406,1.183,0.104,-0.564,0.427,-0.564,-0.427,-85.944,-0.406,1.183,0.011,0,0,-0.797,-0.604,-89.954,-0.497,1.157,0.011,0,0,-0.797,-0.604,0,-0.475,1.078,0.011,0,0,-0.991,0.137,FALSE,FALSE
14.486,0.275,0.958,0.12,0,0.707,0,-0.707,179.977,0.275,0.958,-0.016,-0.267,0.655,-0.267,-0.655,-45.656,-0.022,1.262,0.104,-0.548,0.447,-0.548,-0.447,57.303,-0.406,1.183,0.104,-0.564,0.427,-0.564,-0.427,-85.944,-0.406,1.183,0.011,0,0,-0.797,-0.604,-89.954,-0.497,1.157,0.011,0,0,-0.797,-0.604,0,-0.475,1.078,0.011,0,0,-0.991,0.137,FALSE,FALSE
14.594,0.275,0.958,0.12,0,0.707,0,-0.707,179.977,0.275,0.958,-0.016,-0.267,0.655,-0.267,-0.655,-45.656,-0.022,1.262,0.104,-0.548,0.447,-0.548,-0.447,57.303,-0.406,1.183,0.104,-0.564,0.427,-0.564,-0.427,-85.944,-0.406,1.183,0.011,0,0,-0.797,-0.604,-89.954,-0.497,1.157,0.011,0,0,-0.797,-0.604,0,-0.475,1.078,0.011,0,0,-0.991,0.137,FALSE,FALSE
14.698,0.275,0.958,0.12,0,0.707,0,-0.707,179.977,0.275,0.958,-0.016,-0.267,0.655,-0.267,-0.655,-45.656,-0.022,1.262,0.104,-0.548,0.447,-0.548,-0.447,57.303,-0.406,1.183,0.104,-0.564,0.427,-0.564,-0.427,-85.944,-0.406,1.183,0.011,0,0,-0.797,-0.604,-89.954,-0.497,1.157,0.011,0,0,-0.797,-0.604,0,-0.475,1.078,0.011,0,0,-0.991,0.137,FALSE,FALSE
14.803,0.275,0.958,0.12,0,0.707,0,-0.707,179.977,0.275,0.958,-0.016,-0.267,0.655,-0.267,-0.655,-45.656,-0.022,1.262,0.104,-0.548,0.447,-0.548,-0.447,57.303,-0.406,1.183,0.104,-0.564,0.427,-0.564,-0.427,-85.944,-0.406,1.183,0.011,0,0,-0.797,-0.604,-89.954,-0.497,1.157,0.011,0,0,-0.797,-0.604,0,-0.475,1.078,0.011,0,0,-0.991,0.137,FALSE,FALSE
14.907,0.275,0.958,0.12,0,0.707,0,-0.707,179.977,0.275,0.958,-0.016,-0.267,0.655,-0.267,-0.655,-45.656,-0.022,1.262,0.104,-0.548,0.447,-0.548,-0.447,57.303,-0.406,1.183,0.104,-0.564,0.427,-0.564,-0.427,-85.944,-0.406,1.183,0.011,0,0,-0.797,-0.604,-89.954,-0.497,1.157,0.011,0,0,-0.797,-0.604,0,-0.475,1.078,0.011,0,0,-0.991,0.137,FALSE,FALSE
15.014,0.275,0.958,0.12,0,0.707,0,-0.707,179.977,0.275,0.958,-0.016,-0.267,0.655,-0.267,-0.655,-45.656,-0.022,1.262,0.104,-0.548,0.447,-0.548,-0.447,57.303,-0.406,1.183,0.104,-0.564,0.427,-0.564,-0.427,-85.944,-0.406,1.183,0.011,0,0,-0.797,-0.604,-89.954,-0.497,1.157,0.011,0,0,-0.797,-0.604,0,-0.475,1.078,0.011,0,0,-0.991,0.137,FALSE,FALSE
15.117,0.275,0.958,0.12,0,0.707,0,-0.707,179.977,0.275,0.958,-0.016,-0.267,0.655,-0.267,-0.655,-45.656,-0.022,1.262,0.104,-0.548,0.447,-0.548,-0.447,57.303,-0.406,1.183,0.104,-0.564,0.427,-0.564,-0.427,-85.944,-0.406,1.183,0.011,0,0,-0.797,-0.604,-89.954,-0.497,1.157,0.011,0,0,-0.797,-0.604,0,-0.475,1.078,0.011,0,0,-0.991,0.137,FALSE,FALSE
15.219,0.275,0.958,0.12,0,0.707,0,-0.707,179.977,0.275,0.958,-0.016,-0.267,0.655,-0.267,-0.655,-45.656,-0.022,1.262,0.104,-0.548,0.447,-0.548,-0.447,57.303,-0.406,1.183,0.104,-0.564,0.427,-0.564,-0.427,-85.944,-0.406,1.183,0.011,0,0,-0.797,-0.604,-89.954,-0.497,1.157,0.011,0,0,-0.797,-0.604,0,-0.475,1.078,0.011,0,0,-0.991,0.137,FALSE,FALSE
15.323,0.275,0.958,0.12,0,0.707,0,-0.707,179.977,0.275,0.958,-0.016,-0.267,0.655,-0.267,-0.655,-45.656,-0.022,1.262,0.104,-0.548,0.447,-0.548,-0.447,57.303,-0.406,1.183,0.104,-0.564,0.427,-0.564,-0.427,-85.944,-0.406,1.183,0.011,0,0,-0.797,-0.604,-89.954,-0.497,1.157,0.011,0,0,-0.797,-0.604,0,-0.475,1.078,0.011,0,0,-0.991,0.137,FALSE,FALSE
15.425,0.275,0.958,0.12,0,0.707,0,-0.707,179.977,0.275,0.958,-0.016,-0.267,0.655,-0.267,-0.655,-45.656,-0.022,1.262,0.104,-0.548,0.447,-0.548,-0.447,57.303,-0.406,1.183,0.104,-0.564,0.427,-0.564,-0.427,-85.944,-0.406,1.183,0.011,0,0,-0.797,-0.604,-89.954,-0.497,1.157,0.011,0,0,-0.797,-0.604,0,-0.475,1.078,0.011,0,0,-0.991,0.137,FALSE,FALSE
15.533,0.275,0.958,0.12,0,0.707,0,-0.707,179.977,0.275,0.958,-0.016,-0.267,0.655,-0.267,-0.655,-45.656,-0.022,1.262,0.104,-0.548,0.447,-0.548,-0.447,57.303,-0.406,1.183,0.104,-0.564,0.427,-0.564,-0.427,-85.944,-0.406,1.183,0.011,0,0,-0.797,-0.604,-89.954,-0.497,1.157,0.011,0,0,-0.797,-0.604,0,-0.475,1.078,0.011,0,0,-0.991,0.137,FALSE,FALSE
15.641,0.275,0.958,0.12,0,0.707,0,-0.707,179.977,0.275,0.958,-0.016,-0.267,0.655,-0.267,-0.655,-45.656,-0.022,1.262,0.104,-0.548,0.447,-0.548,-0.447,57.303,-0.406,1.183,0.104,-0.564,0.427,-0.564,-0.427,-85.944,-0.406,1.183,0.011,0,0,-0.797,-0.604,-89.954,-0.497,1.157,0.011,0,0,-0.797,-0.604,0,-0.475,1.078,0.011,0,0,-0.991,0.137,FALSE,FALSE
15.747,0.275,0.958,0.12,0,0.707,0,-0.707,179.977,0.275,0.958,-0.016,-0.267,0.655,-0.267,-0.655,-45.656,-0.022,1.262,0.104,-0.548,0.447,-0.548,-0.447,57.303,-0.406,1.183,0.104,-0.564,0.427,-0.564,-0.427,-85.944,-0.406,1.183,0.011,0,0,-0.797,-0.604,-89.954,-0.497,1.157,0.011,0,0,-0.797,-0.604,0,-0.475,1.078,0.011,0,0,-0.991,0.137,FALSE,FALSE
15.852,0.275,0.958,0.12,0,0.707,0,-0.707,179.977,0.275,0.958,-0.016,-0.267,0.655,-0.267,-0.655,-45.656,-0.022,1.262,0.104,-0.548,0.447,-0.548,-0.447,57.303,-0.406,1.183,0.104,-0.564,0.427,-0.564,-0.427,-85.944,-0.406,1.183,0.011,0,0,-0.797,-0.604,-89.954,-0.497,1.157,0.011,0,0,-0.797,-0.604,0,-0.475,1.078,0.011,0,0,-0.991,0.137,FALSE,FALSE
15.956,0.275,0.958,0.12,0,0.707,0,-0.707,179.977,0.275,0.958,-0.016,-0.267,0.655,-0.267,-0.655,-45.656,-0.022,1.262,0.104,-0.548,0.447,-0.548,-0.447,57.303,-0.406,1.183,0.104,-0.564,0.427,-0.564,-0.427,-85.944,-0.406,1.183,0.011,0,0,-0.797,-0.604,-89.954,-0.497,1.157,0.011,0,0,-0.797,-0.604,0,-0.475,1.078,0.011,0,0,-0.991,0.137,FALSE,FALSE
16.057,0.275,0.958,0.12,0,0.707,0,-0.707,179.977,0.275,0.958,-0.016,-0.267,0.655,-0.267,-0.655,-45.656,-0.022,1.262,0.104,-0.548,0.447,-0.548,-0.447,57.303,-0.406,1.183,0.104,-0.564,0.427,-0.564,-0.427,-85.944,-0.406,1.183,0.011,0,0,-0.797,-0.604,-89.954,-0.497,1.157,0.011,0,0,-0.797,-0.604,0,-0.475,1.078,0.011,0,0,-0.991,0.137,FALSE,FALSE
16.157,0.275,0.958,0.12,0,0.707,0,-0.707,179.977,0.275,0.958,-0.016,-0.267,0.655,-0.267,-0.655,-45.656,-0.022,1.262,0.104,-0.548,0.447,-0.548,-0.447,57.303,-0.406,1.183,0.104,-0.564,0.427,-0.564,-0.427,-85.944,-0.406,1.183,0.011,0,0,-0.797,-0.604,-89.954,-0.497,1.157,0.011,0,0,-0.797,-0.604,0,-0.475,1.078,0.011,0,0,-0.991,0.137,FALSE,FALSE
16.262,0.275,0.958,0.12,0,0.707,0,-0.707,179.977,0.275,0.958,-0.016,-0.267,0.655,-0.267,-0.655,-45.656,-0.022,1.262,0.104,-0.548,0.447,-0.548,-0.447,57.303,-0.406,1.183,0.104,-0.564,0.427,-0.564,-0.427,-85.944,-0.406,1.183,0.011,0,0,-0.797,-0.604,-89.954,-0.497,1.157,0.011,0,0,-0.797,-0.604,0,-0.475,1.078,0.011,0,0,-0.991,0.137,FALSE,FALSE
16.369,0.275,0.958,0.12,0,0.707,0,-0.707,179.977,0.275,0.958,-0.016,-0.267,0.655,-0.267,-0.655,-45.656,-0.022,1.262,0.104,-0.548,0.447,-0.548,-0.447,57.303,-0.406,1.183,0.104,-0.564,0.427,-0.564,-0.427,-85.944,-0.406,1.183,0.011,0,0,-0.797,-0.604,-89.954,-0.497,1.157,0.011,0,0,-0.797,-0.604,0,-0.475,1.078,0.011,0,0,-0.991,0.137,FALSE,FALSE
16.477,0.275,0.958,0.12,0,0.707,0,-0.707,179.977,0.275,0.958,-0.016,-0.267,0.655,-0.267,-0.655,-45.656,-0.022,1.262,0.104,-0.548,0.447,-0.548,-0.447,57.303,-0.406,1.183,0.104,-0.564,0.427,-0.564,-0.427,-85.944,-0.406,1.183,0.011,0,0,-0.797,-0.604,-89.954,-0.497,1.157,0.011,0,0,-0.797,-0.604,0,-0.475,1.078,0.011,0,0,-0.991,0.137,FALSE,FALSE
16.583,0.275,0.958,0.12,0,0.707,0,-0.707,179.977,0.275,0.958,-0.016,-0.267,0.655,-0.267,-0.655,-45.656,-0.022,1.262,0.104,-0.548,0.447,-0.548,-0.447,57.303,-0.406,1.183,0.104,-0.564,0.427,-0.564,-0.427,-85.944,-0.406,1.183,0.011,0,0,-0.797,-0.604,-89.954,-0.497,1.157,0.011,0,0,-0.797,-0.604,0,-0.475,1.078,0.011,0,0,-0.991,0.137,FALSE,FALSE
16.691,0.275,0.958,0.12,0,0.707,0,-0.707,179.977,0.275,0.958,-0.016,-0.267,0.655,-0.267,-0.655,-45.656,-0.022,1.262,0.104,-0.548,0.447,-0.548,-0.447,57.303,-0.406,1.183,0.104,-0.564,0.427,-0.564,-0.427,-85.944,-0.406,1.183,0.011,0,0,-0.797,-0.604,-89.954,-0.497,1.157,0.011,0,0,-0.797,-0.604,0,-0.475,1.078,0.011,0,0,-0.991,0.137,FALSE,FALSE
16.796,0.275,0.958,0.12,0,0.707,0,-0.707,179.977,0.275,0.958,-0.016,-0.267,0.655,-0.267,-0.655,-45.656,-0.022,1.262,0.104,-0.548,0.447,-0.548,-0.447,57.303,-0.406,1.183,0.104,-0.564,0.427,-0.564,-0.427,-85.944,-0.406,1.183,0.011,0,0,-0.797,-0.604,-89.954,-0.497,1.157,0.011,0,0,-0.797,-0.604,0,-0.475,1.078,0.011,0,0,-0.991,0.137,FALSE,FALSE
16.901,0.275,0.958,0.12,0,0.707,0,-0.707,179.977,0.275,0.958,-0.016,-0.267,0.655,-0.267,-0.655,-45.656,-0.022,1.262,0.104,-0.548,0.447,-0.548,-0.447,57.303,-0.406,1.183,0.104,-0.564,0.427,-0.564,-0.427,-85.944,-0.406,1.183,0.011,0,0,-0.797,-0.604,-89.954,-0.497,1.157,0.011,0,0,-0.797,-0.604,0,-0.475,1.078,0.011,0,0,-0.991,0.137,FALSE,FALSE
17.006,0.275,0.958,0.12,0,0.707,0,-0.707,179.977,0.275,0.958,-0.016,-0.267,0.655,-0.267,-0.655,-45.656,-0.022,1.262,0.104,-0.548,0.447,-0.548,-0.447,57.303,-0.406,1.183,0.104,-0.564,0.427,-0.564,-0.427,-85.944,-0.406,1.183,0.011,0,0,-0.797,-0.604,-89.954,-0.497,1.157,0.011,0,0,-0.797,-0.604,0,-0.475,1.078,0.011,0,0,-0.991,0.137,FALSE,FALSE
17.114,0.275,0.958,0.12,0,0.707,0,-0.707,179.977,0.275,0.958,-0.016,-0.267,0.655,-0.267,-0.655,-45.656,-0.022,1.262,0.104,-0.548,0.447,-0.548,-0.447,57.303,-0.406,1.183,0.104,-0.564,0.427,-0.564,-0.427,-85.944,-0.406,1.183,0.011,0,0,-0.797,-0.604,-89.954,-0.497,1.157,0.011,0,0,-0.797,-0.604,0,-0.475,1.078,0.011,0,0,-0.991,0.137,FALSE,FALSE
17.215,0.275,0.958,0.12,0,0.707,0,-0.707,179.977,0.275,0.958,-0.016,-0.267,0.655,-0.267,-0.655,-45.656,-0.022,1.262,0.104,-0.548,0.447,-0.548,-0.447,57.303,-0.406,1.183,0.104,-0.564,0.427,-0.564,-0.427,-85.944,-0.406,1.183,0.011,0,0,-0.797,-0.604,-89.954,-0.497,1.157,0.011,0,0,-0.797,-0.604,0,-0.475,1.078,0.011,0,0,-0.991,0.137,FALSE,FALSE
17.319,0.275,0.958,0.12,0,0.707,0,-0.707,179.977,0.275,0.958,-0.016,-0.267,0.655,-0.267,-0.655,-45.656,-0.022,1.262,0.104,-0.548,0.447,-0.548,-0.447,57.303,-0.406,1.183,0.104,-0.564,0.427,-0.564,-0.427,-85.944,-0.406,1.183,0.011,0,0,-0.797,-0.604,-89.954,-0.497,1.157,0.011,0,0,-0.797,-0.604,0,-0.475,1.078,0.011,0,0,-0.991,0.137,FALSE,FALSE
17.425,0.275,0.958,0.12,0,0.707,0,-0.707,179.977,0.275,0.958,-0.016,-0.267,0.655,-0.267,-0.655,-45.656,-0.022,1.262,0.104,-0.548,0.447,-0.548,-0.447,57.303,-0.406,1.183,0.104,-0.564,0.427,-0.564,-0.427,-85.944,-0.406,1.183,0.011,0,0,-0.797,-0.604,-89.954,-0.497,1.157,0.011,0,0,-0.797,-0.604,0,-0.475,1.078,0.011,0,0,-0.991,0.137,FALSE,FALSE
17.533,0.275,0.958,0.12,0,0.707,0,-0.707,179.977,0.275,0.958,-0.016,-0.267,0.655,-0.267,-0.655,-45.656,-0.022,1.262,0.104,-0.548,0.447,-0.548,-0.447,57.303,-0.406,1.183,0.104,-0.564,0.427,-0.564,-0.427,-85.944,-0.406,1.183,0.011,0,0,-0.797,-0.604,-89.954,-0.497,1.157,0.011,0,0,-0.797,-0.604,0,-0.475,1.078,0.011,0,0,-0.991,0.137,FALSE,FALSE
17.64,0.275,0.958,0.12,0,0.707,0,-0.707,179.977,0.275,0.958,-0.016,-0.267,0.655,-0.267,-0.655,-45.656,-0.022,1.262,0.104,-0.548,0.447,-0.548,-0.447,57.303,-0.406,1.183,0.104,-0.564,0.427,-0.564,-0.427,-85.944,-0.406,1.183,0.011,0,0,-0.797,-0.604,-89.954,-0.497,1.157,0.011,0,0,-0.797,-0.604,0,-0.475,1.078,0.011,0,0,-0.991,0.137,FALSE,FALSE
17.747,0.275,0.958,0.12,0,0.707,0,-0.707,179.977,0.275,0.958,-0.016,-0.267,0.655,-0.267,-0.655,-45.656,-0.022,1.262,0.104,-0.548,0.447,-0.548,-0.447,57.303,-0.406,1.183,0.104,-0.564,0.427,-0.564,-0.427,-85.944,-0.406,1.183,0.011,0,0,-0.797,-0.604,-89.954,-0.497,1.157,0.011,0,0,-0.797,-0.604,0,-0.475,1.078,0.011,0,0,-0.991,0.137,FALSE,FALSE
17.853,0.275,0.958,0.12,0,0.707,0,-0.707,179.977,0.275,0.958,-0.016,-0.267,0.655,-0.267,-0.655,-45.656,-0.022,1.262,0.104,-0.548,0.447,-0.548,-0.447,57.303,-0.406,1.183,0.104,-0.564,0.427,-0.564,-0.427,-85.944,-0.406,1.183,0.011,0,0,-0.797,-0.604,-89.954,-0.497,1.157,0.011,0,0,-0.797,-0.604,0,-0.475,1.078,0.011,0,0,-0.991,0.137,FALSE,FALSE
17.957,0.275,0.958,0.12,0,0.707,0,-0.707,179.977,0.275,0.958,-0.016,-0.267,0.655,-0.267,-0.655,-45.656,-0.022,1.262,0.104,-0.548,0.447,-0.548,-0.447,57.303,-0.406,1.183,0.104,-0.564,0.427,-0.564,-0.427,-85.944,-0.406,1.183,0.011,0,0,-0.797,-0.604,-89.954,-0.497,1.157,0.011,0,0,-0.797,-0.604,0,-0.475,1.078,0.011,0,0,-0.991,0.137,FALSE,FALSE
18.063,0.275,0.958,0.12,0,0.707,0,-0.707,179.977,0.275,0.958,-0.016,-0.267,0.655,-0.267,-0.655,-45.656,-0.022,1.262,0.104,-0.548,0.447,-0.548,-0.447,57.303,-0.406,1.183,0.104,-0.564,0.427,-0.564,-0.427,-85.944,-0.406,1.183,0.011,0,0,-0.797,-0.604,-89.954,-0.497,1.157,0.011,0,0,-0.797,-0.604,0,-0.475,1.078,0.011,0,0,-0.991,0.137,FALSE,FALSE
18.17,0.275,0.958,0.12,0,0.707,0,-0.707,179.977,0.275,0.958,-0.016,-0.267,0.655,-0.267,-0.655,-45.656,-0.022,1.262,0.104,-0.548,0.447,-0.548,-0.447,57.303,-0.406,1.183,0.104,-0.564,0.427,-0.564,-0.427,-85.944,-0.406,1.183,0.011,0,0,-0.797,-0.604,-89.954,-0.497,1.157,0.011,0,0,-0.797,-0.604,0,-0.475,1.078,0.011,0,0,-0.991,0.137,FALSE,FALSE
18.271,0.275,0.958,0.12,0,0.707,0,-0.707,179.977,0.275,0.958,-0.016,-0.267,0.655,-0.267,-0.655,-45.656,-0.022,1.262,0.104,-0.548,0.447,-0.548,-0.447,57.303,-0.406,1.183,0.104,-0.564,0.427,-0.564,-0.427,-85.944,-0.406,1.183,0.011,0,0,-0.797,-0.604,-89.954,-0.497,1.157,0.011,0,0,-0.797,-0.604,0,-0.475,1.078,0.011,0,0,-0.991,0.137,FALSE,FALSE
18.377,0.275,0.958,0.12,0,0.707,0,-0.707,179.977,0.275,0.958,-0.016,-0.267,0.655,-0.267,-0.655,-45.656,-0.022,1.262,0.104,-0.548,0.447,-0.548,-0.447,57.303,-0.406,1.183,0.104,-0.564,0.427,-0.564,-0.427,-85.944,-0.406,1.183,0.011,0,0,-0.797,-0.604,-89.954,-0.497,1.157,0.011,0,0,-0.797,-0.604,0,-0.475,1.078,0.011,0,0,-0.991,0.137,FALSE,FALSE
18.482,0.275,0.958,0.12,0,0.707,0,-0.707,179.977,0.275,0.958,-0.016,-0.267,0.655,-0.267,-0.655,-45.656,-0.022,1.262,0.104,-0.548,0.447,-0.548,-0.447,57.303,-0.406,1.183,0.104,-0.564,0.427,-0.564,-0.427,-85.944,-0.406,1.183,0.011,0,0,-0.797,-0.604,-89.954,-0.497,1.157,0.011,0,0,-0.797,-0.604,0,-0.475,1.078,0.011,0,0,-0.991,0.137,FALSE,FALSE
18.589,0.275,0.958,0.12,0,0.707,0,-0.707,179.977,0.275,0.958,-0.016,-0.267,0.655,-0.267,-0.655,-45.656,-0.022,1.262,0.104,-0.548,0.447,-0.548,-0.447,57.303,-0.406,1.183,0.104,-0.564,0.427,-0.564,-0.427,-85.944,-0.406,1.183,0.011,0,0,-0.797,-0.604,-89.954,-0.497,1.157,0.011,0,0,-0.797,-0.604,0,-0.475,1.078,0.011,0,0,-0.991,0.137,FALSE,FALSE
18.691,0.275,0.958,0.12,0,0.707,0,-0.707,179.977,0.275,0.958,-0.016,-0.267,0.655,-0.267,-0.655,-45.656,-0.022,1.262,0.104,-0.548,0.447,-0.548,-0.447,57.303,-0.406,1.183,0.104,-0.564,0.427,-0.564,-0.427,-85.944,-0.406,1.183,0.011,0,0,-0.797,-0.604,-89.954,-0.497,1.157,0.011,0,0,-0.797,-0.604,0,-0.475,1.078,0.011,0,0,-0.991,0.137,FALSE,FALSE
18.791,0.275,0.958,0.12,0,0.707,0,-0.707,179.977,0.275,0.958,-0.016,-0.267,0.655,-0.267,-0.655,-45.656,-0.022,1.262,0.104,-0.548,0.447,-0.548,-0.447,57.303,-0.406,1.183,0.104,-0.564,0.427,-0.564,-0.427,-85.944,-0.406,1.183,0.011,0,0,-0.797,-0.604,-89.954,-0.497,1.157,0.011,0,0,-0.797,-0.604,0,-0.475,1.078,0.011,0,0,-0.991,0.137,FALSE,FALSE
18.891,0.275,0.958,0.12,0,0.707,0,-0.707,179.977,0.275,0.958,-0.016,-0.267,0.655,-0.267,-0.655,-45.656,-0.022,1.262,0.104,-0.548,0.447,-0.548,-0.447,57.303,-0.406,1.183,0.104,-0.564,0.427,-0.564,-0.427,-85.944,-0.406,1.183,0.011,0,0,-0.797,-0.604,-89.954,-0.497,1.157,0.011,0,0,-0.797,-0.604,0,-0.475,1.078,0.011,0,0,-0.991,0.137,FALSE,FALSE
18.996,0.275,0.958,0.12,0,0.707,0,-0.707,179.977,0.275,0.958,-0.016,-0.267,0.655,-0.267,-0.655,-45.656,-0.022,1.262,0.104,-0.548,0.447,-0.548,-0.447,57.303,-0.406,1.183,0.104,-0.564,0.427,-0.564,-0.427,-85.944,-0.406,1.183,0.011,0,0,-0.797,-0.604,-89.954,-0.497,1.157,0.011,0,0,-0.797,-0.604,0,-0.475,1.078,0.011,0,0,-0.991,0.137,FALSE,FALSE
19.099,0.275,0.958,0.12,0,0.707,0,-0.707,179.977,0.275,0.958,-0.016,-0.267,0.655,-0.267,-0.655,-45.656,-0.022,1.262,0.104,-0.548,0.447,-0.548,-0.447,57.303,-0.406,1.183,0.104,-0.564,0.427,-0.564,-0.427,-85.944,-0.406,1.183,0.011,0,0,-0.797,-0.604,-89.954,-0.497,1.157,0.011,0,0,-0.797,-0.604,0,-0.475,1.078,0.011,0,0,-0.991,0.137,FALSE,FALSE
19.2,0.275,0.958,0.12,0,0.707,0,-0.707,179.977,0.275,0.958,-0.016,-0.267,0.655,-0.267,-0.655,-45.656,-0.022,1.262,0.104,-0.548,0.447,-0.548,-0.447,57.303,-0.406,1.183,0.104,-0.564,0.427,-0.564,-0.427,-85.944,-0.406,1.183,0.011,0,0,-0.797,-0.604,-89.954,-0.497,1.157,0.011,0,0,-0.797,-0.604,0,-0.475,1.078,0.011,0,0,-0.991,0.137,FALSE,FALSE
19.301,0.275,0.958,0.12,0,0.707,0,-0.707,179.977,0.275,0.958,-0.016,-0.267,0.655,-0.267,-0.655,-45.656,-0.022,1.262,0.104,-0.548,0.447,-0.548,-0.447,57.303,-0.406,1.183,0.104,-0.564,0.427,-0.564,-0.427,-85.944,-0.406,1.183,0.011,0,0,-0.797,-0.604,-89.954,-0.497,1.157,0.011,0,0,-0.797,-0.604,0,-0.475,1.078,0.011,0,0,-0.991,0.137,FALSE,FALSE
19.405,0.275,0.958,0.12,0,0.707,0,-0.707,179.977,0.275,0.958,-0.016,-0.267,0.655,-0.267,-0.655,-45.656,-0.022,1.262,0.104,-0.548,0.447,-0.548,-0.447,57.303,-0.406,1.183,0.104,-0.564,0.427,-0.564,-0.427,-85.944,-0.406,1.183,0.011,0,0,-0.797,-0.604,-89.954,-0.497,1.157,0.011,0,0,-0.797,-0.604,0,-0.475,1.078,0.011,0,0,-0.991,0.137,FALSE,FALSE
19.509,0.275,0.958,0.12,0,0.707,0,-0.707,179.977,0.275,0.958,-0.016,-0.267,0.655,-0.267,-0.655,-45.656,-0.022,1.262,0.104,-0.548,0.447,-0.548,-0.447,57.303,-0.406,1.183,0.104,-0.564,0.427,-0.564,-0.427,-85.944,-0.406,1.183,0.011,0,0,-0.797,-0.604,-89.954,-0.497,1.157,0.011,0,0,-0.797,-0.604,0,-0.475,1.078,0.011,0,0,-0.991,0.137,FALSE,FALSE
19.614,0.275,0.958,0.12,0,0.707,0,-0.707,179.977,0.275,0.958,-0.016,-0.267,0.655,-0.267,-0.655,-45.656,-0.022,1.262,0.104,-0.548,0.447,-0.548,-0.447,57.303,-0.406,1.183,0.104,-0.564,0.427,-0.564,-0.427,-85.944,-0.406,1.183,0.011,0,0,-0.797,-0.604,-89.954,-0.497,1.157,0.011,0,0,-0.797,-0.604,0,-0.475,1.078,0.011,0,0,-0.991,0.137,FALSE,FALSE
19.715,0.275,0.958,0.12,0,0.707,0,-0.707,179.977,0.275,0.958,-0.016,-0.267,0.655,-0.267,-0.655,-45.656,-0.022,1.262,0.104,-0.548,0.447,-0.548,-0.447,57.303,-0.406,1.183,0.104,-0.564,0.427,-0.564,-0.427,-85.944,-0.406,1.183,0.011,0,0,-0.797,-0.604,-89.954,-0.497,1.157,0.011,0,0,-0.797,-0.604,0,-0.475,1.078,0.011,0,0,-0.991,0.137,FALSE,FALSE
19.818,0.275,0.958,0.12,0,0.707,0,-0.707,179.977,0.275,0.958,-0.016,-0.267,0.655,-0.267,-0.655,-45.656,-0.022,1.262,0.104,-0.548,0.447,-0.548,-0.447,57.303,-0.406,1.183,0.104,-0.564,0.427,-0.564,-0.427,-85.944,-0.406,1.183,0.011,0,0,-0.797,-0.604,-89.954,-0.497,1.157,0.011,0,0,-0.797,-0.604,0,-0.475,1.078,0.011,0,0,-0.991,0.137,FALSE,FALSE
19.922,0.275,0.958,0.12,0,0.707,0,-0.707,179.977,0.275,0.958,-0.016,-0.267,0.655,-0.267,-0.655,-45.656,-0.022,1.262,0.104,-0.548,0.447,-0.548,-0.447,57.303,-0.406,1.183,0.104,-0.564,0.427,-0.564,-0.427,-85.944,-0.406,1.183,0.011,0,0,-0.797,-0.604,-89.954,-0.497,1.157,0.011,0,0,-0.797,-0.604,0,-0.475,1.078,0.011,0,0,-0.991,0.137,FALSE,FALSE
20.026,0.275,0.958,0.12,0,0.707,0,-0.707,179.977,0.275,0.958,-0.016,-0.267,0.655,-0.267,-0.655,-45.656,-0.022,1.262,0.104,-0.548,0.447,-0.548,-0.447,57.303,-0.406,1.183,0.104,-0.564,0.427,-0.564,-0.427,-85.944,-0.406,1.183,0.011,0,0,-0.797,-0.604,-89.954,-0.497,1.157,0.011,0,0,-0.797,-0.604,0,-0.475,1.078,0.011,0,0,-0.991,0.137,FALSE,FALSE
20.131,0.275,0.958,0.12,0,0.707,0,-0.707,179.977,0.275,0.958,-0.016,-0.267,0.655,-0.267,-0.655,-45.656,-0.022,1.262,0.104,-0.548,0.447,-0.548,-0.447,57.303,-0.406,1.183,0.104,-0.564,0.427,-0.564,-0.427,-85.944,-0.406,1.183,0.011,0,0,-0.797,-0.604,-89.954,-0.497,1.157,0.011,0,0,-0.797,-0.604,0,-0.475,1.078,0.011,0,0,-0.991,0.137,FALSE,FALSE
20.234,0.275,0.958,0.12,0,0.707,0,-0.707,179.977,0.275,0.958,-0.016,-0.267,0.655,-0.267,-0.655,-45.656,-0.022,1.262,0.104,-0.548,0.447,-0.548,-0.447,57.303,-0.406,1.183,0.104,-0.564,0.427,-0.564,-0.427,-85.944,-0.406,1.183,0.011,0,0,-0.797,-0.604,-89.954,-0.497,1.157,0.011,0,0,-0.797,-0.604,0,-0.475,1.078,0.011,0,0,-0.991,0.137,FALSE,FALSE
20.34,0.275,0.958,0.12,0,0.707,0,-0.707,179.977,0.275,0.958,-0.016,-0.267,0.655,-0.267,-0.655,-45.656,-0.022,1.262,0.104,-0.548,0.447,-0.548,-0.447,57.303,-0.406,1.183,0.104,-0.564,0.427,-0.564,-0.427,-85.944,-0.406,1.183,0.011,0,0,-0.797,-0.604,-89.954,-0.497,1.157,0.011,0,0,-0.797,-0.604,0,-0.475,1.078,0.011,0,0,-0.991,0.137,FALSE,FALSE
20.443,0.275,0.958,0.12,0,0.707,0,-0.707,179.977,0.275,0.958,-0.016,-0.267,0.655,-0.267,-0.655,-45.656,-0.022,1.262,0.104,-0.548,0.447,-0.548,-0.447,57.303,-0.406,1.183,0.104,-0.564,0.427,-0.564,-0.427,-85.944,-0.406,1.183,0.011,0,0,-0.797,-0.604,-89.954,-0.497,1.157,0.011,0,0,-0.797,-0.604,0,-0.475,1.078,0.011,0,0,-0.991,0.137,FALSE,FALSE
20.544,0.275,0.958,0.12,0,0.707,0,-0.707,179.977,0.275,0.958,-0.016,-0.267,0.655,-0.267,-0.655,-45.656,-0.022,1.262,0.104,-0.548,0.447,-0.548,-0.447,57.303,-0.406,1.183,0.104,-0.564,0.427,-0.564,-0.427,-85.944,-0.406,1.183,0.011,0,0,-0.797,-0.604,-89.954,-0.497,1.157,0.011,0,0,-0.797,-0.604,0,-0.475,1.078,0.011,0,0,-0.991,0.137,FALSE,FALSE
20.645,0.275,0.958,0.12,0,0.707,0,-0.707,179.977,0.275,0.958,-0.016,-0.267,0.655,-0.267,-0.655,-45.656,-0.022,1.262,0.104,-0.548,0.447,-0.548,-0.447,57.303,-0.406,1.183,0.104,-0.564,0.427,-0.564,-0.427,-85.944,-0.406,1.183,0.011,0,0,-0.797,-0.604,-89.954,-0.497,1.157,0.011,0,0,-0.797,-0.604,0,-0.475,1.078,0.011,0,0,-0.991,0.137,FALSE,FALSE
20.749,0.275,0.958,0.12,0,0.707,0,-0.707,179.977,0.275,0.958,-0.016,-0.267,0.655,-0.267,-0.655,-45.656,-0.022,1.262,0.104,-0.548,0.447,-0.548,-0.447,57.303,-0.406,1.183,0.104,-0.564,0.427,-0.564,-0.427,-85.944,-0.406,1.183,0.011,0,0,-0.797,-0.604,-89.954,-0.497,1.157,0.011,0,0,-0.797,-0.604,0,-0.475,1.078,0.011,0,0,-0.991,0.137,FALSE,FALSE
20.852,0.275,0.958,0.12,0,0.707,0,-0.707,179.977,0.275,0.958,-0.016,-0.267,0.655,-0.267,-0.655,-45.656,-0.022,1.262,0.104,-0.548,0.447,-0.548,-0.447,57.303,-0.406,1.183,0.104,-0.564,0.427,-0.564,-0.427,-85.944,-0.406,1.183,0.011,0,0,-0.797,-0.604,-89.954,-0.497,1.157,0.011,0,0,-0.797,-0.604,0,-0.475,1.078,0.011,0,0,-0.991,0.137,FALSE,FALSE
20.953,0.275,0.958,0.12,0,0.707,0,-0.707,179.977,0.275,0.958,-0.016,-0.267,0.655,-0.267,-0.655,-45.656,-0.022,1.262,0.104,-0.548,0.447,-0.548,-0.447,57.303,-0.406,1.183,0.104,-0.564,0.427,-0.564,-0.427,-85.944,-0.406,1.183,0.011,0,0,-0.797,-0.604,-89.954,-0.497,1.157,0.011,0,0,-0.797,-0.604,0,-0.475,1.078,0.011,0,0,-0.991,0.137,FALSE,FALSE
21.056,0.275,0.958,0.12,0,0.707,0,-0.707,179.977,0.275,0.958,-0.016,-0.267,0.655,-0.267,-0.655,-45.656,-0.022,1.262,0.104,-0.548,0.447,-0.548,-0.447,57.303,-0.406,1.183,0.104,-0.564,0.427,-0.564,-0.427,-85.944,-0.406,1.183,0.011,0,0,-0.797,-0.604,-89.954,-0.497,1.157,0.011,0,0,-0.797,-0.604,0,-0.475,1.078,0.011,0,0,-0.991,0.137,FALSE,FALSE
21.158,0.275,0.958,0.12,0,0.707,0,-0.707,179.977,0.275,0.958,-0.016,-0.267,0.655,-0.267,-0.655,-45.656,-0.022,1.262,0.104,-0.548,0.447,-0.548,-0.447,57.303,-0.406,1.183,0.104,-0.564,0.427,-0.564,-0.427,-85.944,-0.406,1.183,0.011,0,0,-0.797,-0.604,-89.954,-0.497,1.157,0.011,0,0,-0.797,-0.604,0,-0.475,1.078,0.011,0,0,-0.991,0.137,FALSE,FALSE
21.268,0.275,0.958,0.12,0,0.707,0,-0.707,179.977,0.275,0.958,-0.016,-0.267,0.655,-0.267,-0.655,-45.656,-0.022,1.262,0.104,-0.548,0.447,-0.548,-0.447,57.303,-0.406,1.183,0.104,-0.564,0.427,-0.564,-0.427,-85.944,-0.406,1.183,0.011,0,0,-0.797,-0.604,-89.954,-0.497,1.157,0.011,0,0,-0.797,-0.604,0,-0.475,1.078,0.011,0,0,-0.991,0.137,FALSE,FALSE
21.371,0.275,0.958,0.12,0,0.536,0,-0.844,154.856,0.217,0.958,-0.003,-0.3,0.501,-0.191,-0.789,-48.339,0.012,1.276,0.225,-0.766,0.225,-0.487,-0.354,88.701,-0.258,1.022,0.352,-0.598,0.379,-0.38,-0.596,-130.211,-0.298,1.022,0.268,-0.154,-0.154,-0.691,-0.689,-89.979,-0.383,1.021,0.308,0.136,0.137,-0.695,-0.693,-47.357,-0.383,0.939,0.308,0.193,0.001,-0.981,0.001,FALSE,FALSE
21.475,0.275,0.958,0.12,0,0.327,0,-0.945,128.142,0.168,0.958,0.036,-0.336,0.305,-0.116,-0.883,-48.386,0.088,1.276,0.332,-0.858,0.137,-0.297,-0.396,88.811,-0.096,1.022,0.567,-0.669,0.231,-0.231,-0.667,-130.262,-0.17,1.022,0.509,-0.31,-0.309,-0.637,-0.635,-89.98,-0.228,1.021,0.584,-0.029,-0.027,-0.707,-0.706,-47.367,-0.228,0.939,0.584,-0.039,0.001,-0.999,0.001,FALSE,FALSE
21.58,0.275,0.958,0.12,0,0.053,0,-0.999,96.071,0.14,0.958,0.106,-0.355,0.049,-0.019,-0.934,-48.398,0.229,1.276,0.399,-0.907,0.022,-0.048,-0.419,88.812,0.198,1.022,0.696,-0.707,0.037,-0.037,-0.705,-130.262,0.105,1.022,0.686,-0.474,-0.472,-0.526,-0.525,-89.98,0.095,1.021,0.78,-0.223,-0.221,-0.672,-0.671,-47.367,0.095,0.939,0.78,-0.314,0.001,-0.95,0,FALSE,FALSE
21.682,0.275,0.958,0.12,0,-0.179,0,-0.984,69.345,0.148,0.958,0.168,-0.349,-0.168,0.064,-0.92,-48.4,0.359,1.276,0.39,-0.893,-0.075,0.163,-0.413,88.812,0.465,1.022,0.669,-0.697,-0.127,0.127,-0.695,-130.262,0.378,1.022,0.702,-0.582,-0.581,-0.403,-0.402,-89.98,0.411,1.021,0.791,-0.372,-0.37,-0.602,-0.602,-47.367,0.411,0.939,0.79,-0.525,0.001,-0.851,0,FALSE,FALSE
21.788,0.275,0.958,0.12,0,-0.402,0,-0.916,42.619,0.183,0.958,0.22,-0.325,-0.376,0.143,-0.856,-48.4,0.472,1.276,0.323,-0.831,-0.168,0.365,-0.384,88.812,0.691,1.022,0.525,-0.648,-0.284,0.284,-0.647,-130.262,0.629,1.022,0.594,-0.66,-0.658,-0.257,-0.257,-89.98,0.698,1.021,0.658,-0.501,-0.499,-0.5,-0.5,-47.367,0.698,0.939,0.658,-0.707,0.001,-0.707,0,FALSE,FALSE
21.889,0.275,0.958,0.12,0,-0.603,0,-0.798,15.894,0.238,0.958,0.251,-0.283,-0.563,0.214,-0.746,-48.4,0.542,1.276,0.213,-0.725,-0.253,0.547,-0.335,88.812,0.829,1.022,0.295,-0.565,-0.426,0.427,-0.564,-130.262,0.804,1.022,0.384,-0.701,-0.699,-0.098,-0.098,-89.98,0.895,1.021,0.41,-0.603,-0.601,-0.37,-0.371,-47.367,0.895,0.939,0.41,-0.851,0.001,-0.524,-0.001,FALSE,FALSE
21.993,0.275,0.958,0.12,0,-0.771,0,-0.637,-10.831,0.301,0.958,0.253,-0.226,-0.72,0.274,-0.596,-48.401,0.555,1.276,0.083,-0.578,-0.323,0.7,-0.267,88.812,0.849,1.022,0.027,-0.451,-0.544,0.546,-0.45,-130.262,0.866,1.022,0.118,-0.705,-0.703,0.067,0.067,-89.98,0.959,1.021,0.1,-0.672,-0.671,-0.221,-0.222,-47.367,0.959,0.939,0.1,-0.95,0.001,-0.313,-0.001,FALSE,FALSE
22.099,0.275,0.958,0.12,0,-0.897,0,-0.442,-37.557,0.358,0.958,0.228,-0.157,-0.839,0.319,-0.413,-48.401,0.509,1.276,-0.039,-0.401,-0.376,0.814,-0.185,88.812,0.745,1.022,-0.221,-0.313,-0.634,0.635,-0.312,-130.262,0.802,1.022,-0.148,-0.67,-0.669,0.228,0.227,-89.98,0.877,1.021,-0.205,-0.705,-0.704,-0.06,-0.061,-47.367,0.877,0.939,-0.205,-0.996,0.001,-0.086,-0.001,FALSE,FALSE
22.201,0.275,0.958,0.12,0,-0.984,0,-0.177,-69.627,0.402,0.958,0.167,-0.063,-0.92,0.35,-0.165,-48.401,0.388,1.276,-0.139,-0.161,-0.413,0.894,-0.074,88.812,0.492,1.022,-0.419,-0.125,-0.695,0.697,-0.125,-130.262,0.58,1.022,-0.386,-0.581,-0.58,0.404,0.403,-89.98,0.612,1.021,-0.475,-0.694,-0.693,0.137,0.136,-47.367,0.612,0.939,-0.475,-0.981,0.001,0.193,-0.001,FALSE,FALSE
22.302,0.275,0.958,0.12,0,-0.998,0,0.055,-96.353,0.41,0.958,0.105,0.02,-0.933,0.355,0.052,-48.401,0.26,1.276,-0.162,0.05,-0.419,0.906,0.023,88.812,0.227,1.022,-0.459,0.039,-0.705,0.707,0.039,-130.262,0.319,1.022,-0.469,-0.472,-0.471,0.528,0.526,-89.98,0.309,1.021,-0.563,-0.644,-0.643,0.294,0.292,-47.367,0.309,0.939,-0.563,-0.91,0,0.415,-0.001,FALSE,FALSE
22.405,0.275,0.958,0.12,0,-0.964,0,0.267,-121.003,0.391,0.958,0.05,0.095,-0.901,0.342,0.25,-48.401,0.144,1.276,-0.13,0.243,-0.404,0.875,0.112,88.783,-0.01,1.022,-0.386,0.189,-0.681,0.682,0.189,-130.262,0.069,1.022,-0.434,-0.349,-0.348,0.616,0.615,-89.995,0.021,1.022,-0.515,-0.566,-0.566,0.425,0.423,-47.361,0.021,0.939,-0.515,-0.801,0,0.599,-0.001,FALSE,FALSE
22.508,0.275,0.958,0.12,0,-0.93,0,0.368,-133.159,0.374,0.958,0.027,0.131,-0.869,0.33,0.344,-48.402,0.094,1.276,-0.097,0.334,-0.39,0.844,0.154,88.764,-0.111,1.022,-0.315,0.26,-0.657,0.658,0.26,-130.26,-0.043,1.022,-0.379,-0.281,-0.281,0.649,0.648,-90,-0.108,1.022,-0.448,-0.518,-0.518,0.482,0.481,-47.354,-0.107,0.939,-0.447,-0.733,0,0.681,-0.001,FALSE,FALSE
22.612,0.275,0.958,0.12,0,-0.92,0,0.392,-136.146,0.369,0.958,0.022,0.139,-0.86,0.327,0.366,-48.411,0.083,1.276,-0.087,0.356,-0.386,0.835,0.165,88.764,-0.133,1.022,-0.294,0.277,-0.65,0.651,0.277,-130.26,-0.068,1.022,-0.361,-0.264,-0.264,0.656,0.655,-90,-0.137,1.022,-0.427,-0.505,-0.505,0.495,0.494,-47.354,-0.137,0.94,-0.427,-0.715,0,0.7,-0.001,FALSE,FALSE
22.714,0.275,0.958,0.12,0,-0.917,0,0.399,-137.018,0.368,0.958,0.021,0.142,-0.857,0.326,0.373,-48.41,0.08,1.276,-0.084,0.362,-0.385,0.832,0.167,88.764,-0.139,1.022,-0.288,0.282,-0.648,0.649,0.282,-130.26,-0.076,1.022,-0.356,-0.259,-0.259,0.658,0.657,-90,-0.145,1.022,-0.421,-0.501,-0.501,0.499,0.498,-47.354,-0.145,0.94,-0.42,-0.709,0,0.705,-0.001,FALSE,FALSE
22.854,0.275,0.958,0.12,0,-0.916,0,0.401,-137.314,0.367,0.958,0.02,0.142,-0.856,0.325,0.375,-48.41,0.079,1.276,-0.083,0.364,-0.385,0.831,0.168,88.764,-0.141,1.022,-0.286,0.284,-0.647,0.648,0.284,-130.26,-0.078,1.022,-0.354,-0.258,-0.257,0.659,0.658,-90,-0.148,1.022,-0.418,-0.5,-0.5,0.5,0.499,-47.354,-0.148,0.94,-0.418,-0.707,0,0.707,-0.001,TRUE,FALSE
22.956,0.275,0.958,0.12,0,-0.916,0,0.402,-137.36,0.367,0.958,0.02,0.143,-0.856,0.325,0.375,-48.41,0.078,1.276,-0.083,0.365,-0.384,0.831,0.169,88.764,-0.141,1.022,-0.285,0.284,-0.647,0.648,0.284,-130.26,-0.078,1.022,-0.354,-0.257,-0.257,0.659,0.658,-90,-0.148,1.022,-0.418,-0.5,-0.5,0.501,0.499,-47.354,-0.148,0.94,-0.418,-0.707,0,0.707,-0.001,TRUE,FALSE
23.056,0.275,0.958,0.12,0,-0.916,0,0.402,-137.373,0.367,0.958,0.02,0.143,-0.856,0.325,0.376,-48.409,0.078,1.276,-0.083,0.365,-0.384,0.831,0.169,88.764,-0.142,1.022,-0.285,0.284,-0.647,0.648,0.284,-130.26,-0.079,1.022,-0.354,-0.257,-0.257,0.659,0.658,-90,-0.148,1.022,-0.418,-0.5,-0.5,0.501,0.5,-47.354,-0.148,0.94,-0.418,-0.707,0,0.707,-0.001,TRUE,FALSE
23.162,0.275,0.958,0.12,0,-0.916,0,0.402,-137.378,0.367,0.958,0.02,0.143,-0.856,0.325,0.376,-48.409,0.078,1.276,-0.083,0.365,-0.384,0.831,0.169,88.764,-0.142,1.022,-0.285,0.284,-0.647,0.648,0.284,-130.26,-0.079,1.022,-0.354,-0.257,-0.257,0.659,0.658,-90,-0.148,1.022,-0.418,-0.5,-0.5,0.501,0.5,-47.354,-0.148,0.94,-0.418,-0.707,0,0.707,-0.001,TRUE,FALSE
23.268,0.275,0.958,0.12,0,-0.916,0,0.402,-137.378,0.367,0.958,0.02,0.143,-0.856,0.325,0.376,-48.409,0.078,1.276,-0.083,0.365,-0.384,0.831,0.169,88.764,-0.142,1.022,-0.285,0.284,-0.647,0.648,0.284,-130.26,-0.079,1.022,-0.354,-0.257,-0.257,0.659,0.658,-90,-0.148,1.022,-0.418,-0.5,-0.5,0.501,0.5,-47.354,-0.148,0.94,-0.418,-0.707,0,0.707,-0.001,TRUE,FALSE
23.369,0.275,0.958,0.12,0,-0.916,0,0.402,-137.379,0.367,0.958,0.02,0.143,-0.856,0.325,0.376,-48.409,0.078,1.276,-0.083,0.365,-0.384,0.831,0.169,88.764,-0.142,1.022,-0.285,0.284,-0.647,0.648,0.284,-130.26,-0.079,1.022,-0.354,-0.257,-0.257,0.659,0.658,-90,-0.148,1.022,-0.418,-0.5,-0.5,0.501,0.5,-47.354,-0.148,0.94,-0.418,-0.707,0,0.707,-0.001,TRUE,FALSE
23.474,0.275,0.958,0.12,0,-0.916,0,0.402,-137.379,0.367,0.958,0.02,0.143,-0.856,0.325,0.376,-48.409,0.078,1.276,-0.083,0.365,-0.384,0.831,0.169,88.764,-0.142,1.022,-0.285,0.284,-0.647,0.648,0.284,-130.26,-0.079,1.022,-0.354,-0.257,-0.257,0.659,0.658,-90,-0.148,1.022,-0.418,-0.5,-0.5,0.501,0.5,-47.354,-0.148,0.94,-0.418,-0.707,0,0.707,-0.001,TRUE,FALSE
23.579,0.275,0.958,0.12,0,-0.916,0,0.402,-137.379,0.367,0.958,0.02,0.143,-0.856,0.325,0.376,-48.409,0.078,1.276,-0.083,0.365,-0.384,0.831,0.169,88.764,-0.142,1.022,-0.285,0.284,-0.647,0.648,0.284,-130.26,-0.079,1.022,-0.354,-0.257,-0.257,0.659,0.658,-90,-0.148,1.022,-0.418,-0.5,-0.5,0.501,0.5,-47.354,-0.148,0.94,-0.418,-0.707,0,0.707,-0.001,TRUE,FALSE
23.68,0.275,0.958,0.12,0,-0.916,0,0.402,-137.379,0.367,0.958,0.02,0.143,-0.856,0.325,0.376,-48.409,0.078,1.276,-0.083,0.365,-0.384,0.831,0.169,88.764,-0.142,1.022,-0.285,0.284,-0.647,0.648,0.284,-130.26,-0.079,1.022,-0.354,-0.257,-0.257,0.659,0.658,-90,-0.148,1.022,-0.418,-0.5,-0.5,0.501,0.5,-47.354,-0.148,0.94,-0.418,-0.707,0,0.707,-0.001,TRUE,FALSE
23.785,0.275,0.958,0.12,0,-0.916,0,0.402,-137.379,0.367,0.958,0.02,0.143,-0.856,0.325,0.376,-48.409,0.078,1.276,-0.083,0.365,-0.384,0.831,0.169,88.764,-0.142,1.022,-0.285,0.284,-0.647,0.648,0.284,-130.26,-0.079,1.022,-0.354,-0.257,-0.257,0.659,0.658,-90,-0.148,1.022,-0.418,-0.5,-0.5,0.501,0.5,-47.354,-0.148,0.94,-0.418,-0.707,0,0.707,-0.001,TRUE,FALSE
23.89,0.275,0.958,0.12,0,-0.916,0,0.402,-137.379,0.367,0.958,0.02,0.143,-0.856,0.325,0.376,-48.409,0.078,1.276,-0.083,0.365,-0.384,0.831,0.169,88.764,-0.142,1.022,-0.285,0.284,-0.647,0.648,0.284,-130.26,-0.079,1.022,-0.354,-0.257,-0.257,0.659,0.658,-90,-0.148,1.022,-0.418,-0.5,-0.5,0.501,0.5,-47.354,-0.148,0.94,-0.418,-0.707,0,0.707,-0.001,TRUE,FALSE
23.991,0.275,0.958,0.12,0,-0.916,0,0.402,-137.379,0.367,0.958,0.02,0.143,-0.856,0.325,0.376,-48.409,0.078,1.276,-0.083,0.365,-0.384,0.831,0.169,88.764,-0.142,1.022,-0.285,0.284,-0.647,0.648,0.284,-130.26,-0.079,1.022,-0.354,-0.257,-0.257,0.659,0.658,-90,-0.148,1.022,-0.418,-0.5,-0.5,0.501,0.5,-47.354,-0.148,0.94,-0.418,-0.707,0,0.707,-0.001,TRUE,FALSE
24.094,0.275,0.958,0.12,0,-0.916,0,0.402,-137.379,0.367,0.958,0.02,0.143,-0.856,0.325,0.376,-48.409,0.078,1.276,-0.083,0.365,-0.384,0.831,0.169,88.764,-0.142,1.022,-0.285,0.284,-0.647,0.648,0.284,-130.26,-0.079,1.022,-0.354,-0.257,-0.257,0.659,0.658,-90,-0.148,1.022,-0.418,-0.5,-0.5,0.501,0.5,-47.354,-0.148,0.94,-0.418,-0.707,0,0.707,-0.001,TRUE,FALSE
24.199,0.275,0.958,0.12,0,-0.916,0,0.402,-137.379,0.367,0.958,0.02,0.143,-0.856,0.325,0.376,-48.409,0.078,1.276,-0.083,0.365,-0.384,0.831,0.169,88.764,-0.142,1.022,-0.285,0.284,-0.647,0.648,0.284,-130.26,-0.079,1.022,-0.354,-0.257,-0.257,0.659,0.658,-90,-0.148,1.022,-0.418,-0.5,-0.5,0.501,0.5,-47.354,-0.148,0.94,-0.418,-0.707,0,0.707,-0.001,TRUE,FALSE
24.302,0.275,0.958,0.12,0,-0.916,0,0.402,-137.364,0.367,0.958,0.02,0.147,-0.853,0.334,0.374,-47.214,0.074,1.27,-0.087,0.367,-0.373,0.836,0.164,89.171,-0.141,1.008,-0.285,0.278,-0.662,0.633,0.29,-134.48,-0.078,1.008,-0.353,-0.251,-0.263,0.644,0.673,-90,-0.148,1.012,-0.417,-0.5,-0.499,0.484,0.515,-47.354,-0.15,0.93,-0.42,-0.707,0.001,0.707,0.022,TRUE,FALSE
24.409,0.275,0.958,0.12,0,-0.916,0,0.402,-137.39,0.367,0.958,0.02,0.153,-0.847,0.349,0.372,-45.182,0.065,1.26,-0.095,0.37,-0.356,0.844,0.156,89.425,-0.141,0.986,-0.285,0.281,-0.654,0.641,0.287,-135.46,-0.078,0.986,-0.353,-0.254,-0.26,0.652,0.666,-89.937,-0.148,0.988,-0.417,-0.5,-0.5,0.492,0.507,-47.433,-0.149,0.906,-0.419,-0.707,0,0.707,0.011,TRUE,TRUE
24.509,0.275,0.958,0.12,0,-0.916,0,0.402,-137.391,0.367,0.958,0.02,0.153,-0.847,0.349,0.372,-45.183,0.065,1.26,-0.095,0.37,-0.356,0.844,0.156,89.422,-0.141,0.986,-0.285,0.281,-0.654,0.641,0.287,-135.438,-0.078,0.986,-0.353,-0.254,-0.26,0.652,0.665,-89.936,-0.148,0.988,-0.417,-0.5,-0.5,0.492,0.507,-47.428,-0.149,0.906,-0.419,-0.707,0,0.707,0.01,TRUE,TRUE
24.639,0.275,0.958,0.12,0,-0.916,0,0.402,-137.391,0.367,0.958,0.02,0.153,-0.847,0.349,0.372,-45.183,0.065,1.26,-0.095,0.37,-0.356,0.844,0.156,89.422,-0.141,0.986,-0.285,0.281,-0.654,0.641,0.287,-135.438,-0.078,0.986,-0.353,-0.254,-0.26,0.652,0.665,-89.936,-0.148,0.988,-0.417,-0.5,-0.5,0.492,0.507,-47.428,-0.149,0.906,-0.419,-0.707,0,0.707,0.01,TRUE,TRUE
24.739,0.275,0.958,0.12,0,-0.916,0,0.402,-137.391,0.367,0.958,0.02,0.153,-0.847,0.349,0.372,-45.183,0.065,1.26,-0.095,0.37,-0.356,0.844,0.156,89.422,-0.141,0.986,-0.285,0.281,-0.654,0.641,0.287,-135.438,-0.078,0.986,-0.353,-0.254,-0.26,0.652,0.665,-89.936,-0.148,0.988,-0.417,-0.5,-0.5,0.492,0.507,-47.428,-0.149,0.906,-0.419,-0.707,0,0.707,0.01,TRUE,TRUE
24.856,0.275,0.958,0.12,0,-0.916,0,0.402,-137.391,0.367,0.958,0.02,0.153,-0.847,0.349,0.372,-45.183,0.065,1.26,-0.095,0.37,-0.356,0.844,0.156,89.422,-0.141,0.986,-0.285,0.281,-0.654,0.641,0.287,-135.438,-0.078,0.986,-0.353,-0.254,-0.26,0.652,0.665,-89.936,-0.148,0.988,-0.417,-0.5,-0.5,0.492,0.507,-47.428,-0.149,0.906,-0.419,-0.707,0,0.707,0.01,TRUE,TRUE
24.957,0.275,0.958,0.12,0,-0.916,0,0.402,-137.391,0.367,0.958,0.02,0.153,-0.847,0.349,0.372,-45.183,0.065,1.26,-0.095,0.37,-0.356,0.844,0.156,89.422,-0.141,0.986,-0.285,0.281,-0.654,0.641,0.287,-135.438,-0.078,0.986,-0.353,-0.254,-0.26,0.652,0.665,-89.936,-0.148,0.988,-0.417,-0.5,-0.5,0.492,0.507,-47.428,-0.149,0.906,-0.419,-0.707,0,0.707,0.01,TRUE,TRUE
25.059,0.275,0.958,0.12,0,-0.916,0,0.402,-137.391,0.367,0.958,0.02,0.153,-0.847,0.349,0.372,-45.183,0.065,1.26,-0.095,0.37,-0.356,0.844,0.156,89.422,-0.141,0.986,-0.285,0.281,-0.654,0.641,0.287,-135.438,-0.078,0.986,-0.353,-0.254,-0.26,0.652,0.665,-89.936,-0.148,0.988,-0.417,-0.5,-0.5,0.492,0.507,-47.428,-0.149,0.906,-0.419,-0.707,0,0.707,0.01,TRUE,TRUE
25.163,0.275,0.958,0.12,0,-0.916,0,0.402,-137.391,0.367,0.958,0.02,0.153,-0.847,0.349,0.372,-45.183,0.065,1.26,-0.095,0.37,-0.356,0.844,0.156,89.422,-0.141,0.986,-0.285,0.281,-0.654,0.641,0.287,-135.438,-0.078,0.986,-0.353,-0.254,-0.26,0.652,0.665,-89.936,-0.148,0.988,-0.417,-0.5,-0.5,0.492,0.507,-47.428,-0.149,0.906,-0.419,-0.707,0,0.707,0.01,TRUE,TRUE
25.27,0.275,0.958,0.12,0,-0.916,0,0.402,-137.391,0.367,0.958,0.02,0.153,-0.847,0.349,0.372,-45.183,0.065,1.26,-0.095,0.37,-0.356,0.844,0.156,89.422,-0.141,0.986,-0.285,0.281,-0.654,0.641,0.287,-135.438,-0.078,0.986,-0.353,-0.254,-0.26,0.652,0.665,-89.936,-0.148,0.988,-0.417,-0.5,-0.5,0.492,0.507,-47.428,-0.149,0.906,-0.419,-0.707,0,0.707,0.01,TRUE,TRUE
25.371,0.275,0.958,0.12,0,-0.916,0,0.402,-137.391,0.367,0.958,0.02,0.153,-0.847,0.349,0.372,-45.183,0.065,1.26,-0.095,0.37,-0.356,0.844,0.156,89.422,-0.141,0.986,-0.285,0.281,-0.654,0.641,0.287,-135.438,-0.078,0.986,-0.353,-0.254,-0.26,0.652,0.665,-89.936,-0.148,0.988,-0.417,-0.5,-0.5,0.492,0.507,-47.428,-0.149,0.906,-0.419,-0.707,0,0.707,0.01,TRUE,TRUE
25.476,0.275,0.958,0.12,0,-0.916,0,0.402,-137.391,0.367,0.958,0.02,0.153,-0.847,0.349,0.372,-45.183,0.065,1.26,-0.095,0.37,-0.356,0.844,0.156,89.422,-0.141,0.986,-0.285,0.281,-0.654,0.641,0.287,-135.438,-0.078,0.986,-0.353,-0.254,-0.26,0.652,0.665,-89.936,-0.148,0.988,-0.417,-0.5,-0.5,0.492,0.507,-47.428,-0.149,0.906,-0.419,-0.707,0,0.707,0.01,TRUE,TRUE
25.58,0.275,0.958,0.12,0,-0.916,0,0.402,-137.391,0.367,0.958,0.02,0.153,-0.847,0.349,0.372,-45.183,0.065,1.26,-0.095,0.37,-0.356,0.844,0.156,89.422,-0.141,0.986,-0.285,0.281,-0.654,0.641,0.287,-135.438,-0.078,0.986,-0.353,-0.254,-0.26,0.652,0.665,-89.936,-0.148,0.988,-0.417,-0.5,-0.5,0.492,0.507,-47.428,-0.149,0.906,-0.419,-0.707,0,0.707,0.01,TRUE,TRUE
25.687,0.275,0.958,0.12,0,-0.916,0,0.402,-137.391,0.367,0.958,0.02,0.153,-0.847,0.349,0.372,-45.183,0.065,1.26,-0.095,0.37,-0.356,0.844,0.156,89.422,-0.141,0.986,-0.285,0.281,-0.654,0.641,0.287,-135.438,-0.078,0.986,-0.353,-0.254,-0.26,0.652,0.665,-89.936,-0.148,0.988,-0.417,-0.5,-0.5,0.492,0.507,-47.428,-0.149,0.906,-0.419,-0.707,0,0.707,0.01,TRUE,TRUE
25.793,0.275,0.958,0.12,0,-0.916,0,0.402,-137.391,0.367,0.958,0.02,0.153,-0.847,0.349,0.372,-45.183,0.065,1.26,-0.095,0.37,-0.356,0.844,0.156,89.422,-0.141,0.986,-0.285,0.281,-0.654,0.641,0.287,-135.438,-0.078,0.986,-0.353,-0.254,-0.26,0.652,0.665,-89.936,-0.148,0.988,-0.417,-0.5,-0.5,0.492,0.507,-47.428,-0.149,0.906,-0.419,-0.707,0,0.707,0.01,TRUE,TRUE
25.894,0.275,0.958,0.12,0,-0.916,0,0.402,-137.391,0.367,0.958,0.02,0.146,-0.854,0.332,0.375,-47.547,0.075,1.272,-0.086,0.366,-0.376,0.835,0.165,89.042,-0.141,1.012,-0.285,0.287,-0.641,0.653,0.282,-130.434,-0.078,1.012,-0.353,-0.259,-0.255,0.665,0.653,-90,-0.148,1.01,-0.418,-0.5,-0.5,0.507,0.494,-47.356,-0.147,0.928,-0.416,-0.707,0,0.707,-0.009,TRUE,TRUE
25.997,0.275,0.958,0.12,0,-0.916,0,0.402,-137.382,0.367,0.958,0.02,0.143,-0.856,0.326,0.376,-48.323,0.078,1.276,-0.083,0.365,-0.382,0.832,0.168,89.019,-0.141,1.02,-0.285,0.285,-0.646,0.649,0.283,-130.405,-0.078,1.02,-0.353,-0.258,-0.256,0.66,0.657,-90.001,-0.148,1.019,-0.417,-0.5,-0.5,0.502,0.498,-47.356,-0.147,0.937,-0.417,-0.707,0,0.707,-0.003,TRUE,TRUE
26.101,0.275,0.958,0.12,0,-0.916,0,0.402,-137.38,0.367,0.958,0.02,0.142,-0.856,0.324,0.376,-48.496,0.079,1.276,-0.083,0.365,-0.383,0.832,0.168,89.02,-0.141,1.022,-0.284,0.284,-0.647,0.648,0.284,-130.405,-0.078,1.022,-0.353,-0.257,-0.257,0.659,0.658,-90.001,-0.147,1.021,-0.417,-0.5,-0.5,0.501,0.499,-47.356,-0.147,0.939,-0.417,-0.707,0,0.707,-0.001,TRUE,TRUE
26.205,0.275,0.958,0.12,0,-0.916,0,0.402,-137.38,0.367,0.958,0.02,0.142,-0.856,0.324,0.376,-48.52,0.079,1.277,-0.082,0.365,-0.383,0.832,0.168,89.02,-0.141,1.022,-0.284,0.284,-0.647,0.648,0.284,-130.405,-0.078,1.022,-0.353,-0.257,-0.257,0.659,0.658,-90.001,-0.147,1.022,-0.417,-0.5,-0.5,0.501,0.5,-47.356,-0.147,0.939,-0.417,-0.707,0,0.707,-0.001,TRUE,TRUE
26.311,0.275,0.958,0.12,0,-0.916,0,0.402,-137.38,0.367,0.958,0.02,0.142,-0.856,0.324,0.376,-48.525,0.079,1.277,-0.082,0.365,-0.383,0.832,0.168,89.02,-0.141,1.022,-0.284,0.284,-0.647,0.648,0.284,-130.405,-0.078,1.022,-0.353,-0.257,-0.257,0.659,0.658,-90.001,-0.147,1.022,-0.417,-0.5,-0.5,0.501,0.5,-47.356,-0.147,0.939,-0.417,-0.707,0,0.707,-0.001,TRUE,TRUE
26.412,0.275,0.958,0.12,0,-0.916,0,0.402,-137.38,0.367,0.958,0.02,0.142,-0.856,0.324,0.376,-48.526,0.079,1.277,-0.082,0.365,-0.383,0.832,0.168,89.02,-0.141,1.022,-0.284,0.284,-0.647,0.648,0.284,-130.405,-0.078,1.022,-0.353,-0.257,-0.257,0.659,0.658,-90.001,-0.147,1.022,-0.417,-0.5,-0.5,0.501,0.5,-47.356,-0.147,0.939,-0.417,-0.707,0,0.707,-0.001,TRUE,TRUE
26.517,0.275,0.958,0.12,0,-0.916,0,0.402,-137.38,0.367,0.958,0.02,0.142,-0.856,0.324,0.376,-48.527,0.079,1.277,-0.082,0.365,-0.383,0.832,0.168,89.02,-0.141,1.022,-0.284,0.284,-0.647,0.648,0.284,-130.405,-0.078,1.022,-0.353,-0.257,-0.257,0.659,0.658,-90.001,-0.147,1.022,-0.417,-0.5,-0.5,0.501,0.5,-47.356,-0.147,0.939,-0.417,-0.707,0,0.707,-0.001,TRUE,TRUE
26.617,0.275,0.958,0.12,0,-0.916,0,0.402,-137.38,0.367,0.958,0.02,0.142,-0.856,0.324,0.376,-48.527,0.079,1.277,-0.082,0.365,-0.383,0.832,0.168,89.02,-0.141,1.022,-0.284,0.284,-0.647,0.648,0.284,-130.405,-0.078,1.022,-0.353,-0.257,-0.257,0.659,0.658,-90.001,-0.147,1.022,-0.417,-0.5,-0.5,0.501,0.5,-47.356,-0.147,0.939,-0.417,-0.707,0,0.707,-0.001,TRUE,TRUE
26.722,0.275,0.958,0.12,0,-0.916,0,0.402,-137.38,0.367,0.958,0.02,0.142,-0.856,0.324,0.376,-48.527,0.079,1.277,-0.082,0.365,-0.383,0.832,0.168,89.02,-0.141,1.022,-0.284,0.284,-0.647,0.648,0.284,-130.405,-0.078,1.022,-0.353,-0.257,-0.257,0.659,0.658,-90.001,-0.147,1.022,-0.417,-0.5,-0.5,0.501,0.5,-47.356,-0.147,0.939,-0.417,-0.707,0,0.707,-0.001,TRUE,TRUE
26.826,0.275,0.958,0.12,0,-0.916,0,0.402,-137.38,0.367,0.958,0.02,0.142,-0.856,0.324,0.376,-48.527,0.079,1.277,-0.082,0.365,-0.383,0.832,0.168,89.02,-0.141,1.022,-0.284,0.284,-0.647,0.648,0.284,-130.405,-0.078,1.022,-0.353,-0.257,-0.257,0.659,0.658,-90.001,-0.147,1.022,-0.417,-0.5,-0.5,0.501,0.5,-47.356,-0.147,0.939,-0.417,-0.707,0,0.707,-0.001,TRUE,TRUE
26.931,0.275,0.958,0.12,0,-0.916,0,0.402,-137.38,0.367,0.958,0.02,0.142,-0.856,0.324,0.376,-48.527,0.079,1.277,-0.082,0.365,-0.383,0.832,0.168,89.02,-0.141,1.022,-0.284,0.284,-0.647,0.648,0.284,-130.405,-0.078,1.022,-0.353,-0.257,-0.257,0.659,0.658,-90.001,-0.147,1.022,-0.417,-0.5,-0.5,0.501,0.5,-47.356,-0.147,0.939,-0.417,-0.707,0,0.707,-0.001,TRUE,TRUE
27.036,0.275,0.958,0.12,0,-0.916,0,0.402,-137.38,0.367,0.958,0.02,0.142,-0.856,0.324,0.376,-48.527,0.079,1.277,-0.082,0.365,-0.383,0.832,0.168,89.02,-0.141,1.022,-0.284,0.284,-0.647,0.648,0.284,-130.405,-0.078,1.022,-0.353,-0.257,-0.257,0.659,0.658,-90.001,-0.147,1.022,-0.417,-0.5,-0.5,0.501,0.5,-47.356,-0.147,0.939,-0.417,-0.707,0,0.707,-0.001,TRUE,TRUE
27.142,0.275,0.958,0.12,0,-0.916,0,0.402,-137.38,0.367,0.958,0.02,0.142,-0.856,0.324,0.376,-48.527,0.079,1.277,-0.082,0.365,-0.383,0.832,0.168,89.02,-0.141,1.022,-0.284,0.284,-0.647,0.648,0.284,-130.405,-0.078,1.022,-0.353,-0.257,-0.257,0.659,0.658,-90.001,-0.147,1.022,-0.417,-0.5,-0.5,0.501,0.5,-47.356,-0.147,0.939,-0.417,-0.707,0,0.707,-0.001,TRUE,TRUE
27.246,0.275,0.958,0.12,0,-0.916,0,0.402,-137.38,0.367,0.958,0.02,0.142,-0.856,0.324,0.376,-48.527,0.079,1.277,-0.082,0.365,-0.383,0.832,0.168,89.02,-0.141,1.022,-0.284,0.284,-0.647,0.648,0.284,-130.405,-0.078,1.022,-0.353,-0.257,-0.257,0.659,0.658,-90.001,-0.147,1.022,-0.417,-0.5,-0.5,0.501,0.5,-47.356,-0.147,0.939,-0.417,-0.707,0,0.707,-0.001,TRUE,TRUE
27.348,0.275,0.958,0.12,0,-0.954,0,0.301,-124.981,0.386,0.958,0.042,0.085,-0.915,0.27,0.288,-57.159,0.156,1.315,-0.078,0.285,-0.301,0.905,0.095,110.324,0.021,1.001,-0.271,0.217,-0.659,0.689,0.208,-140.584,0.097,1.001,-0.324,-0.334,-0.319,0.641,0.613,-90,0.043,0.997,-0.402,0.067,0.095,0.71,0.695,68.206,0.045,0.915,-0.399,0.115,0.02,0.993,-0.011,TRUE,TRUE
27.451,0.275,0.958,0.12,0,-1,0,-0.001,-89.873,0.411,0.958,0.12,0,-0.965,0.261,-0.001,-59.757,0.292,1.325,-0.094,-0.001,-0.325,0.946,0,111.796,0.292,1.016,-0.335,-0.001,-0.702,0.712,-0.001,-141.163,0.385,1.016,-0.335,-0.504,-0.497,0.503,0.496,-90.007,0.385,1.015,-0.43,-0.115,-0.104,0.699,0.698,72.274,0.385,0.932,-0.428,-0.155,0.008,0.988,-0.001,TRUE,TRUE
27.554,0.275,0.958,0.12,0,-0.953,0,-0.303,-54.714,0.386,0.958,0.198,-0.078,-0.921,0.245,-0.293,-60.159,0.41,1.327,-0.043,-0.286,-0.313,0.9,-0.1,111.812,0.551,1.019,-0.242,-0.215,-0.671,0.677,-0.213,-141.164,0.627,1.019,-0.188,-0.631,-0.625,0.326,0.324,-90.014,0.682,1.018,-0.265,-0.319,-0.313,0.632,0.633,72.273,0.681,0.936,-0.265,-0.446,0.004,0.895,0.001,TRUE,TRUE
27.66,0.275,0.958,0.12,0,-0.853,0,-0.522,-27.026,0.337,0.958,0.241,-0.133,-0.825,0.217,-0.505,-60.544,0.469,1.328,0.039,-0.493,-0.282,0.805,-0.173,111.883,0.687,1.022,-0.072,-0.37,-0.602,0.604,-0.369,-141.164,0.729,1.022,0.011,-0.689,-0.686,0.165,0.165,-89.998,0.813,1.022,-0.032,-0.459,-0.457,0.538,0.539,72.259,0.813,0.939,-0.032,-0.648,0.001,0.762,0.001,TRUE,TRUE
27.76,0.275,0.958,0.12,0,-0.814,0,-0.581,-18.958,0.319,0.958,0.248,-0.147,-0.787,0.206,-0.562,-60.668,0.477,1.329,0.068,-0.548,-0.27,0.768,-0.193,111.893,0.709,1.023,-0.012,-0.411,-0.575,0.576,-0.411,-141.163,0.74,1.023,0.076,-0.698,-0.697,0.117,0.116,-89.997,0.829,1.023,0.045,-0.495,-0.494,0.505,0.505,72.257,0.829,0.94,0.045,-0.7,0,0.715,0,TRUE,TRUE
27.866,0.275,0.958,0.12,0,-0.809,0,-0.588,-17.977,0.317,0.958,0.249,-0.149,-0.783,0.205,-0.569,-60.682,0.478,1.329,0.071,-0.555,-0.269,0.763,-0.195,111.893,0.712,1.023,-0.005,-0.416,-0.572,0.572,-0.416,-141.163,0.74,1.023,0.084,-0.699,-0.698,0.111,0.11,-89.997,0.83,1.023,0.055,-0.499,-0.499,0.501,0.501,72.257,0.83,0.941,0.055,-0.706,0,0.709,0,TRUE,TRUE
27.968,0.275,0.958,0.12,0,-0.808,0,-0.589,-17.806,0.317,0.958,0.249,-0.149,-0.782,0.204,-0.57,-60.686,0.478,1.329,0.072,-0.556,-0.268,0.762,-0.196,111.893,0.712,1.023,-0.003,-0.417,-0.571,0.572,-0.416,-141.163,0.74,1.023,0.085,-0.699,-0.698,0.109,0.109,-89.997,0.831,1.023,0.056,-0.5,-0.499,0.5,0.5,72.257,0.831,0.941,0.056,-0.707,0,0.707,0,TRUE,TRUE
28.072,0.275,0.958,0.12,0,-0.808,0,-0.589,-17.776,0.316,0.958,0.249,-0.149,-0.782,0.204,-0.57,-60.686,0.478,1.329,0.072,-0.556,-0.268,0.762,-0.196,111.893,0.712,1.023,-0.003,-0.417,-0.571,0.571,-0.417,-141.163,0.74,1.023,0.085,-0.699,-0.698,0.109,0.109,-89.997,0.831,1.023,0.056,-0.5,-0.5,0.5,0.5,72.257,0.831,0.941,0.057,-0.707,0,0.707,0,TRUE,TRUE
28.177,0.275,0.958,0.12,0,-0.808,0,-0.589,-17.771,0.316,0.958,0.249,-0.149,-0.782,0.204,-0.57,-60.687,0.478,1.329,0.072,-0.556,-0.268,0.762,-0.196,111.893,0.712,1.023,-0.003,-0.417,-0.571,0.571,-0.417,-141.163,0.74,1.023,0.085,-0.699,-0.698,0.109,0.109,-89.997,0.831,1.023,0.057,-0.5,-0.5,0.5,0.5,72.257,0.831,0.941,0.057,-0.707,0,0.707,0,TRUE,TRUE
28.278,0.275,0.958,0.12,0,-0.808,0,-0.589,-17.77,0.316,0.958,0.249,-0.149,-0.782,0.204,-0.57,-60.687,0.478,1.329,0.072,-0.556,-0.268,0.762,-0.196,111.893,0.712,1.023,-0.003,-0.417,-0.571,0.571,-0.417,-141.163,0.74,1.023,0.085,-0.699,-0.698,0.109,0.109,-89.997,0.831,1.023,0.057,-0.5,-0.5,0.5,0.5,72.257,0.831,0.941,0.057,-0.707,0,0.707,0,TRUE,TRUE
28.382,0.275,0.958,0.12,0,-0.808,0,-0.589,-17.77,0.316,0.958,0.249,-0.149,-0.782,0.204,-0.57,-60.687,0.478,1.329,0.072,-0.556,-0.268,0.762,-0.196,111.893,0.712,1.023,-0.003,-0.417,-0.571,0.571,-0.417,-141.163,0.74,1.023,0.085,-0.699,-0.698,0.109,0.109,-89.997,0.831,1.023,0.057,-0.5,-0.5,0.5,0.5,72.257,0.831,0.941,0.057,-0.707,0,0.707,0,TRUE,TRUE
28.487,0.275,0.958,0.12,0,-0.808,0,-0.589,-17.77,0.316,0.958,0.249,-0.149,-0.782,0.204,-0.57,-60.687,0.478,1.329,0.072,-0.556,-0.268,0.762,-0.196,111.893,0.712,1.023,-0.003,-0.417,-0.571,0.571,-0.417,-141.163,0.74,1.023,0.085,-0.699,-0.698,0.109,0.109,-89.997,0.831,1.023,0.057,-0.5,-0.5,0.5,0.5,72.257,0.831,0.941,0.057,-0.707,0,0.707,0,TRUE,TRUE
28.589,0.275,0.958,0.12,0,-0.808,0,-0.589,-17.77,0.316,0.958,0.249,-0.149,-0.782,0.204,-0.57,-60.687,0.478,1.329,0.072,-0.556,-0.268,0.762,-0.196,111.893,0.712,1.023,-0.003,-0.417,-0.571,0.571,-0.417,-141.163,0.74,1.023,0.085,-0.699,-0.698,0.109,0.109,-89.997,0.831,1.023,0.057,-0.5,-0.5,0.5,0.5,72.257,0.831,0.941,0.057,-0.707,0,0.707,0,TRUE,TRUE
28.69,0.275,0.958,0.12,0,-0.808,0,-0.589,-17.77,0.316,0.958,0.249,-0.149,-0.782,0.204,-0.57,-60.687,0.478,1.329,0.072,-0.556,-0.268,0.762,-0.196,111.893,0.712,1.023,-0.003,-0.417,-0.571,0.571,-0.417,-141.163,0.74,1.023,0.085,-0.699,-0.698,0.109,0.109,-89.997,0.831,1.023,0.057,-0.5,-0.5,0.5,0.5,72.257,0.831,0.941,0.057,-0.707,0,0.707,0,TRUE,TRUE
28.79,0.275,0.958,0.12,0,-0.808,0,-0.589,-17.77,0.316,0.958,0.249,-0.149,-0.782,0.204,-0.57,-60.687,0.478,1.329,0.072,-0.556,-0.268,0.762,-0.196,111.893,0.712,1.023,-0.003,-0.417,-0.571,0.571,-0.417,-141.163,0.74,1.023,0.085,-0.699,-0.698,0.109,0.109,-89.997,0.831,1.023,0.057,-0.5,-0.5,0.5,0.5,72.257,0.831,0.941,0.057,-0.707,0,0.707,0,TRUE,TRUE
28.896,0.275,0.958,0.12,0,-0.808,0,-0.59,-17.729,0.316,0.958,0.249,-0.164,-0.776,0.224,-0.566,-57.739,0.496,1.318,0.066,-0.562,-0.246,0.769,-0.179,112.339,0.712,0.998,-0.003,-0.406,-0.585,0.557,-0.427,-147.471,0.741,0.998,0.086,-0.681,-0.716,0.106,0.112,-90,0.831,1.003,0.057,-0.484,-0.515,0.508,0.492,72.306,0.835,0.92,0.056,-0.707,-0.022,0.707,-0.011,TRUE,TRUE
28.999,0.275,0.958,0.12,0,-0.808,0,-0.59,-17.729,0.316,0.958,0.249,-0.176,-0.771,0.242,-0.563,-55.169,0.511,1.307,0.061,-0.566,-0.227,0.775,-0.166,112.506,0.713,0.977,-0.003,-0.415,-0.574,0.568,-0.419,-147.902,0.741,0.977,0.086,-0.695,-0.702,0.108,0.11,-90,0.831,0.978,0.057,-0.497,-0.503,0.502,0.499,72.307,0.832,0.895,0.057,-0.707,-0.004,0.707,-0.002,TRUE,TRUE
29.105,0.275,0.958,0.12,0,-0.808,0,-0.59,-17.723,0.316,0.958,0.249,-0.179,-0.769,0.245,-0.562,-54.646,0.514,1.305,0.061,-0.567,-0.224,0.776,-0.163,112.509,0.713,0.973,-0.003,-0.417,-0.571,0.571,-0.417,-147.903,0.741,0.973,0.086,-0.698,-0.699,0.109,0.109,-90,0.831,0.973,0.057,-0.5,-0.5,0.5,0.5,72.307,0.831,0.89,0.057,-0.707,0,0.707,0,TRUE,TRUE
29.209,0.275,0.958,0.12,0,-0.808,0,-0.59,-17.721,0.316,0.958,0.249,-0.179,-0.769,0.246,-0.562,-54.579,0.515,1.305,0.06,-0.567,-0.223,0.776,-0.163,112.508,0.713,0.972,-0.003,-0.417,-0.571,0.571,-0.417,-147.903,0.741,0.972,0.086,-0.699,-0.699,0.109,0.109,-90,0.831,0.972,0.057,-0.5,-0.5,0.5,0.5,72.307,0.831,0.89,0.057,-0.707,0,0.707,0,TRUE,TRUE
29.314,0.275,0.958,0.12,0,-0.808,0,-0.59,-17.721,0.316,0.958,0.249,-0.179,-0.769,0.246,-0.562,-54.566,0.515,1.304,0.06,-0.567,-0.223,0.776,-0.163,112.508,0.713,0.972,-0.003,-0.417,-0.571,0.571,-0.417,-147.903,0.741,0.972,0.086,-0.699,-0.698,0.109,0.109,-90,0.831,0.972,0.057,-0.5,-0.5,0.5,0.5,72.307,0.831,0.89,0.057,-0.707,0,0.707,0,TRUE,TRUE
29.415,0.275,0.958,0.12,0,-0.808,0,-0.59,-17.721,0.316,0.958,0.249,-0.179,-0.769,0.246,-0.562,-54.564,0.515,1.304,0.06,-0.567,-0.223,0.776,-0.163,112.508,0.713,0.972,-0.003,-0.417,-0.571,0.571,-0.417,-147.903,0.741,0.972,0.086,-0.699,-0.698,0.109,0.109,-90,0.831,0.972,0.057,-0.5,-0.5,0.5,0.5,72.307,0.831,0.89,0.057,-0.707,0,0.707,0,TRUE,TRUE
29.516,0.275,0.958,0.12,0,-0.808,0,-0.59,-17.721,0.316,0.958,0.249,-0.179,-0.769,0.246,-0.562,-54.563,0.515,1.304,0.06,-0.567,-0.223,0.776,-0.163,112.508,0.713,0.972,-0.003,-0.417,-0.571,0.571,-0.417,-147.903,0.741,0.972,0.086,-0.699,-0.698,0.109,0.109,-90,0.831,0.972,0.057,-0.5,-0.5,0.5,0.5,72.307,0.831,0.89,0.057,-0.707,0,0.707,0,TRUE,TRUE
29.617,0.275,0.958,0.12,0,-0.808,0,-0.59,-17.721,0.316,0.958,0.249,-0.179,-0.769,0.246,-0.562,-54.563,0.515,1.304,0.06,-0.567,-0.223,0.776,-0.163,112.508,0.713,0.972,-0.003,-0.417,-0.571,0.571,-0.417,-147.903,0.741,0.972,0.086,-0.699,-0.698,0.109,0.109,-90,0.831,0.972,0.057,-0.5,-0.5,0.5,0.5,72.307,0.831,0.89,0.057,-0.707,0,0.707,0,TRUE,TRUE
29.723,0.275,0.958,0.12,0,-0.808,0,-0.59,-17.721,0.316,0.958,0.249,-0.179,-0.769,0.246,-0.562,-54.563,0.515,1.304,0.06,-0.567,-0.223,0.776,-0.163,112.508,0.713,0.972,-0.003,-0.417,-0.571,0.571,-0.417,-147.903,0.741,0.972,0.086,-0.699,-0.698,0.109,0.109,-90,0.831,0.972,0.057,-0.5,-0.5,0.5,0.5,72.307,0.831,0.89,0.057,-0.707,0,0.707,0,TRUE,TRUE
29.825,0.275,0.958,0.12,0,-0.808,0,-0.59,-17.721,0.316,0.958,0.249,-0.179,-0.769,0.246,-0.562,-54.563,0.515,1.304,0.06,-0.567,-0.223,0.776,-0.163,112.508,0.713,0.972,-0.003,-0.417,-0.571,0.571,-0.417,-147.903,0.741,0.972,0.086,-0.699,-0.698,0.109,0.109,-90,0.831,0.972,0.057,-0.5,-0.5,0.5,0.5,72.307,0.831,0.89,0.057,-0.707,0,0.707,0,TRUE,TRUE
29.932,0.275,0.958,0.12,0,-0.808,0,-0.59,-17.721,0.316,0.958,0.249,-0.179,-0.769,0.246,-0.562,-54.563,0.515,1.304,0.06,-0.567,-0.223,0.776,-0.163,112.508,0.713,0.972,-0.003,-0.417,-0.571,0.571,-0.417,-147.903,0.741,0.972,0.086,-0.699,-0.698,0.109,0.109,-90,0.831,0.972,0.057,-0.5,-0.5,0.5,0.5,72.307,0.831,0.89,0.057,-0.707,0,0.707,0,TRUE,TRUE
30.033,0.275,0.958,0.12,0,-0.808,0,-0.59,-17.721,0.316,0.958,0.249,-0.179,-0.769,0.246,-0.562,-54.563,0.515,1.304,0.06,-0.567,-0.223,0.776,-0.163,112.508,0.713,0.972,-0.003,-0.417,-0.571,0.571,-0.417,-147.903,0.741,0.972,0.086,-0.699,-0.698,0.109,0.109,-90,0.831,0.972,0.057,-0.5,-0.5,0.5,0.5,72.307,0.831,0.89,0.057,-0.707,0,0.707,0,TRUE,TRUE
30.135,0.275,0.958,0.12,0,-0.808,0,-0.59,-17.721,0.316,0.958,0.249,-0.179,-0.769,0.246,-0.562,-54.563,0.515,1.304,0.06,-0.567,-0.223,0.776,-0.163,112.508,0.713,0.972,-0.003,-0.417,-0.571,0.571,-0.417,-147.903,0.741,0.972,0.086,-0.699,-0.698,0.109,0.109,-90,0.831,0.972,0.057,-0.5,-0.5,0.5,0.5,72.307,0.831,0.89,0.057,-0.707,0,0.707,0,TRUE,TRUE
30.237,0.275,0.958,0.12,0,-0.808,0,-0.59,-17.721,0.316,0.958,0.249,-0.179,-0.769,0.246,-0.562,-54.563,0.515,1.304,0.06,-0.567,-0.223,0.776,-0.163,112.508,0.713,0.972,-0.003,-0.417,-0.571,0.571,-0.417,-147.903,0.741,0.972,0.086,-0.699,-0.698,0.109,0.109,-90,0.831,0.972,0.057,-0.5,-0.5,0.5,0.5,72.307,0.831,0.89,0.057,-0.707,0,0.707,0,TRUE,TRUE
30.339,0.275,0.958,0.12,0,-0.808,0,-0.59,-17.721,0.316,0.958,0.249,-0.179,-0.769,0.246,-0.562,-54.563,0.515,1.304,0.06,-0.567,-0.223,0.776,-0.163,112.508,0.713,0.972,-0.003,-0.417,-0.571,0.571,-0.417,-147.903,0.741,0.972,0.086,-0.699,-0.698,0.109,0.109,-90,0.831,0.972,0.057,-0.5,-0.5,0.5,0.5,72.307,0.831,0.89,0.057,-0.707,0,0.707,0,TRUE,TRUE
30.442,0.275,0.958,0.12,0,-0.808,0,-0.59,-17.72,0.316,0.958,0.249,-0.179,-0.769,0.246,-0.562,-54.562,0.515,1.304,0.06,-0.567,-0.223,0.776,-0.163,112.508,0.713,0.972,-0.003,-0.417,-0.571,0.571,-0.417,-147.903,0.741,0.972,0.086,-0.699,-0.698,0.109,0.109,-90,0.831,0.972,0.057,-0.5,-0.5,0.5,0.5,72.307,0.831,0.89,0.057,-0.707,0,0.707,0,FALSE,FALSE
30.548,0.275,0.958,0.12,0,-0.808,0,-0.59,-17.721,0.316,0.958,0.249,-0.179,-0.769,0.246,-0.562,-54.563,0.515,1.304,0.06,-0.567,-0.223,0.776,-0.163,112.508,0.713,0.972,-0.003,-0.417,-0.571,0.571,-0.417,-147.903,0.741,0.972,0.086,-0.699,-0.698,0.109,0.109,-90,0.831,0.972,0.057,-0.5,-0.5,0.5,0.5,72.307,0.831,0.89,0.057,-0.707,0,0.707,0,FALSE,FALSE
30.653,0.275,0.958,0.12,0,-0.808,0,-0.59,-17.721,0.316,0.958,0.249,-0.179,-0.769,0.246,-0.562,-54.563,0.515,1.304,0.06,-0.567,-0.223,0.776,-0.163,112.508,0.713,0.972,-0.003,-0.417,-0.571,0.571,-0.417,-147.903,0.741,0.972,0.086,-0.699,-0.698,0.109,0.109,-90,0.831,0.972,0.057,-0.5,-0.5,0.5,0.5,72.307,0.831,0.89,0.057,-0.707,0,0.707,0,FALSE,FALSE
30.754,0.275,0.958,0.12,0,-0.808,0,-0.59,-17.721,0.316,0.958,0.249,-0.179,-0.769,0.246,-0.562,-54.563,0.515,1.304,0.06,-0.567,-0.223,0.776,-0.163,112.508,0.713,0.972,-0.003,-0.417,-0.571,0.571,-0.417,-147.903,0.741,0.972,0.086,-0.699,-0.698,0.109,0.109,-90,0.831,0.972,0.057,-0.5,-0.5,0.5,0.5,72.307,0.831,0.89,0.057,-0.707,0,0.707,0,FALSE,FALSE
30.855,0.275,0.958,0.12,0,-0.808,0,-0.59,-17.721,0.316,0.958,0.249,-0.179,-0.769,0.246,-0.562,-54.563,0.515,1.304,0.06,-0.567,-0.223,0.776,-0.163,112.508,0.713,0.972,-0.003,-0.417,-0.571,0.571,-0.417,-147.903,0.741,0.972,0.086,-0.699,-0.698,0.109,0.109,-90,0.831,0.972,0.057,-0.5,-0.5,0.5,0.5,72.307,0.831,0.89,0.057,-0.707,0,0.707,0,FALSE,FALSE
30.957,0.275,0.958,0.12,0,-0.808,0,-0.59,-17.721,0.316,0.958,0.249,-0.179,-0.769,0.246,-0.562,-54.563,0.515,1.304,0.06,-0.567,-0.223,0.776,-0.163,112.508,0.713,0.972,-0.003,-0.417,-0.571,0.571,-0.417,-147.903,0.741,0.972,0.086,-0.699,-0.698,0.109,0.109,-90,0.831,0.972,0.057,-0.5,-0.5,0.5,0.5,72.307,0.831,0.89,0.057,-0.707,0,0.707,0,FALSE,FALSE
31.059,0.275,0.958,0.12,0,-0.808,0,-0.59,-17.721,0.316,0.958,0.249,-0.179,-0.769,0.246,-0.562,-54.563,0.515,1.304,0.06,-0.567,-0.223,0.776,-0.163,112.508,0.713,0.972,-0.003,-0.417,-0.571,0.571,-0.417,-147.903,0.741,0.972,0.086,-0.699,-0.698,0.109,0.109,-90,0.831,0.972,0.057,-0.5,-0.5,0.5,0.5,72.307,0.831,0.89,0.057,-0.707,0,0.707,0,FALSE,FALSE
31.16,0.275,0.958,0.12,0,-0.808,0,-0.59,-17.721,0.316,0.958,0.249,-0.179,-0.769,0.246,-0.562,-54.563,0.515,1.304,0.06,-0.567,-0.223,0.776,-0.163,112.508,0.713,0.972,-0.003,-0.417,-0.571,0.571,-0.417,-147.903,0.741,0.972,0.086,-0.699,-0.698,0.109,0.109,-90,0.831,0.972,0.057,-0.5,-0.5,0.5,0.5,72.307,0.831,0.89,0.057,-0.707,0,0.707,0,FALSE,FALSE
31.262,0.275,0.958,0.12,0,-0.808,0,-0.59,-17.721,0.316,0.958,0.249,-0.179,-0.769,0.246,-0.562,-54.563,0.515,1.304,0.06,-0.567,-0.223,0.776,-0.163,112.508,0.713,0.972,-0.003,-0.417,-0.571,0.571,-0.417,-147.903,0.741,0.972,0.086,-0.699,-0.698,0.109,0.109,-90,0.831,0.972,0.057,-0.5,-0.5,0.5,0.5,72.307,0.831,0.89,0.057,-0.707,0,0.707,0,FALSE,FALSE
31.37,0.275,0.958,0.12,0,-0.808,0,-0.59,-17.721,0.316,0.958,0.249,-0.179,-0.769,0.246,-0.562,-54.563,0.515,1.304,0.06,-0.567,-0.223,0.776,-0.163,112.508,0.713,0.972,-0.003,-0.417,-0.571,0.571,-0.417,-147.903,0.741,0.972,0.086,-0.699,-0.698,0.109,0.109,-90,0.831,0.972,0.057,-0.5,-0.5,0.5,0.5,72.307,0.831,0.89,0.057,-0.707,0,0.707,0,FALSE,FALSE
31.471,0.275,0.958,0.12,0,-0.808,0,-0.59,-17.721,0.316,0.958,0.249,-0.179,-0.769,0.246,-0.562,-54.563,0.515,1.304,0.06,-0.567,-0.223,0.776,-0.163,112.508,0.713,0.972,-0.003,-0.417,-0.571,0.571,-0.417,-147.903,0.741,0.972,0.086,-0.699,-0.698,0.109,0.109,-90,0.831,0.972,0.057,-0.5,-0.5,0.5,0.5,72.307,0.831,0.89,0.057,-0.707,0,0.707,0,FALSE,FALSE
31.572,0.275,0.958,0.12,0,-0.808,0,-0.59,-17.721,0.316,0.958,0.249,-0.179,-0.769,0.246,-0.562,-54.563,0.515,1.304,0.06,-0.567,-0.223,0.776,-0.163,112.508,0.713,0.972,-0.003,-0.417,-0.571,0.571,-0.417,-147.903,0.741,0.972,0.086,-0.699,-0.698,0.109,0.109,-90,0.831,0.972,0.057,-0.5,-0.5,0.5,0.5,72.307,0.831,0.89,0.057,-0.707,0,0.707,0,FALSE,FALSE
31.678,0.275,0.958,0.12,0,-0.808,0,-0.59,-17.721,0.316,0.958,0.249,-0.179,-0.769,0.246,-0.562,-54.563,0.515,1.304,0.06,-0.567,-0.223,0.776,-0.163,112.508,0.713,0.972,-0.003,-0.417,-0.571,0.571,-0.417,-147.903,0.741,0.972,0.086,-0.699,-0.698,0.109,0.109,-90,0.831,0.972,0.057,-0.5,-0.5,0.5,0.5,72.307,0.831,0.89,0.057,-0.707,0,0.707,0,FALSE,FALSE
31.784,0.275,0.958,0.12,0,-0.808,0,-0.59,-17.721,0.316,0.958,0.249,-0.179,-0.769,0.246,-0.562,-54.563,0.515,1.304,0.06,-0.567,-0.223,0.776,-0.163,112.508,0.713,0.972,-0.003,-0.417,-0.571,0.571,-0.417,-147.903,0.741,0.972,0.086,-0.699,-0.698,0.109,0.109,-90,0.831,0.972,0.057,-0.5,-0.5,0.5,0.5,72.307,0.831,0.89,0.057,-0.707,0,0.707,0,FALSE,FALSE
31.896,0.275,0.958,0.12,0,-0.808,0,-0.59,-17.747,0.316,0.958,0.249,-0.171,-0.773,0.234,-0.564,-56.295,0.505,1.312,0.063,-0.564,-0.237,0.772,-0.173,112.098,0.715,0.987,-0.004,-0.429,-0.555,0.587,-0.405,-142.558,0.743,0.987,0.085,-0.718,-0.679,0.112,0.106,-90,0.833,0.982,0.056,-0.517,-0.482,0.491,0.509,72.307,0.828,0.9,0.057,-0.706,0.025,0.707,0.013,FALSE,FALSE
31.998,0.275,0.958,0.12,0,-0.808,0,-0.59,-17.715,0.316,0.958,0.249,-0.154,-0.78,0.211,-0.569,-59.74,0.484,1.325,0.07,-0.558,-0.263,0.764,-0.192,111.776,0.714,1.016,-0.003,-0.42,-0.567,0.575,-0.414,-141.155,0.742,1.016,0.085,-0.704,-0.693,0.11,0.108,-90,0.832,1.015,0.057,-0.505,-0.495,0.498,0.503,72.307,0.831,0.932,0.057,-0.707,0.007,0.707,0.004,FALSE,FALSE
32.101,0.275,0.958,0.12,0,-0.808,0,-0.59,-17.717,0.316,0.958,0.249,-0.15,-0.781,0.206,-0.57,-60.453,0.48,1.328,0.072,-0.556,-0.267,0.762,-0.195,111.765,0.713,1.022,-0.003,-0.418,-0.57,0.572,-0.416,-141.152,0.741,1.022,0.086,-0.7,-0.698,0.109,0.109,-90,0.832,1.021,0.057,-0.501,-0.499,0.5,0.501,72.307,0.831,0.939,0.057,-0.707,0.001,0.707,0.001,FALSE,FALSE
32.211,0.275,0.958,0.12,0,-0.808,0,-0.59,-17.718,0.316,0.958,0.249,-0.15,-0.781,0.205,-0.57,-60.544,0.479,1.328,0.072,-0.556,-0.268,0.762,-0.196,111.766,0.713,1.022,-0.003,-0.417,-0.571,0.571,-0.417,-141.152,0.741,1.022,0.086,-0.699,-0.698,0.109,0.109,-90,0.831,1.022,0.057,-0.5,-0.5,0.5,0.5,72.307,0.831,0.94,0.057,-0.707,0.001,0.707,0,FALSE,FALSE
32.315,0.275,0.958,0.12,0,-0.808,0,-0.59,-17.719,0.316,0.958,0.249,-0.15,-0.781,0.205,-0.57,-60.562,0.479,1.328,0.072,-0.556,-0.268,0.762,-0.196,111.766,0.713,1.023,-0.003,-0.417,-0.571,0.571,-0.417,-141.152,0.741,1.023,0.086,-0.699,-0.698,0.109,0.109,-90,0.831,1.022,0.057,-0.5,-0.5,0.5,0.5,72.307,0.831,0.94,0.057,-0.707,0,0.707,0,FALSE,FALSE
32.417,0.275,0.958,0.12,0,-0.808,0,-0.59,-17.719,0.316,0.958,0.249,-0.15,-0.781,0.205,-0.57,-60.565,0.479,1.328,0.072,-0.556,-0.268,0.762,-0.196,111.766,0.713,1.023,-0.003,-0.417,-0.571,0.571,-0.417,-141.152,0.741,1.023,0.086,-0.699,-0.698,0.109,0.109,-90,0.831,1.023,0.057,-0.5,-0.5,0.5,0.5,72.307,0.831,0.94,0.057,-0.707,0,0.707,0,FALSE,FALSE
32.522,0.275,0.958,0.12,0,-0.808,0,-0.59,-17.719,0.316,0.958,0.249,-0.15,-0.781,0.205,-0.57,-60.566,0.479,1.328,0.072,-0.556,-0.268,0.762,-0.196,111.766,0.713,1.023,-0.003,-0.417,-0.571,0.571,-0.417,-141.152,0.741,1.023,0.086,-0.699,-0.698,0.109,0.109,-90,0.831,1.023,0.057,-0.5,-0.5,0.5,0.5,72.307,0.831,0.94,0.057,-0.707,0,0.707,0,FALSE,FALSE
32.629,0.275,0.958,0.12,0,-0.808,0,-0.59,-17.719,0.316,0.958,0.249,-0.15,-0.781,0.205,-0.57,-60.566,0.479,1.328,0.072,-0.556,-0.268,0.762,-0.196,111.766,0.713,1.023,-0.003,-0.417,-0.571,0.571,-0.417,-141.152,0.741,1.023,0.086,-0.699,-0.698,0.109,0.109,-90,0.831,1.023,0.057,-0.5,-0.5,0.5,0.5,72.307,0.831,0.94,0.057,-0.707,0,0.707,0,FALSE,FALSE
32.735,0.275,0.958,0.12,0,-0.808,0,-0.59,-17.719,0.316,0.958,0.249,-0.15,-0.781,0.205,-0.57,-60.566,0.479,1.328,0.072,-0.556,-0.268,0.762,-0.196,111.766,0.713,1.023,-0.003,-0.417,-0.571,0.571,-0.417,-141.152,0.741,1.023,0.086,-0.699,-0.698,0.109,0.109,-90,0.831,1.023,0.057,-0.5,-0.5,0.5,0.5,72.307,0.831,0.94,0.057,-0.707,0,0.707,0,FALSE,FALSE
32.841,0.275,0.958,0.12,0,-0.808,0,-0.59,-17.719,0.316,0.958,0.249,-0.15,-0.781,0.205,-0.57,-60.566,0.479,1.328,0.072,-0.556,-0.268,0.762,-0.196,111.766,0.713,1.023,-0.003,-0.417,-0.571,0.571,-0.417,-141.152,0.741,1.023,0.086,-0.699,-0.698,0.109,0.109,-90,0.831,1.023,0.057,-0.5,-0.5,0.5,0.5,72.307,0.831,0.94,0.057,-0.707,0,0.707,0,FALSE,FALSE
32.947,0.275,0.958,0.12,0,-0.808,0,-0.59,-17.719,0.316,0.958,0.249,-0.15,-0.781,0.205,-0.57,-60.566,0.479,1.328,0.072,-0.556,-0.268,0.762,-0.196,111.766,0.713,1.023,-0.003,-0.417,-0.571,0.571,-0.417,-141.152,0.741,1.023,0.086,-0.699,-0.698,0.109,0.109,-90,0.831,1.023,0.057,-0.5,-0.5,0.5,0.5,72.307,0.831,0.94,0.057,-0.707,0,0.707,0,FALSE,FALSE
33.051,0.275,0.958,0.12,0,-0.808,0,-0.59,-17.719,0.316,0.958,0.249,-0.15,-0.781,0.205,-0.57,-60.566,0.479,1.328,0.072,-0.556,-0.268,0.762,-0.196,111.766,0.713,1.023,-0.003,-0.417,-0.571,0.571,-0.417,-141.152,0.741,1.023,0.086,-0.699,-0.698,0.109,0.109,-90,0.831,1.023,0.057,-0.5,-0.5,0.5,0.5,72.307,0.831,0.94,0.057,-0.707,0,0.707,0,FALSE,FALSE
33.155,0.275,0.958,0.12,0,-0.808,0,-0.59,-17.719,0.316,0.958,0.249,-0.15,-0.781,0.205,-0.57,-60.566,0.479,1.328,0.072,-0.556,-0.268,0.762,-0.196,111.766,0.713,1.023,-0.003,-0.417,-0.571,0.571,-0.417,-141.152,0.741,1.023,0.086,-0.699,-0.698,0.109,0.109,-90,0.831,1.023,0.057,-0.5,-0.5,0.5,0.5,72.307,0.831,0.94,0.057,-0.707,0,0.707,0,FALSE,FALSE
33.26,0.275,0.958,0.12,0,-0.808,0,-0.59,-17.719,0.316,0.958,0.249,-0.15,-0.781,0.205,-0.57,-60.566,0.479,1.328,0.072,-0.556,-0.268,0.762,-0.196,111.766,0.713,1.023,-0.003,-0.417,-0.571,0.571,-0.417,-141.152,0.741,1.023,0.086,-0.699,-0.698,0.109,0.109,-90,0.831,1.023,0.057,-0.5,-0.5,0.5,0.5,72.307,0.831,0.94,0.057,-0.707,0,0.707,0,FALSE,FALSE
33.367,0.275,0.958,0.12,0,-0.808,0,-0.59,-17.719,0.316,0.958,0.249,-0.15,-0.781,0.205,-0.57,-60.566,0.479,1.328,0.072,-0.556,-0.268,0.762,-0.196,111.766,0.713,1.023,-0.003,-0.417,-0.571,0.571,-0.417,-141.152,0.741,1.023,0.086,-0.699,-0.698,0.109,0.109,-90,0.831,1.023,0.057,-0.5,-0.5,0.5,0.5,72.307,0.831,0.94,0.057,-0.707,0,0.707,0,FALSE,FALSE
33.47,0.275,0.958,0.12,0,-0.681,0,-0.732,4.096,0.265,0.958,0.256,-0.263,-0.636,0.245,-0.683,-47.941,0.558,1.274,0.156,-0.559,-0.44,0.521,-0.472,57.596,0.944,1.208,0.184,-0.575,-0.422,0.535,-0.453,-86.142,0.937,1.208,0.277,-0.785,-0.619,-0.028,-0.022,-89.941,1.029,1.186,0.283,-0.785,-0.619,-0.027,-0.022,0.095,1.01,1.106,0.282,-0.992,0.118,-0.035,0.004,FALSE,FALSE
33.576,0.275,0.958,0.12,0,-0.541,0,-0.841,24.556,0.219,0.958,0.244,-0.315,-0.501,0.203,-0.78,-45.959,0.537,1.264,0.257,-0.651,-0.343,0.418,-0.533,57.311,0.887,1.186,0.417,-0.669,-0.328,0.43,-0.51,-85.944,0.848,1.186,0.502,-0.777,-0.592,-0.169,-0.129,-89.938,0.931,1.161,0.54,-0.777,-0.592,-0.169,-0.129,0.008,0.911,1.082,0.531,-0.968,0.131,-0.211,0.028,FALSE,FALSE
33.68,0.275,0.958,0.12,0,-0.383,0,-0.924,45.005,0.179,0.958,0.216,-0.348,-0.354,0.144,-0.856,-45.706,0.473,1.262,0.341,-0.716,-0.242,0.297,-0.584,57.304,0.745,1.184,0.613,-0.736,-0.231,0.305,-0.558,-85.943,0.679,1.184,0.679,-0.736,-0.558,-0.305,-0.232,-89.936,0.744,1.158,0.743,-0.736,-0.558,-0.305,-0.232,0.008,0.728,1.079,0.728,-0.915,0.126,-0.379,0.052,FALSE,FALSE
33.785,0.275,0.958,0.12,0,-0.177,0,-0.984,69.556,0.148,0.958,0.167,-0.371,-0.164,0.067,-0.911,-45.664,0.364,1.262,0.404,-0.763,-0.112,0.138,-0.622,57.303,0.498,1.183,0.764,-0.784,-0.107,0.141,-0.594,-85.943,0.411,1.183,0.796,-0.655,-0.496,-0.454,-0.345,-89.936,0.442,1.157,0.882,-0.655,-0.496,-0.454,-0.345,0.008,0.435,1.078,0.861,-0.814,0.112,-0.565,0.077,FALSE,FALSE
33.887,0.275,0.958,0.12,0,0,0,-1,90.017,0.139,0.958,0.12,-0.377,0,0,-0.926,-45.66,0.259,1.262,0.417,-0.775,0,0,-0.632,57.303,0.259,1.183,0.801,-0.797,0,0,-0.604,-85.943,0.166,1.183,0.801,-0.564,-0.427,-0.563,-0.427,-89.936,0.166,1.157,0.892,-0.564,-0.427,-0.563,-0.427,0.008,0.166,1.078,0.87,-0.7,0.097,-0.7,0.096,FALSE,FALSE
33.993,0.275,0.958,0.12,0,0.178,0,-0.984,110.478,0.148,0.958,0.072,-0.371,0.165,-0.067,-0.911,-45.659,0.156,1.262,0.393,-0.763,0.112,-0.138,-0.622,57.303,0.022,1.183,0.753,-0.784,0.107,-0.142,-0.594,-85.943,-0.066,1.183,0.72,-0.455,-0.344,-0.655,-0.496,-89.936,-0.097,1.157,0.805,-0.455,-0.344,-0.655,-0.496,0.008,-0.09,1.078,0.784,-0.565,0.078,-0.814,0.112,FALSE,FALSE
34.099,0.275,0.958,0.12,0,0.35,0,-0.937,130.94,0.172,0.958,0.031,-0.354,0.324,-0.132,-0.868,-45.659,0.068,1.262,0.334,-0.726,0.221,-0.271,-0.592,57.303,-0.184,1.183,0.624,-0.747,0.211,-0.279,-0.566,-85.943,-0.254,1.183,0.563,-0.331,-0.25,-0.725,-0.55,-89.936,-0.314,1.157,0.632,-0.331,-0.25,-0.725,-0.55,0.008,-0.299,1.078,0.615,-0.411,0.057,-0.901,0.124,FALSE,FALSE
34.201,0.275,0.958,0.12,0,0.536,0,-0.844,154.839,0.217,0.958,-0.003,-0.319,0.496,-0.202,-0.782,-45.659,-0.001,1.262,0.232,-0.654,0.339,-0.416,-0.533,57.303,-0.348,1.183,0.395,-0.673,0.324,-0.427,-0.51,-85.943,-0.388,1.183,0.311,-0.174,-0.131,-0.778,-0.589,-89.946,-0.47,1.157,0.35,-0.174,-0.131,-0.778,-0.589,0.004,-0.45,1.078,0.34,-0.216,0.03,-0.967,0.133,FALSE,FALSE
34.305,0.275,0.958,0.12,0,0.647,0,-0.763,170.577,0.253,0.958,-0.014,-0.288,0.599,-0.244,-0.706,-45.66,-0.021,1.262,0.153,-0.591,0.409,-0.501,-0.482,57.303,-0.4,1.183,0.216,-0.608,0.391,-0.515,-0.461,-85.943,-0.415,1.183,0.124,-0.066,-0.049,-0.794,-0.602,-89.954,-0.505,1.157,0.139,-0.066,-0.049,-0.794,-0.602,0,-0.483,1.078,0.135,-0.081,0.012,-0.987,0.136,FALSE,FALSE
34.407,0.275,0.958,0.12,0,0.686,0,-0.728,176.567,0.267,0.958,-0.016,-0.275,0.635,-0.259,-0.674,-45.657,-0.022,1.262,0.122,-0.564,0.433,-0.531,-0.46,57.304,-0.406,1.183,0.145,-0.58,0.414,-0.546,-0.44,-85.944,-0.412,1.183,0.052,-0.024,-0.018,-0.797,-0.604,-89.954,-0.502,1.157,0.057,-0.024,-0.018,-0.797,-0.604,0,-0.48,1.078,0.056,-0.03,0.004,-0.99,0.137,FALSE,FALSE
34.511,0.275,0.958,0.12,0,0.699,0,-0.715,178.733,0.272,0.958,-0.016,-0.27,0.648,-0.264,-0.662,-45.656,-0.022,1.262,0.11,-0.554,0.442,-0.542,-0.452,57.304,-0.406,1.183,0.119,-0.57,0.422,-0.557,-0.432,-85.944,-0.408,1.183,0.026,-0.009,-0.006,-0.797,-0.604,-89.954,-0.5,1.157,0.028,-0.009,-0.006,-0.797,-0.604,0,-0.477,1.078,0.027,-0.011,0.002,-0.991,0.137,FALSE,FALSE
34.612,0.275,0.958,0.12,0,0.704,0,-0.71,179.523,0.274,0.958,-0.016,-0.268,0.652,-0.266,-0.658,-45.655,-0.022,1.262,0.106,-0.55,0.445,-0.546,-0.449,57.303,-0.406,1.183,0.11,-0.566,0.425,-0.561,-0.429,-85.944,-0.407,1.183,0.017,-0.004,-0.002,-0.797,-0.604,-89.954,-0.498,1.157,0.017,-0.004,-0.002,-0.797,-0.604,0,-0.476,1.078,0.017,-0.004,0.001,-0.991,0.137,FALSE,FALSE
34.713,0.275,0.958,0.12,0,0.706,0,-0.708,179.811,0.275,0.958,-0.016,-0.267,0.654,-0.266,-0.656,-45.656,-0.022,1.262,0.105,-0.549,0.446,-0.547,-0.447,57.303,-0.406,1.183,0.106,-0.565,0.426,-0.563,-0.428,-85.944,-0.407,1.183,0.013,-0.002,-0.001,-0.797,-0.604,-89.954,-0.498,1.157,0.013,-0.002,-0.001,-0.797,-0.604,0,-0.475,1.078,0.013,-0.002,0.001,-0.991,0.137,FALSE,FALSE
34.816,0.275,0.958,0.12,0,0.707,0,-0.708,179.916,0.275,0.958,-0.016,-0.267,0.654,-0.267,-0.655,-45.656,-0.022,1.262,0.104,-0.549,0.446,-0.548,-0.447,57.303,-0.406,1.183,0.105,-0.564,0.427,-0.563,-0.427,-85.944,-0.406,1.183,0.012,-0.001,0,-0.797,-0.604,-89.954,-0.498,1.157,0.012,-0.001,0,-0.797,-0.604,0,-0.475,1.078,0.012,-0.001,0,-0.991,0.137,FALSE,FALSE
34.919,0.275,0.958,0.12,0,0.659,0,-0.752,172.396,0.257,0.958,-0.015,-0.105,0.652,-0.092,-0.745,-74.017,0.157,1.367,0.119,-0.727,0.17,-0.636,-0.195,134.032,-0.037,1.027,0.145,-0.56,0.44,-0.49,-0.503,-143.823,-0.05,1.027,0.053,-0.05,-0.043,-0.743,-0.666,-89.843,-0.143,1.017,0.066,0.243,0.283,-0.688,-0.623,-51.339,-0.134,0.935,0.064,0.372,0.028,-0.927,0.046,FALSE,FALSE
35.025,0.275,0.958,0.12,0,0.028,0,-1,93.17,0.139,0.958,0.112,-0.029,0.028,-0.001,-0.999,-86.641,0.257,1.382,0.144,-0.977,0.006,-0.027,-0.212,152.174,0.249,1.025,0.306,-0.702,0.02,-0.019,-0.711,-156.244,0.156,1.025,0.301,-0.483,-0.489,-0.51,-0.517,-89.996,0.15,1.027,0.396,-0.145,-0.153,-0.69,-0.692,-62.482,0.15,0.944,0.397,-0.211,-0.006,-0.977,-0.002,FALSE,FALSE
35.125,0.275,0.958,0.12,0,-0.598,0,-0.801,16.48,0.236,0.958,0.25,-0.018,-0.598,0.014,-0.801,-87.409,0.289,1.383,0.141,-0.782,-0.13,0.584,-0.174,152.359,0.448,1.027,0.188,-0.56,-0.428,0.418,-0.573,-156.251,0.422,1.027,0.277,-0.692,-0.708,-0.1,-0.103,-89.975,0.512,1.03,0.304,-0.538,-0.553,-0.453,-0.447,-62.483,0.514,0.947,0.305,-0.772,-0.011,-0.636,0.004,FALSE,FALSE
35.229,0.275,0.958,0.12,0,-0.967,0,-0.255,-60.4,0.393,0.958,0.187,-0.006,-0.967,0.021,-0.255,-87.462,0.298,1.383,0.112,-0.249,-0.21,0.944,-0.056,152.365,0.381,1.028,-0.033,-0.178,-0.692,0.676,-0.183,-156.251,0.461,1.028,0.013,-0.604,-0.618,0.352,0.36,-89.973,0.508,1.03,-0.069,-0.703,-0.711,-0.02,-0.006,-62.483,0.509,0.947,-0.071,-1,-0.006,-0.018,0.01,FALSE,FALSE
35.331,0.275,0.958,0.12,0,-0.938,0,0.346,-130.528,0.378,0.958,0.032,0.01,-0.938,0.027,0.346,-86.714,0.271,1.382,0.091,0.338,-0.199,0.917,0.074,152.187,0.166,1.026,-0.033,0.243,-0.668,0.659,0.247,-156.254,0.236,1.026,-0.093,-0.294,-0.298,0.638,0.647,-89.994,0.175,1.027,-0.165,-0.586,-0.585,0.391,0.401,-62.462,0.174,0.945,-0.166,-0.829,0.001,0.56,0.007,FALSE,FALSE
35.431,0.275,0.958,0.12,0,-0.858,0,0.514,-151.827,0.339,0.958,0,0.018,-0.857,0.031,0.513,-85.88,0.256,1.382,0.091,0.503,-0.177,0.84,0.106,152.077,0.116,1.023,0.017,0.363,-0.607,0.606,0.363,-156.262,0.16,1.023,-0.065,-0.172,-0.172,0.685,0.686,-90,0.077,1.023,-0.11,-0.503,-0.503,0.497,0.498,-62.448,0.077,0.941,-0.11,-0.711,0,0.703,0.001,FALSE,FALSE
35.533,0.275,0.958,0.12,0,-0.855,0,0.518,-152.452,0.338,0.958,0,0.019,-0.855,0.031,0.518,-85.806,0.255,1.382,0.091,0.507,-0.176,0.837,0.107,152.072,0.115,1.023,0.018,0.367,-0.605,0.605,0.367,-156.262,0.158,1.023,-0.064,-0.168,-0.168,0.687,0.687,-90,0.074,1.023,-0.108,-0.5,-0.5,0.5,0.5,-62.448,0.074,0.941,-0.108,-0.707,0,0.707,0,FALSE,FALSE
35.633,0.275,0.958,0.12,0,-0.855,0,0.519,-152.464,0.338,0.958,0,0.019,-0.854,0.031,0.518,-85.8,0.255,1.382,0.091,0.507,-0.176,0.837,0.107,152.071,0.115,1.023,0.018,0.367,-0.605,0.605,0.367,-156.262,0.158,1.023,-0.064,-0.168,-0.168,0.687,0.687,-90,0.074,1.023,-0.108,-0.5,-0.5,0.5,0.5,-62.448,0.074,0.941,-0.108,-0.707,0,0.707,0,FALSE,FALSE
35.739,0.275,0.958,0.12,0,-0.855,0,0.519,-152.465,0.338,0.958,0,0.019,-0.854,0.031,0.518,-85.799,0.255,1.382,0.091,0.507,-0.176,0.837,0.107,152.071,0.115,1.023,0.018,0.367,-0.605,0.605,0.367,-156.262,0.158,1.023,-0.064,-0.168,-0.168,0.687,0.687,-90,0.074,1.023,-0.108,-0.5,-0.5,0.5,0.5,-62.448,0.074,0.941,-0.108,-0.707,0,0.707,0,FALSE,FALSE
35.845,0.275,0.958,0.12,0,-0.855,0,0.519,-152.465,0.338,0.958,0,0.019,-0.854,0.031,0.518,-85.799,0.255,1.382,0.091,0.507,-0.176,0.837,0.107,152.071,0.115,1.023,0.018,0.367,-0.605,0.605,0.367,-156.262,0.158,1.023,-0.064,-0.168,-0.168,0.687,0.687,-90,0.074,1.023,-0.108,-0.5,-0.5,0.5,0.5,-62.448,0.074,0.941,-0.108,-0.707,0,0.707,0,FALSE,FALSE
35.946,0.275,0.958,0.12,0,-0.855,0,0.519,-152.465,0.338,0.958,0,0.019,-0.854,0.031,0.518,-85.799,0.255,1.382,0.091,0.507,-0.176,0.837,0.107,152.071,0.115,1.023,0.018,0.367,-0.605,0.605,0.367,-156.262,0.158,1.023,-0.064,-0.168,-0.168,0.687,0.687,-90,0.074,1.023,-0.108,-0.5,-0.5,0.5,0.5,-62.448,0.074,0.941,-0.108,-0.707,0,0.707,0,FALSE,FALSE
36.048,0.275,0.958,0.12,0,-0.855,0,0.519,-152.465,0.338,0.958,0,0.019,-0.854,0.031,0.518,-85.799,0.255,1.382,0.091,0.507,-0.176,0.837,0.107,152.071,0.115,1.023,0.018,0.367,-0.605,0.605,0.367,-156.262,0.158,1.023,-0.064,-0.168,-0.168,0.687,0.687,-90,0.074,1.023,-0.108,-0.5,-0.5,0.5,0.5,-62.448,0.074,0.941,-0.108,-0.707,0,0.707,0,FALSE,FALSE
36.153,0.275,0.958,0.12,0,-0.855,0,0.519,-152.465,0.338,0.958,0,0.019,-0.854,0.031,0.518,-85.799,0.255,1.382,0.091,0.507,-0.176,0.837,0.107,152.071,0.115,1.023,0.018,0.367,-0.605,0.605,0.367,-156.262,0.158,1.023,-0.064,-0.168,-0.168,0.687,0.687,-90,0.074,1.023,-0.108,-0.5,-0.5,0.5,0.5,-62.448,0.074,0.941,-0.108,-0.707,0,0.707,0,FALSE,FALSE
36.256,0.275,0.958,0.12,0,-0.855,0,0.519,-152.465,0.338,0.958,0,0.019,-0.854,0.031,0.518,-85.799,0.255,1.382,0.091,0.507,-0.176,0.837,0.107,152.071,0.115,1.023,0.018,0.367,-0.605,0.605,0.367,-156.262,0.158,1.023,-0.064,-0.168,-0.168,0.687,0.687,-90,0.074,1.023,-0.108,-0.5,-0.5,0.5,0.5,-62.448,0.074,0.941,-0.108,-0.707,0,0.707,0,FALSE,FALSE
36.357,0.275,0.958,0.12,0,-0.855,0,0.519,-152.465,0.338,0.958,0,0.019,-0.854,0.031,0.518,-85.799,0.255,1.382,0.091,0.507,-0.176,0.837,0.107,152.071,0.115,1.023,0.018,0.367,-0.605,0.605,0.367,-156.262,0.158,1.023,-0.064,-0.168,-0.168,0.687,0.687,-90,0.074,1.023,-0.108,-0.5,-0.5,0.5,0.5,-62.448,0.074,0.941,-0.108,-0.707,0,0.707,0,FALSE,FALSE
36.458,0.275,0.958,0.12,0,-0.855,0,0.519,-152.465,0.338,0.958,0,0.019,-0.854,0.031,0.518,-85.799,0.255,1.382,0.091,0.507,-0.176,0.837,0.107,152.071,0.115,1.023,0.018,0.367,-0.605,0.605,0.367,-156.262,0.158,1.023,-0.064,-0.168,-0.168,0.687,0.687,-90,0.074,1.023,-0.108,-0.5,-0.5,0.5,0.5,-62.448,0.074,0.941,-0.108,-0.707,0,0.707,0,TRUE,FALSE
36.562,0.275,0.958,0.12,0,-0.855,0,0.519,-152.465,0.338,0.958,0,0.019,-0.854,0.031,0.518,-85.799,0.255,1.382,0.091,0.507,-0.176,0.837,0.107,152.071,0.115,1.023,0.018,0.367,-0.605,0.605,0.367,-156.262,0.158,1.023,-0.064,-0.168,-0.168,0.687,0.687,-90,0.074,1.023,-0.108,-0.5,-0.5,0.5,0.5,-62.448,0.074,0.941,-0.108,-0.707,0,0.707,0,TRUE,FALSE
36.662,0.275,0.958,0.12,0,-0.855,0,0.519,-152.465,0.338,0.958,0,0.019,-0.854,0.031,0.518,-85.799,0.255,1.382,0.091,0.507,-0.176,0.837,0.107,152.071,0.115,1.023,0.018,0.367,-0.605,0.605,0.367,-156.262,0.158,1.023,-0.064,-0.168,-0.168,0.687,0.687,-90,0.074,1.023,-0.108,-0.5,-0.5,0.5,0.5,-62.448,0.074,0.941,-0.108,-0.707,0,0.707,0,TRUE,FALSE
36.762,0.275,0.958,0.12,0,-0.855,0,0.519,-152.465,0.338,0.958,0,0.019,-0.854,0.031,0.518,-85.799,0.255,1.382,0.091,0.507,-0.176,0.837,0.107,152.071,0.115,1.023,0.018,0.367,-0.605,0.605,0.367,-156.262,0.158,1.023,-0.064,-0.168,-0.168,0.687,0.687,-90,0.074,1.023,-0.108,-0.5,-0.5,0.5,0.5,-62.448,0.074,0.941,-0.108,-0.707,0,0.707,0,TRUE,FALSE
36.865,0.275,0.958,0.12,0,-0.855,0,0.519,-152.465,0.338,0.958,0,0.019,-0.854,0.031,0.518,-85.799,0.255,1.382,0.091,0.507,-0.176,0.837,0.107,152.071,0.115,1.023,0.018,0.367,-0.605,0.605,0.367,-156.262,0.158,1.023,-0.064,-0.168,-0.168,0.687,0.687,-90,0.074,1.023,-0.108,-0.5,-0.5,0.5,0.5,-62.448,0.074,0.941,-0.108,-0.707,0,0.707,0,TRUE,FALSE
36.967,0.275,0.958,0.12,0,-0.855,0,0.519,-152.465,0.338,0.958,0,0.019,-0.854,0.031,0.518,-85.799,0.255,1.382,0.091,0.507,-0.176,0.837,0.107,152.071,0.115,1.023,0.018,0.367,-0.605,0.605,0.367,-156.262,0.158,1.023,-0.064,-0.168,-0.168,0.687,0.687,-90,0.074,1.023,-0.108,-0.5,-0.5,0.5,0.5,-62.448,0.074,0.941,-0.108,-0.707,0,0.707,0,TRUE,FALSE
37.07,0.275,0.958,0.12,0,-0.855,0,0.519,-152.465,0.338,0.958,0,0.019,-0.854,0.031,0.518,-85.799,0.255,1.382,0.091,0.507,-0.176,0.837,0.107,152.071,0.115,1.023,0.018,0.367,-0.605,0.605,0.367,-156.262,0.158,1.023,-0.064,-0.168,-0.168,0.687,0.687,-90,0.074,1.023,-0.108,-0.5,-0.5,0.5,0.5,-62.448,0.074,0.941,-0.108,-0.707,0,0.707,0,TRUE,FALSE
37.171,0.275,0.958,0.12,0,-0.855,0,0.519,-152.465,0.338,0.958,0,0.019,-0.854,0.031,0.518,-85.799,0.255,1.382,0.091,0.507,-0.176,0.837,0.107,152.071,0.115,1.023,0.018,0.367,-0.605,0.605,0.367,-156.262,0.158,1.023,-0.064,-0.168,-0.168,0.687,0.687,-90,0.074,1.023,-0.108,-0.5,-0.5,0.5,0.5,-62.448,0.074,0.941,-0.108,-0.707,0,0.707,0,TRUE,FALSE
37.273,0.275,0.958,0.12,0,-0.855,0,0.519,-152.465,0.338,0.958,0,0.019,-0.854,0.031,0.518,-85.799,0.255,1.382,0.091,0.507,-0.176,0.837,0.107,152.071,0.115,1.023,0.018,0.367,-0.605,0.605,0.367,-156.262,0.158,1.023,-0.064,-0.168,-0.168,0.687,0.687,-90,0.074,1.023,-0.108,-0.5,-0.5,0.5,0.5,-62.448,0.074,0.941,-0.108,-0.707,0,0.707,0,TRUE,FALSE
37.376,0.275,0.958,0.12,0,-0.855,0,0.519,-152.465,0.338,0.958,0,0.019,-0.854,0.031,0.518,-85.799,0.255,1.382,0.091,0.507,-0.176,0.837,0.107,152.071,0.115,1.023,0.018,0.367,-0.605,0.605,0.367,-156.262,0.158,1.023,-0.064,-0.168,-0.168,0.687,0.687,-90,0.074,1.023,-0.108,-0.5,-0.5,0.5,0.5,-62.448,0.074,0.941,-0.108,-0.707,0,0.707,0,TRUE,FALSE
37.476,0.275,0.958,0.12,0,-0.855,0,0.519,-152.465,0.338,0.958,0,0.019,-0.854,0.031,0.518,-85.799,0.255,1.382,0.091,0.507,-0.176,0.837,0.107,152.071,0.115,1.023,0.018,0.367,-0.605,0.605,0.367,-156.262,0.158,1.023,-0.064,-0.168,-0.168,0.687,0.687,-90,0.074,1.023,-0.108,-0.5,-0.5,0.5,0.5,-62.448,0.074,0.941,-0.108,-0.707,0,0.707,0,TRUE,FALSE
37.578,0.275,0.958,0.12,0,-0.855,0,0.519,-152.465,0.338,0.958,0,0.019,-0.854,0.031,0.518,-85.799,0.255,1.382,0.091,0.507,-0.176,0.837,0.107,152.071,0.115,1.023,0.018,0.367,-0.605,0.605,0.367,-156.262,0.158,1.023,-0.064,-0.168,-0.168,0.687,0.687,-90,0.074,1.023,-0.108,-0.5,-0.5,0.5,0.5,-62.448,0.074,0.941,-0.108,-0.707,0,0.707,0,TRUE,FALSE
37.68,0.275,0.958,0.12,0,-0.855,0,0.519,-152.465,0.338,0.958,0,0.019,-0.854,0.031,0.518,-85.799,0.255,1.382,0.091,0.507,-0.176,0.837,0.107,152.071,0.115,1.023,0.018,0.367,-0.605,0.605,0.367,-156.262,0.158,1.023,-0.064,-0.168,-0.168,0.687,0.687,-90,0.074,1.023,-0.108,-0.5,-0.5,0.5,0.5,-62.448,0.074,0.941,-0.108,-0.707,0,0.707,0,TRUE,FALSE
37.781,0.275,0.958,0.12,0,-0.855,0,0.519,-152.465,0.338,0.958,0,0.019,-0.854,0.031,0.518,-85.799,0.255,1.382,0.091,0.507,-0.176,0.837,0.107,152.071,0.115,1.023,0.018,0.367,-0.605,0.605,0.367,-156.262,0.158,1.023,-0.064,-0.168,-0.168,0.687,0.687,-90,0.074,1.023,-0.108,-0.5,-0.5,0.5,0.5,-62.448,0.074,0.941,-0.108,-0.707,0,0.707,0,TRUE,FALSE
37.882,0.275,0.958,0.12,0,-0.855,0,0.519,-152.465,0.338,0.958,0,0.019,-0.854,0.031,0.518,-85.799,0.255,1.382,0.091,0.507,-0.176,0.837,0.107,152.071,0.115,1.023,0.018,0.367,-0.605,0.605,0.367,-156.262,0.158,1.023,-0.064,-0.168,-0.168,0.687,0.687,-90,0.074,1.023,-0.108,-0.5,-0.5,0.5,0.5,-62.448,0.074,0.941,-0.108,-0.707,0,0.707,0,TRUE,FALSE
37.993,0.275,0.958,0.12,0,-0.855,0,0.519,-152.503,0.338,0.958,-0.001,0.074,-0.846,0.121,0.514,-73.669,0.176,1.366,0.05,0.517,-0.077,0.851,0.046,153.386,0.114,0.98,0.018,0.36,-0.616,0.593,0.374,-171.939,0.157,0.98,-0.064,-0.165,-0.171,0.673,0.7,-90,0.073,0.984,-0.108,-0.504,-0.496,0.487,0.513,-62.445,0.071,0.901,-0.109,-0.707,0.006,0.707,0.018,TRUE,TRUE
38.094,0.275,0.958,0.12,0,-0.855,0,0.519,-152.561,0.338,0.958,-0.001,0.069,-0.847,0.114,0.515,-74.646,0.183,1.368,0.054,0.517,-0.082,0.851,0.05,153.622,0.116,0.983,0.019,0.356,-0.622,0.586,0.378,-172.385,0.159,0.983,-0.063,-0.162,-0.174,0.666,0.707,-89.855,0.075,0.989,-0.107,-0.506,-0.495,0.479,0.519,-62.736,0.071,0.906,-0.109,-0.708,0.008,0.706,0.029,TRUE,TRUE
38.197,0.275,0.958,0.12,0,-0.855,0,0.519,-152.552,0.338,0.958,-0.001,0.069,-0.847,0.114,0.515,-74.648,0.183,1.368,0.054,0.517,-0.082,0.851,0.05,153.637,0.116,0.983,0.019,0.356,-0.622,0.586,0.378,-172.391,0.159,0.983,-0.063,-0.162,-0.174,0.666,0.707,-89.855,0.075,0.989,-0.107,-0.506,-0.495,0.479,0.519,-62.723,0.071,0.906,-0.109,-0.708,0.008,0.706,0.029,TRUE,TRUE
38.297,0.275,0.958,0.12,0,-0.855,0,0.519,-152.552,0.338,0.958,-0.001,0.069,-0.847,0.114,0.515,-74.648,0.183,1.368,0.054,0.517,-0.082,0.851,0.05,153.637,0.116,0.983,0.019,0.356,-0.622,0.586,0.378,-172.391,0.159,0.983,-0.063,-0.162,-0.174,0.666,0.707,-89.855,0.075,0.989,-0.107,-0.506,-0.495,0.479,0.519,-62.722,0.071,0.906,-0.109,-0.708,0.008,0.706,0.029,TRUE,TRUE
38.397,0.275,0.958,0.12,0,-0.855,0,0.519,-152.552,0.338,0.958,-0.001,0.069,-0.847,0.114,0.515,-74.648,0.183,1.368,0.054,0.517,-0.082,0.851,0.05,153.637,0.116,0.983,0.019,0.356,-0.622,0.586,0.378,-172.391,0.159,0.983,-0.063,-0.162,-0.174,0.666,0.707,-89.855,0.075,0.989,-0.107,-0.506,-0.495,0.479,0.519,-62.722,0.071,0.906,-0.109,-0.708,0.008,0.706,0.029,TRUE,TRUE
38.499,0.275,0.958,0.12,0,-0.855,0,0.519,-152.552,0.338,0.958,-0.001,0.069,-0.847,0.114,0.515,-74.648,0.183,1.368,0.054,0.517,-0.082,0.851,0.05,153.637,0.116,0.983,0.019,0.356,-0.622,0.586,0.378,-172.391,0.159,0.983,-0.063,-0.162,-0.174,0.666,0.707,-89.855,0.075,0.989,-0.107,-0.506,-0.495,0.479,0.519,-62.722,0.071,0.906,-0.109,-0.708,0.008,0.706,0.029,TRUE,TRUE
38.603,0.275,0.958,0.12,0,-0.855,0,0.519,-152.552,0.338,0.958,-0.001,0.069,-0.847,0.114,0.515,-74.648,0.183,1.368,0.054,0.517,-0.082,0.851,0.05,153.637,0.116,0.983,0.019,0.356,-0.622,0.586,0.378,-172.391,0.159,0.983,-0.063,-0.162,-0.174,0.666,0.707,-89.855,0.075,0.989,-0.107,-0.506,-0.495,0.479,0.519,-62.722,0.071,0.906,-0.109,-0.708,0.008,0.706,0.029,TRUE,TRUE
38.708,0.275,0.958,0.12,0,-0.855,0,0.519,-152.552,0.338,0.958,-0.001,0.069,-0.847,0.114,0.515,-74.648,0.183,1.368,0.054,0.517,-0.082,0.851,0.05,153.637,0.116,0.983,0.019,0.356,-0.622,0.586,0.378,-172.391,0.159,0.983,-0.063,-0.162,-0.174,0.666,0.707,-89.855,0.075,0.989,-0.107,-0.506,-0.495,0.479,0.519,-62.722,0.071,0.906,-0.109,-0.708,0.008,0.706,0.029,TRUE,TRUE
38.809,0.275,0.958,0.12,0,-0.855,0,0.519,-152.552,0.338,0.958,-0.001,0.069,-0.847,0.114,0.515,-74.648,0.183,1.368,0.054,0.517,-0.082,0.851,0.05,153.637,0.116,0.983,0.019,0.356,-0.622,0.586,0.378,-172.391,0.159,0.983,-0.063,-0.162,-0.174,0.666,0.707,-89.855,0.075,0.989,-0.107,-0.506,-0.495,0.479,0.519,-62.722,0.071,0.906,-0.109,-0.708,0.008,0.706,0.029,TRUE,TRUE
38.91,0.275,0.958,0.12,0,-0.855,0,0.519,-152.552,0.338,0.958,-0.001,0.069,-0.847,0.114,0.515,-74.648,0.183,1.368,0.054,0.517,-0.082,0.851,0.05,153.637,0.116,0.983,0.019,0.356,-0.622,0.586,0.378,-172.391,0.159,0.983,-0.063,-0.162,-0.174,0.666,0.707,-89.855,0.075,0.989,-0.107,-0.506,-0.495,0.479,0.519,-62.722,0.071,0.906,-0.109,-0.708,0.008,0.706,0.029,TRUE,TRUE
39.015,0.275,0.958,0.12,0,-0.855,0,0.519,-152.552,0.338,0.958,-0.001,0.069,-0.847,0.114,0.515,-74.648,0.183,1.368,0.054,0.517,-0.082,0.851,0.05,153.637,0.116,0.983,0.019,0.356,-0.622,0.586,0.378,-172.391,0.159,0.983,-0.063,-0.162,-0.174,0.666,0.707,-89.855,0.075,0.989,-0.107,-0.506,-0.495,0.479,0.519,-62.723,0.071,0.906,-0.109,-0.708,0.008,0.706,0.029,TRUE,TRUE
39.12,0.275,0.958,0.12,0,-0.855,0,0.519,-152.552,0.338,0.958,-0.001,0.069,-0.847,0.114,0.515,-74.648,0.183,1.368,0.054,0.517,-0.082,0.851,0.05,153.637,0.116,0.983,0.019,0.356,-0.622,0.586,0.378,-172.391,0.159,0.983,-0.063,-0.162,-0.174,0.666,0.707,-89.855,0.075,0.989,-0.107,-0.506,-0.495,0.479,0.519,-62.722,0.071,0.906,-0.109,-0.708,0.008,0.706,0.029,TRUE,TRUE
39.274,0.275,0.958,0.12,0,-0.855,0,0.519,-152.552,0.338,0.958,-0.001,0.069,-0.847,0.114,0.515,-74.648,0.183,1.368,0.054,0.517,-0.082,0.851,0.05,153.637,0.116,0.983,0.019,0.356,-0.622,0.586,0.378,-172.391,0.159,0.983,-0.063,-0.162,-0.174,0.666,0.707,-89.855,0.075,0.989,-0.107,-0.506,-0.495,0.479,0.519,-62.722,0.071,0.906,-0.109,-0.708,0.008,0.706,0.029,TRUE,TRUE
39.404,0.275,0.958,0.12,0,-0.855,0,0.519,-152.552,0.338,0.958,-0.001,0.069,-0.847,0.114,0.515,-74.648,0.183,1.368,0.054,0.517,-0.082,0.851,0.05,153.637,0.116,0.983,0.019,0.356,-0.622,0.586,0.378,-172.391,0.159,0.983,-0.063,-0.162,-0.174,0.666,0.707,-89.855,0.075,0.989,-0.107,-0.506,-0.495,0.479,0.519,-62.722,0.071,0.906,-0.109,-0.708,0.008,0.706,0.029,TRUE,TRUE
39.506,0.275,0.958,0.12,0,-0.855,0,0.519,-152.496,0.338,0.958,0,0.03,-0.853,0.05,0.518,-83.263,0.238,1.38,0.083,0.51,-0.155,0.841,0.094,152.33,0.114,1.014,0.018,0.375,-0.591,0.618,0.359,-156.545,0.157,1.014,-0.065,-0.172,-0.164,0.702,0.672,-89.994,0.073,1.01,-0.108,-0.495,-0.504,0.515,0.485,-62.447,0.076,0.927,-0.107,-0.707,-0.007,0.707,-0.021,TRUE,TRUE
39.61,0.275,0.958,0.12,0,-0.855,0,0.518,-152.45,0.338,0.958,0,0.02,-0.855,0.033,0.518,-85.614,0.254,1.382,0.091,0.507,-0.174,0.837,0.106,152.075,0.115,1.022,0.018,0.367,-0.603,0.606,0.366,-156.227,0.158,1.022,-0.064,-0.169,-0.168,0.688,0.685,-90,0.074,1.022,-0.108,-0.5,-0.5,0.501,0.499,-62.445,0.074,0.94,-0.108,-0.707,-0.001,0.707,-0.002,TRUE,TRUE
39.713,0.275,0.958,0.12,0,-0.855,0,0.518,-152.46,0.338,0.958,0,0.019,-0.855,0.031,0.518,-85.817,0.255,1.382,0.091,0.507,-0.176,0.837,0.107,152.072,0.115,1.023,0.018,0.367,-0.604,0.605,0.367,-156.226,0.158,1.023,-0.064,-0.168,-0.168,0.687,0.687,-90,0.074,1.023,-0.108,-0.5,-0.5,0.5,0.5,-62.445,0.074,0.941,-0.108,-0.707,0,0.707,0,TRUE,TRUE
39.818,0.275,0.958,0.12,0,-0.855,0,0.518,-152.462,0.338,0.958,0,0.019,-0.855,0.031,0.518,-85.834,0.255,1.382,0.091,0.507,-0.176,0.837,0.107,152.072,0.115,1.023,0.018,0.367,-0.605,0.605,0.367,-156.226,0.158,1.023,-0.064,-0.168,-0.168,0.687,0.687,-90,0.074,1.023,-0.108,-0.5,-0.5,0.5,0.5,-62.445,0.074,0.941,-0.108,-0.707,0,0.707,0,TRUE,TRUE
39.918,0.275,0.958,0.12,0,-0.855,0,0.518,-152.462,0.338,0.958,0,0.019,-0.855,0.031,0.518,-85.835,0.255,1.382,0.091,0.507,-0.176,0.837,0.107,152.072,0.115,1.023,0.018,0.367,-0.605,0.605,0.367,-156.226,0.158,1.023,-0.064,-0.168,-0.168,0.687,0.687,-90,0.074,1.023,-0.108,-0.5,-0.5,0.5,0.5,-62.445,0.074,0.941,-0.108,-0.707,0,0.707,0,TRUE,TRUE
40.024,0.275,0.958,0.12,0,-0.855,0,0.518,-152.462,0.338,0.958,0,0.019,-0.855,0.031,0.518,-85.836,0.255,1.382,0.091,0.507,-0.176,0.837,0.107,152.072,0.115,1.023,0.018,0.367,-0.605,0.605,0.367,-156.226,0.158,1.023,-0.064,-0.168,-0.168,0.687,0.687,-90,0.074,1.023,-0.108,-0.5,-0.5,0.5,0.5,-62.445,0.074,0.941,-0.108,-0.707,0,0.707,0,TRUE,TRUE
40.131,0.275,0.958,0.12,0,-0.855,0,0.518,-152.462,0.338,0.958,0,0.019,-0.855,0.031,0.518,-85.836,0.255,1.382,0.091,0.507,-0.176,0.837,0.107,152.072,0.115,1.023,0.018,0.367,-0.605,0.605,0.367,-156.226,0.158,1.023,-0.064,-0.168,-0.168,0.687,0.687,-90,0.074,1.023,-0.108,-0.5,-0.5,0.5,0.5,-62.445,0.074,0.941,-0.108,-0.707,0,0.707,0,TRUE,TRUE
40.235,0.275,0.958,0.12,0,-0.855,0,0.518,-152.462,0.338,0.958,0,0.019,-0.855,0.031,0.518,-85.836,0.255,1.382,0.091,0.507,-0.176,0.837,0.107,152.072,0.115,1.023,0.018,0.367,-0.605,0.605,0.367,-156.226,0.158,1.023,-0.064,-0.168,-0.168,0.687,0.687,-90,0.074,1.023,-0.108,-0.5,-0.5,0.5,0.5,-62.445,0.074,0.941,-0.108,-0.707,0,0.707,0,TRUE,TRUE
40.341,0.275,0.958,0.12,0,-0.855,0,0.518,-152.462,0.338,0.958,0,0.019,-0.855,0.031,0.518,-85.836,0.255,1.382,0.091,0.507,-0.176,0.837,0.107,152.072,0.115,1.023,0.018,0.367,-0.605,0.605,0.367,-156.226,0.158,1.023,-0.064,-0.168,-0.168,0.687,0.687,-90,0.074,1.023,-0.108,-0.5,-0.5,0.5,0.5,-62.445,0.074,0.941,-0.108,-0.707,0,0.707,0,TRUE,TRUE
40.446,0.275,0.958,0.12,0,-0.855,0,0.518,-152.462,0.338,0.958,0,0.019,-0.855,0.031,0.518,-85.836,0.255,1.382,0.091,0.507,-0.176,0.837,0.107,152.072,0.115,1.023,0.018,0.367,-0.605,0.605,0.367,-156.226,0.158,1.023,-0.064,-0.168,-0.168,0.687,0.687,-90,0.074,1.023,-0.108,-0.5,-0.5,0.5,0.5,-62.445,0.074,0.941,-0.108,-0.707,0,0.707,0,TRUE,TRUE
40.552,0.275,0.958,0.12,0,-0.855,0,0.518,-152.462,0.338,0.958,0,0.019,-0.855,0.031,0.518,-85.836,0.255,1.382,0.091,0.507,-0.176,0.837,0.107,152.072,0.115,1.023,0.018,0.367,-0.605,0.605,0.367,-156.226,0.158,1.023,-0.064,-0.168,-0.168,0.687,0.687,-90,0.074,1.023,-0.108,-0.5,-0.5,0.5,0.5,-62.445,0.074,0.941,-0.108,-0.707,0,0.707,0,TRUE,TRUE
40.658,0.275,0.958,0.12,0,-0.855,0,0.518,-152.462,0.338,0.958,0,0.019,-0.855,0.031,0.518,-85.836,0.255,1.382,0.091,0.507,-0.176,0.837,0.107,152.072,0.115,1.023,0.018,0.367,-0.605,0.605,0.367,-156.226,0.158,1.023,-0.064,-0.168,-0.168,0.687,0.687,-90,0.074,1.023,-0.108,-0.5,-0.5,0.5,0.5,-62.445,0.074,0.941,-0.108,-0.707,0,0.707,0,TRUE,TRUE
40.762,0.275,0.958,0.12,0,-0.855,0,0.518,-152.462,0.338,0.958,0,0.019,-0.855,0.031,0.518,-85.836,0.255,1.382,0.091,0.507,-0.176,0.837,0.107,152.072,0.115,1.023,0.018,0.367,-0.605,0.605,0.367,-156.226,0.158,1.023,-0.064,-0.168,-0.168,0.687,0.687,-90,0.074,1.023,-0.108,-0.5,-0.5,0.5,0.5,-62.445,0.074,0.941,-0.108,-0.707,0,0.707,0,TRUE,TRUE
40.866,0.275,0.958,0.12,0,-0.855,0,0.518,-152.462,0.338,0.958,0,0.019,-0.855,0.031,0.518,-85.836,0.255,1.382,0.091,0.507,-0.176,0.837,0.107,152.072,0.115,1.023,0.018,0.367,-0.605,0.605,0.367,-156.226,0.158,1.023,-0.064,-0.168,-0.168,0.687,0.687,-90,0.074,1.023,-0.108,-0.5,-0.5,0.5,0.5,-62.445,0.074,0.941,-0.108,-0.707,0,0.707,0,TRUE,TRUE
40.974,0.275,0.958,0.12,0,-0.855,0,0.518,-152.462,0.338,0.958,0,0.019,-0.855,0.031,0.518,-85.836,0.255,1.382,0.091,0.507,-0.176,0.837,0.107,152.072,0.115,1.023,0.018,0.367,-0.605,0.605,0.367,-156.226,0.158,1.023,-0.064,-0.168,-0.168,0.687,0.687,-90,0.074,1.023,-0.108,-0.5,-0.5,0.5,0.5,-62.445,0.074,0.941,-0.108,-0.707,0,0.707,0,TRUE,TRUE
41.076,0.275,0.958,0.12,0,0.693,0,-0.721,-182.196,0.27,0.958,-0.016,0.06,0.691,0.058,-0.718,-99.519,0.345,1.377,0.101,-0.472,0.524,-0.454,-0.544,91.423,-0.043,1.433,0.116,-0.436,-0.552,-0.42,0.574,-246.393,-0.047,1.433,0.023,-0.012,0.015,-0.605,0.796,-89.997,0.044,1.458,0.02,-0.591,0.454,-0.401,0.533,-94.196,0.022,1.537,0.02,-0.097,0.739,0.094,0.66,TRUE,TRUE
41.177,0.275,0.958,0.12,0,0.675,0,-0.738,-185.087,0.263,0.958,-0.015,0.125,0.665,0.115,-0.727,-109.557,0.415,1.359,0.091,0.189,0.652,0.173,-0.713,-10.192,0.609,1.699,0.074,-0.736,0.04,-0.674,-0.044,-247.112,0.601,1.699,-0.019,-0.044,-0.003,-0.997,-0.06,-90.026,0.59,1.605,-0.018,0.014,0.729,-0.681,-0.073,-94.204,0.671,1.595,-0.025,0.525,0.506,-0.533,0.43,TRUE,TRUE
41.282,0.275,0.958,0.12,0,0.68,0,-0.733,-184.281,0.265,0.958,-0.015,0.334,0.606,0.31,-0.653,-144.149,0.617,1.207,0.078,0.591,0.403,0.548,-0.434,-53.251,0.991,1.09,0.05,-0.542,0.458,-0.503,-0.494,-247.295,0.984,1.09,-0.042,-0.028,-0.025,-0.739,-0.673,-90,0.89,1.081,-0.035,0.474,0.524,-0.521,-0.478,-94.204,0.897,0.999,-0.036,0.706,0.035,-0.707,0.03,TRUE,TRUE
41.387,0.275,0.958,0.12,0,0.681,0,-0.733,-184.209,0.265,0.958,-0.015,0.362,0.592,0.336,-0.637,-149.143,0.638,1.176,0.077,0.609,0.378,0.566,-0.407,-53.291,0.999,1.026,0.051,-0.519,0.48,-0.482,-0.517,-247.295,0.992,1.026,-0.042,-0.026,-0.026,-0.708,-0.705,-90,0.898,1.026,-0.035,0.499,0.501,-0.501,-0.499,-94.204,0.898,0.944,-0.035,0.707,0.002,-0.707,0.002,TRUE,TRUE
41.495,0.275,0.958,0.12,0,0.681,0,-0.732,-184.193,0.265,0.958,-0.015,0.364,0.591,0.338,-0.636,-149.526,0.639,1.174,0.077,0.61,0.377,0.567,-0.405,-53.285,1,1.022,0.051,-0.517,0.482,-0.481,-0.518,-247.295,0.993,1.022,-0.042,-0.026,-0.026,-0.706,-0.707,-90,0.899,1.022,-0.035,0.501,0.5,-0.5,-0.5,-94.204,0.898,0.94,-0.035,0.707,-0.001,-0.707,-0.001,TRUE,TRUE
41.597,0.275,0.958,0.12,0,0.681,0,-0.732,-184.186,0.265,0.958,-0.015,0.364,0.591,0.338,-0.636,-149.584,0.639,1.173,0.077,0.61,0.376,0.567,-0.405,-53.284,1,1.021,0.051,-0.517,0.482,-0.481,-0.519,-247.295,0.993,1.021,-0.042,-0.026,-0.026,-0.706,-0.708,-90,0.899,1.021,-0.035,0.501,0.499,-0.499,-0.501,-94.204,0.898,0.939,-0.035,0.707,-0.001,-0.707,-0.001,TRUE,TRUE
41.698,0.275,0.958,0.12,0,0.681,0,-0.732,-184.184,0.265,0.958,-0.015,0.364,0.591,0.338,-0.636,-149.593,0.639,1.173,0.077,0.61,0.376,0.567,-0.405,-53.284,1,1.021,0.051,-0.517,0.482,-0.481,-0.519,-247.295,0.993,1.021,-0.042,-0.026,-0.026,-0.706,-0.708,-90,0.899,1.021,-0.035,0.501,0.499,-0.499,-0.501,-94.204,0.898,0.939,-0.035,0.707,-0.001,-0.707,-0.001,TRUE,TRUE
41.802,0.275,0.958,0.12,0,0.681,0,-0.732,-184.183,0.265,0.958,-0.015,0.364,0.591,0.338,-0.636,-149.594,0.639,1.173,0.077,0.61,0.376,0.567,-0.405,-53.284,1,1.021,0.051,-0.517,0.482,-0.481,-0.519,-247.295,0.993,1.021,-0.042,-0.026,-0.026,-0.706,-0.708,-90,0.899,1.021,-0.035,0.501,0.499,-0.499,-0.501,-94.204,0.898,0.939,-0.035,0.707,-0.001,-0.707,-0.001,TRUE,TRUE
41.908,0.275,0.958,0.12,0,0.681,0,-0.732,-184.182,0.265,0.958,-0.015,0.364,0.591,0.338,-0.636,-149.594,0.639,1.173,0.077,0.61,0.376,0.567,-0.405,-53.284,1,1.021,0.051,-0.517,0.482,-0.481,-0.519,-247.295,0.993,1.021,-0.042,-0.026,-0.026,-0.706,-0.708,-90,0.899,1.021,-0.035,0.501,0.499,-0.499,-0.501,-94.204,0.898,0.939,-0.035,0.707,-0.001,-0.707,-0.001,TRUE,TRUE
42.009,0.275,0.958,0.12,0,0.681,0,-0.732,-184.182,0.265,0.958,-0.015,0.364,0.591,0.338,-0.636,-149.594,0.639,1.173,0.077,0.61,0.376,0.567,-0.405,-53.284,1,1.021,0.051,-0.517,0.482,-0.481,-0.519,-247.295,0.993,1.021,-0.042,-0.026,-0.026,-0.706,-0.708,-90,0.899,1.021,-0.035,0.501,0.499,-0.499,-0.501,-94.204,0.898,0.939,-0.035,0.707,-0.001,-0.707,-0.001,TRUE,TRUE
42.11,0.275,0.958,0.12,0,0.681,0,-0.732,-184.182,0.265,0.958,-0.015,0.364,0.591,0.338,-0.636,-149.594,0.639,1.173,0.077,0.61,0.376,0.567,-0.405,-53.284,1,1.021,0.051,-0.517,0.482,-0.481,-0.519,-247.295,0.993,1.021,-0.042,-0.026,-0.026,-0.706,-0.708,-90,0.899,1.021,-0.035,0.501,0.499,-0.499,-0.501,-94.204,0.898,0.939,-0.035,0.707,-0.001,-0.707,-0.001,TRUE,TRUE
42.21,0.275,0.958,0.12,0,0.681,0,-0.732,-184.182,0.265,0.958,-0.015,0.364,0.591,0.338,-0.636,-149.594,0.639,1.173,0.077,0.61,0.376,0.567,-0.405,-53.284,1,1.021,0.051,-0.517,0.482,-0.481,-0.519,-247.295,0.993,1.021,-0.042,-0.026,-0.026,-0.706,-0.708,-90,0.899,1.021,-0.035,0.501,0.499,-0.499,-0.501,-94.204,0.898,0.939,-0.035,0.707,-0.001,-0.707,-0.001,TRUE,TRUE
42.315,0.275,0.958,0.12,0,0.681,0,-0.732,-184.182,0.265,0.958,-0.015,0.364,0.591,0.338,-0.636,-149.594,0.639,1.173,0.077,0.61,0.376,0.567,-0.405,-53.284,1,1.021,0.051,-0.517,0.482,-0.481,-0.519,-247.295,0.993,1.021,-0.042,-0.026,-0.026,-0.706,-0.708,-90,0.899,1.021,-0.035,0.501,0.499,-0.499,-0.501,-94.204,0.898,0.939,-0.035,0.707,-0.001,-0.707,-0.001,TRUE,TRUE
42.42,0.275,0.958,0.12,0,0.681,0,-0.732,-184.182,0.265,0.958,-0.015,0.364,0.591,0.338,-0.636,-149.594,0.639,1.173,0.077,0.61,0.376,0.567,-0.405,-53.284,1,1.021,0.051,-0.517,0.482,-0.481,-0.519,-247.295,0.993,1.021,-0.042,-0.026,-0.026,-0.706,-0.708,-90,0.899,1.021,-0.035,0.501,0.499,-0.499,-0.501,-94.204,0.898,0.939,-0.035,0.707,-0.001,-0.707,-0.001,TRUE,TRUE
42.525,0.275,0.958,0.12,0,0.681,0,-0.732,-184.185,0.265,0.958,-0.015,0.377,0.584,0.35,-0.628,-151.902,0.648,1.158,0.077,0.621,0.361,0.577,-0.389,-54.024,1,0.987,0.051,-0.523,0.477,-0.486,-0.513,-242.995,0.993,0.987,-0.042,-0.026,-0.026,-0.713,-0.7,-90,0.898,0.985,-0.035,0.495,0.505,-0.504,-0.496,-94.203,0.9,0.903,-0.035,0.707,0.007,-0.707,0.006,TRUE,TRUE
42.631,0.275,0.958,0.12,0,0.681,0,-0.732,-184.183,0.265,0.958,-0.015,0.383,0.581,0.356,-0.625,-152.982,0.651,1.151,0.076,0.625,0.355,0.581,-0.382,-54.095,1,0.973,0.051,-0.518,0.481,-0.482,-0.518,-242.895,0.993,0.973,-0.042,-0.026,-0.026,-0.707,-0.706,-90,0.899,0.973,-0.035,0.5,0.5,-0.5,-0.5,-94.203,0.899,0.89,-0.035,0.707,0,-0.707,0,TRUE,TRUE
42.735,0.275,0.958,0.12,0,0.681,0,-0.732,-184.183,0.265,0.958,-0.015,0.383,0.58,0.356,-0.624,-153.142,0.652,1.15,0.076,0.625,0.355,0.581,-0.381,-54.094,1,0.971,0.051,-0.517,0.482,-0.481,-0.518,-242.894,0.993,0.971,-0.042,-0.026,-0.026,-0.706,-0.707,-90,0.899,0.971,-0.035,0.501,0.499,-0.499,-0.5,-94.203,0.898,0.889,-0.035,0.707,-0.001,-0.707,-0.001,TRUE,TRUE
42.835,0.275,0.958,0.12,0,0.681,0,-0.732,-184.182,0.265,0.958,-0.015,0.383,0.58,0.356,-0.624,-153.146,0.652,1.15,0.076,0.625,0.355,0.581,-0.381,-54.096,1,0.971,0.051,-0.517,0.482,-0.481,-0.519,-242.894,0.993,0.971,-0.042,-0.026,-0.026,-0.706,-0.707,-90,0.899,0.971,-0.035,0.501,0.499,-0.499,-0.5,-94.203,0.898,0.889,-0.035,0.707,-0.001,-0.707,-0.001,TRUE,TRUE
42.937,0.275,0.958,0.12,0,0.681,0,-0.732,-184.182,0.265,0.958,-0.015,0.383,0.58,0.356,-0.624,-153.146,0.652,1.15,0.076,0.625,0.355,0.581,-0.381,-54.096,1,0.971,0.051,-0.517,0.482,-0.481,-0.519,-242.894,0.993,0.971,-0.042,-0.026,-0.026,-0.706,-0.707,-90,0.899,0.971,-0.035,0.501,0.499,-0.499,-0.5,-94.203,0.898,0.889,-0.035,0.707,-0.001,-0.707,-0.001,TRUE,TRUE
43.038,0.275,0.958,0.12,0,0.681,0,-0.732,-184.182,0.265,0.958,-0.015,0.383,0.58,0.356,-0.624,-153.146,0.652,1.15,0.076,0.625,0.355,0.581,-0.381,-54.096,1,0.971,0.051,-0.517,0.482,-0.481,-0.519,-242.894,0.993,0.971,-0.042,-0.026,-0.026,-0.706,-0.707,-90,0.899,0.971,-0.035,0.501,0.499,-0.499,-0.5,-94.203,0.898,0.889,-0.035,0.707,-0.001,-0.707,-0.001,TRUE,TRUE
43.143,0.275,0.958,0.12,0,0.681,0,-0.732,-184.182,0.265,0.958,-0.015,0.383,0.58,0.356,-0.624,-153.146,0.652,1.15,0.076,0.625,0.355,0.581,-0.381,-54.096,1,0.971,0.051,-0.517,0.482,-0.481,-0.519,-242.894,0.993,0.971,-0.042,-0.026,-0.026,-0.706,-0.707,-90,0.899,0.971,-0.035,0.501,0.499,-0.499,-0.5,-94.203,0.898,0.889,-0.035,0.707,-0.001,-0.707,-0.001,TRUE,TRUE
43.246,0.275,0.958,0.12,0,0.681,0,-0.732,-184.182,0.265,0.958,-0.015,0.383,0.58,0.356,-0.624,-153.146,0.652,1.15,0.076,0.625,0.355,0.581,-0.381,-54.096,1,0.971,0.051,-0.517,0.482,-0.481,-0.519,-242.894,0.993,0.971,-0.042,-0.026,-0.026,-0.706,-0.707,-90,0.899,0.971,-0.035,0.501,0.499,-0.499,-0.5,-94.203,0.898,0.889,-0.035,0.707,-0.001,-0.707,-0.001,TRUE,TRUE
43.353,0.275,0.958,0.12,0,0.681,0,-0.732,-184.182,0.265,0.958,-0.015,0.383,0.58,0.356,-0.624,-153.146,0.652,1.15,0.076,0.625,0.355,0.581,-0.381,-54.096,1,0.971,0.051,-0.517,0.482,-0.481,-0.519,-242.894,0.993,0.971,-0.042,-0.026,-0.026,-0.706,-0.707,-90,0.899,0.971,-0.035,0.501,0.499,-0.499,-0.5,-94.203,0.898,0.889,-0.035,0.707,-0.001,-0.707,-0.001,TRUE,TRUE
43.454,0.275,0.958,0.12,0,0.681,0,-0.732,-184.182,0.265,0.958,-0.015,0.383,0.58,0.356,-0.624,-153.146,0.652,1.15,0.076,0.625,0.355,0.581,-0.381,-54.096,1,0.971,0.051,-0.517,0.482,-0.481,-0.519,-242.894,0.993,0.971,-0.042,-0.026,-0.026,-0.706,-0.707,-90,0.899,0.971,-0.035,0.501,0.499,-0.499,-0.5,-94.203,0.898,0.889,-0.035,0.707,-0.001,-0.707,-0.001,TRUE,TRUE
43.555,0.275,0.958,0.12,0,0.681,0,-0.732,-184.182,0.265,0.958,-0.015,0.383,0.58,0.356,-0.624,-153.146,0.652,1.15,0.076,0.625,0.355,0.581,-0.381,-54.096,1,0.971,0.051,-0.517,0.482,-0.481,-0.519,-242.894,0.993,0.971,-0.042,-0.026,-0.026,-0.706,-0.707,-90,0.899,0.971,-0.035,0.501,0.499,-0.499,-0.5,-94.203,0.898,0.889,-0.035,0.707,-0.001,-0.707,-0.001,TRUE,TRUE
43.656,0.275,0.958,0.12,0,0.681,0,-0.732,-184.182,0.265,0.958,-0.015,0.383,0.58,0.356,-0.624,-153.146,0.652,1.15,0.076,0.625,0.355,0.581,-0.381,-54.096,1,0.971,0.051,-0.517,0.482,-0.481,-0.519,-242.894,0.993,0.971,-0.042,-0.026,-0.026,-0.706,-0.707,-90,0.899,0.971,-0.035,0.501,0.499,-0.499,-0.5,-94.203,0.898,0.889,-0.035,0.707,-0.001,-0.707,-0.001,TRUE,TRUE
43.762,0.275,0.958,0.12,0,0.681,0,-0.732,-184.182,0.265,0.958,-0.015,0.383,0.58,0.356,-0.624,-153.146,0.652,1.15,0.076,0.625,0.355,0.581,-0.381,-54.096,1,0.971,0.051,-0.517,0.482,-0.481,-0.519,-242.894,0.993,0.971,-0.042,-0.026,-0.026,-0.706,-0.707,-90,0.899,0.971,-0.035,0.501,0.499,-0.499,-0.5,-94.203,0.898,0.889,-0.035,0.707,-0.001,-0.707,-0.001,TRUE,TRUE
43.863,0.275,0.958,0.12,0,0.681,0,-0.732,-184.182,0.265,0.958,-0.015,0.383,0.58,0.356,-0.624,-153.146,0.652,1.15,0.076,0.625,0.355,0.581,-0.381,-54.096,1,0.971,0.051,-0.517,0.482,-0.481,-0.519,-242.894,0.993,0.971,-0.042,-0.026,-0.026,-0.706,-0.707,-90,0.899,0.971,-0.035,0.501,0.499,-0.499,-0.5,-94.203,0.898,0.889,-0.035,0.707,-0.001,-0.707,-0.001,TRUE,TRUE
43.971,0.275,0.958,0.12,0,0.681,0,-0.732,-184.182,0.265,0.958,-0.015,0.383,0.58,0.356,-0.624,-153.146,0.652,1.15,0.076,0.625,0.355,0.581,-0.381,-54.096,1,0.971,0.051,-0.517,0.482,-0.481,-0.519,-242.894,0.993,0.971,-0.042,-0.026,-0.026,-0.706,-0.707,-90,0.899,0.971,-0.035,0.501,0.499,-0.499,-0.5,-94.203,0.898,0.889,-0.035,0.707,-0.001,-0.707,-0.001,TRUE,TRUE
44.073,0.275,0.958,0.12,0,0.681,0,-0.732,-184.181,0.265,0.958,-0.015,0.383,0.58,0.356,-0.624,-153.139,0.652,1.15,0.076,0.625,0.355,0.581,-0.381,-54.092,1,0.971,0.051,-0.517,0.482,-0.481,-0.518,-242.894,0.993,0.971,-0.042,-0.026,-0.026,-0.706,-0.707,-90,0.899,0.971,-0.035,0.501,0.5,-0.499,-0.5,-94.203,0.898,0.889,-0.035,0.707,-0.001,-0.707,-0.001,FALSE,FALSE
44.175,0.275,0.958,0.12,0,0.681,0,-0.732,-184.182,0.265,0.958,-0.015,0.383,0.58,0.356,-0.624,-153.142,0.652,1.15,0.076,0.625,0.355,0.581,-0.381,-54.096,1,0.971,0.051,-0.517,0.482,-0.481,-0.519,-242.894,0.993,0.971,-0.042,-0.026,-0.026,-0.706,-0.707,-90,0.899,0.971,-0.035,0.501,0.499,-0.499,-0.5,-94.203,0.898,0.889,-0.035,0.707,-0.001,-0.707,-0.001,FALSE,FALSE
44.276,0.275,0.958,0.12,0,0.681,0,-0.732,-184.182,0.265,0.958,-0.015,0.383,0.58,0.356,-0.624,-153.142,0.652,1.15,0.076,0.625,0.355,0.581,-0.381,-54.096,1,0.971,0.051,-0.517,0.482,-0.481,-0.519,-242.894,0.993,0.971,-0.042,-0.026,-0.026,-0.706,-0.707,-90,0.899,0.971,-0.035,0.501,0.499,-0.499,-0.5,-94.203,0.898,0.889,-0.035,0.707,-0.001,-0.707,-0.001,FALSE,FALSE
44.377,0.275,0.958,0.12,0,0.681,0,-0.732,-184.182,0.265,0.958,-0.015,0.383,0.58,0.356,-0.624,-153.142,0.652,1.15,0.076,0.625,0.355,0.581,-0.381,-54.096,1,0.971,0.051,-0.517,0.482,-0.481,-0.519,-242.894,0.993,0.971,-0.042,-0.026,-0.026,-0.706,-0.707,-90,0.899,0.971,-0.035,0.501,0.499,-0.499,-0.5,-94.203,0.898,0.889,-0.035,0.707,-0.001,-0.707,-0.001,FALSE,FALSE
44.483,0.275,0.958,0.12,0,0.681,0,-0.732,-184.182,0.265,0.958,-0.015,0.383,0.58,0.356,-0.624,-153.142,0.652,1.15,0.076,0.625,0.355,0.581,-0.381,-54.096,1,0.971,0.051,-0.517,0.482,-0.481,-0.519,-242.894,0.993,0.971,-0.042,-0.026,-0.026,-0.706,-0.707,-90,0.899,0.971,-0.035,0.501,0.499,-0.499,-0.5,-94.203,0.898,0.889,-0.035,0.707,-0.001,-0.707,-0.001,FALSE,FALSE
44.588,0.275,0.958,0.12,0,0.681,0,-0.732,-184.182,0.265,0.958,-0.015,0.383,0.58,0.356,-0.624,-153.142,0.652,1.15,0.076,0.625,0.355,0.581,-0.381,-54.096,1,0.971,0.051,-0.517,0.482,-0.481,-0.519,-242.894,0.993,0.971,-0.042,-0.026,-0.026,-0.706,-0.707,-90,0.899,0.971,-0.035,0.501,0.499,-0.499,-0.5,-94.203,0.898,0.889,-0.035,0.707,-0.001,-0.707,-0.001,FALSE,FALSE
44.689,0.275,0.958,0.12,0,0.681,0,-0.732,-184.182,0.265,0.958,-0.015,0.383,0.58,0.356,-0.624,-153.142,0.652,1.15,0.076,0.625,0.355,0.581,-0.381,-54.096,1,0.971,0.051,-0.517,0.482,-0.481,-0.519,-242.894,0.993,0.971,-0.042,-0.026,-0.026,-0.706,-0.707,-90,0.899,0.971,-0.035,0.501,0.499,-0.499,-0.5,-94.203,0.898,0.889,-0.035,0.707,-0.001,-0.707,-0.001,FALSE,FALSE
44.79,0.275,0.958,0.12,0,0.681,0,-0.732,-184.182,0.265,0.958,-0.015,0.383,0.58,0.356,-0.624,-153.142,0.652,1.15,0.076,0.625,0.355,0.581,-0.381,-54.096,1,0.971,0.051,-0.517,0.482,-0.481,-0.519,-242.894,0.993,0.971,-0.042,-0.026,-0.026,-0.706,-0.707,-90,0.899,0.971,-0.035,0.501,0.499,-0.499,-0.5,-94.203,0.898,0.889,-0.035,0.707,-0.001,-0.707,-0.001,FALSE,FALSE
44.896,0.275,0.958,0.12,0,0.681,0,-0.732,-184.182,0.265,0.958,-0.015,0.383,0.58,0.356,-0.624,-153.142,0.652,1.15,0.076,0.625,0.355,0.581,-0.381,-54.096,1,0.971,0.051,-0.517,0.482,-0.481,-0.519,-242.894,0.993,0.971,-0.042,-0.026,-0.026,-0.706,-0.707,-90,0.899,0.971,-0.035,0.501,0.499,-0.499,-0.5,-94.203,0.898,0.889,-0.035,0.707,-0.001,-0.707,-0.001,FALSE,FALSE
44.997,0.275,0.958,0.12,0,0.681,0,-0.732,-184.182,0.265,0.958,-0.015,0.383,0.58,0.356,-0.624,-153.142,0.652,1.15,0.076,0.625,0.355,0.581,-0.381,-54.096,1,0.971,0.051,-0.517,0.482,-0.481,-0.519,-242.894,0.993,0.971,-0.042,-0.026,-0.026,-0.706,-0.707,-90,0.899,0.971,-0.035,0.501,0.499,-0.499,-0.5,-94.203,0.898,0.889,-0.035,0.707,-0.001,-0.707,-0.001,FALSE,FALSE
45.103,0.275,0.958,0.12,0,0.681,0,-0.732,-184.182,0.265,0.958,-0.015,0.383,0.58,0.356,-0.624,-153.142,0.652,1.15,0.076,0.625,0.355,0.581,-0.381,-54.096,1,0.971,0.051,-0.517,0.482,-0.481,-0.519,-242.894,0.993,0.971,-0.042,-0.026,-0.026,-0.706,-0.707,-90,0.899,0.971,-0.035,0.501,0.499,-0.499,-0.5,-94.203,0.898,0.889,-0.035,0.707,-0.001,-0.707,-0.001,FALSE,FALSE
45.209,0.275,0.958,0.12,0,0.681,0,-0.732,-184.182,0.265,0.958,-0.015,0.383,0.58,0.356,-0.624,-153.142,0.652,1.15,0.076,0.625,0.355,0.581,-0.381,-54.096,1,0.971,0.051,-0.517,0.482,-0.481,-0.519,-242.894,0.993,0.971,-0.042,-0.026,-0.026,-0.706,-0.707,-90,0.899,0.971,-0.035,0.501,0.499,-0.499,-0.5,-94.203,0.898,0.889,-0.035,0.707,-0.001,-0.707,-0.001,FALSE,FALSE
45.315,0.275,0.958,0.12,0,0.681,0,-0.732,-184.182,0.265,0.958,-0.015,0.383,0.58,0.356,-0.624,-153.142,0.652,1.15,0.076,0.625,0.355,0.581,-0.381,-54.096,1,0.971,0.051,-0.517,0.482,-0.481,-0.519,-242.894,0.993,0.971,-0.042,-0.026,-0.026,-0.706,-0.707,-90,0.899,0.971,-0.035,0.501,0.499,-0.499,-0.5,-94.203,0.898,0.889,-0.035,0.707,-0.001,-0.707,-0.001,FALSE,FALSE
45.415,0.275,0.958,0.12,0,0.681,0,-0.732,-184.182,0.265,0.958,-0.015,0.383,0.58,0.356,-0.624,-153.142,0.652,1.15,0.076,0.625,0.355,0.581,-0.381,-54.096,1,0.971,0.051,-0.517,0.482,-0.481,-0.519,-242.894,0.993,0.971,-0.042,-0.026,-0.026,-0.706,-0.707,-90,0.899,0.971,-0.035,0.501,0.499,-0.499,-0.5,-94.203,0.898,0.889,-0.035,0.707,-0.001,-0.707,-0.001,FALSE,FALSE
45.528,0.275,0.958,0.12,0,0.681,0,-0.732,-184.178,0.265,0.958,-0.015,0.374,0.585,0.348,-0.63,-151.446,0.646,1.161,0.077,0.617,0.366,0.574,-0.394,-53.433,1.001,0.996,0.051,-0.509,0.489,-0.473,-0.526,-247.002,0.994,0.996,-0.042,-0.025,-0.026,-0.695,-0.718,-90,0.9,0.999,-0.035,0.509,0.491,-0.492,-0.507,-94.203,0.897,0.917,-0.035,0.707,-0.012,-0.707,-0.011,FALSE,FALSE
45.632,0.275,0.958,0.12,0,0.681,0,-0.732,-184.182,0.265,0.958,-0.015,0.366,0.59,0.34,-0.635,-149.889,0.64,1.171,0.077,0.611,0.375,0.568,-0.404,-53.242,1,1.017,0.051,-0.516,0.483,-0.48,-0.52,-247.316,0.993,1.017,-0.042,-0.026,-0.026,-0.704,-0.709,-90,0.899,1.018,-0.035,0.502,0.498,-0.498,-0.502,-94.203,0.898,0.936,-0.035,0.707,-0.003,-0.707,-0.003,FALSE,FALSE
45.734,0.275,0.958,0.12,0,0.681,0,-0.732,-184.182,0.265,0.958,-0.015,0.364,0.591,0.339,-0.635,-149.656,0.64,1.173,0.077,0.61,0.376,0.567,-0.405,-53.242,1,1.02,0.051,-0.517,0.482,-0.481,-0.519,-247.317,0.993,1.02,-0.042,-0.026,-0.026,-0.705,-0.708,-90,0.899,1.021,-0.035,0.501,0.499,-0.499,-0.501,-94.203,0.899,0.938,-0.035,0.707,-0.001,-0.707,-0.001,FALSE,FALSE
45.834,0.275,0.958,0.12,0,0.681,0,-0.732,-184.182,0.265,0.958,-0.015,0.364,0.591,0.338,-0.636,-149.621,0.639,1.173,0.077,0.61,0.376,0.567,-0.405,-53.243,1,1.021,0.051,-0.517,0.482,-0.481,-0.519,-247.317,0.993,1.021,-0.042,-0.026,-0.026,-0.706,-0.708,-90,0.899,1.021,-0.035,0.501,0.499,-0.499,-0.501,-94.203,0.899,0.939,-0.035,0.707,-0.001,-0.707,-0.001,FALSE,FALSE
45.935,0.275,0.958,0.12,0,0.681,0,-0.732,-184.182,0.265,0.958,-0.015,0.364,0.591,0.338,-0.636,-149.615,0.639,1.173,0.077,0.61,0.376,0.567,-0.405,-53.243,1,1.021,0.051,-0.517,0.482,-0.481,-0.519,-247.317,0.993,1.021,-0.042,-0.026,-0.026,-0.706,-0.708,-90,0.899,1.021,-0.035,0.501,0.499,-0.499,-0.501,-94.203,0.899,0.939,-0.035,0.707,-0.001,-0.707,-0.001,FALSE,FALSE
46.04,0.275,0.958,0.12,0,0.681,0,-0.732,-184.182,0.265,0.958,-0.015,0.364,0.591,0.338,-0.636,-149.615,0.639,1.173,0.077,0.61,0.376,0.567,-0.405,-53.243,1,1.021,0.051,-0.517,0.482,-0.481,-0.519,-247.317,0.993,1.021,-0.042,-0.026,-0.026,-0.706,-0.708,-90,0.899,1.021,-0.035,0.501,0.499,-0.499,-0.501,-94.203,0.899,0.939,-0.035,0.707,-0.001,-0.707,-0.001,FALSE,FALSE
46.145,0.275,0.958,0.12,0,0.681,0,-0.732,-184.182,0.265,0.958,-0.015,0.364,0.591,0.338,-0.636,-149.615,0.639,1.173,0.077,0.61,0.376,0.567,-0.405,-53.243,1,1.021,0.051,-0.517,0.482,-0.481,-0.519,-247.317,0.993,1.021,-0.042,-0.026,-0.026,-0.706,-0.708,-90,0.899,1.021,-0.035,0.501,0.499,-0.499,-0.501,-94.203,0.899,0.939,-0.035,0.707,-0.001,-0.707,-0.001,FALSE,FALSE
46.25,0.275,0.958,0.12,0,0.681,0,-0.732,-184.182,0.265,0.958,-0.015,0.364,0.591,0.338,-0.636,-149.615,0.639,1.173,0.077,0.61,0.376,0.567,-0.405,-53.243,1,1.021,0.051,-0.517,0.482,-0.481,-0.519,-247.317,0.993,1.021,-0.042,-0.026,-0.026,-0.706,-0.708,-90,0.899,1.021,-0.035,0.501,0.499,-0.499,-0.501,-94.203,0.899,0.939,-0.035,0.707,-0.001,-0.707,-0.001,FALSE,FALSE
46.354,0.275,0.958,0.12,0,0.681,0,-0.732,-184.182,0.265,0.958,-0.015,0.364,0.591,0.338,-0.636,-149.615,0.639,1.173,0.077,0.61,0.376,0.567,-0.405,-53.243,1,1.021,0.051,-0.517,0.482,-0.481,-0.519,-247.317,0.993,1.021,-0.042,-0.026,-0.026,-0.706,-0.708,-90,0.899,1.021,-0.035,0.501,0.499,-0.499,-0.501,-94.203,0.899,0.939,-0.035,0.707,-0.001,-0.707,-0.001,FALSE,FALSE
46.459,0.275,0.958,0.12,0,0.681,0,-0.732,-184.182,0.265,0.958,-0.015,0.364,0.591,0.338,-0.636,-149.615,0.639,1.173,0.077,0.61,0.376,0.567,-0.405,-53.243,1,1.021,0.051,-0.517,0.482,-0.481,-0.519,-247.317,0.993,1.021,-0.042,-0.026,-0.026,-0.706,-0.708,-90,0.899,1.021,-0.035,0.501,0.499,-0.499,-0.501,-94.203,0.899,0.939,-0.035,0.707,-0.001,-0.707,-0.001,FALSE,FALSE
46.564,0.275,0.958,0.12,0,0.681,0,-0.732,-184.182,0.265,0.958,-0.015,0.364,0.591,0.338,-0.636,-149.615,0.639,1.173,0.077,0.61,0.376,0.567,-0.405,-53.243,1,1.021,0.051,-0.517,0.482,-0.481,-0.519,-247.317,0.993,1.021,-0.042,-0.026,-0.026,-0.706,-0.708,-90,0.899,1.021,-0.035,0.501,0.499,-0.499,-0.501,-94.203,0.899,0.939,-0.035,0.707,-0.001,-0.707,-0.001,FALSE,FALSE
46.671,0.275,0.958,0.12,0,0.681,0,-0.732,-184.182,0.265,0.958,-0.015,0.364,0.591,0.338,-0.636,-149.615,0.639,1.173,0.077,0.61,0.376,0.567,-0.405,-53.243,1,1.021,0.051,-0.517,0.482,-0.481,-0.519,-247.317,0.993,1.021,-0.042,-0.026,-0.026,-0.706,-0.708,-90,0.899,1.021,-0.035,0.501,0.499,-0.499,-0.501,-94.203,0.899,0.939,-0.035,0.707,-0.001,-0.707,-0.001,FALSE,FALSE
46.775,0.275,0.958,0.12,0,0.681,0,-0.732,-184.182,0.265,0.958,-0.015,0.364,0.591,0.338,-0.636,-149.615,0.639,1.173,0.077,0.61,0.376,0.567,-0.405,-53.243,1,1.021,0.051,-0.517,0.482,-0.481,-0.519,-247.317,0.993,1.021,-0.042,-0.026,-0.026,-0.706,-0.708,-90,0.899,1.021,-0.035,0.501,0.499,-0.499,-0.501,-94.203,0.899,0.939,-0.035,0.707,-0.001,-0.707,-0.001,FALSE,FALSE
46.881,0.275,0.958,0.12,0,0.681,0,-0.732,-184.182,0.265,0.958,-0.015,0.364,0.591,0.338,-0.636,-149.615,0.639,1.173,0.077,0.61,0.376,0.567,-0.405,-53.243,1,1.021,0.051,-0.517,0.482,-0.481,-0.519,-247.317,0.993,1.021,-0.042,-0.026,-0.026,-0.706,-0.708,-90,0.899,1.021,-0.035,0.501,0.499,-0.499,-0.501,-94.203,0.899,0.939,-0.035,0.707,-0.001,-0.707,-0.001,FALSE,FALSE
46.987,0.275,0.958,0.12,0,0.681,0,-0.732,-184.182,0.265,0.958,-0.015,0.364,0.591,0.338,-0.636,-149.615,0.639,1.173,0.077,0.61,0.376,0.567,-0.405,-53.243,1,1.021,0.051,-0.517,0.482,-0.481,-0.519,-247.317,0.993,1.021,-0.042,-0.026,-0.026,-0.706,-0.708,-90,0.899,1.021,-0.035,0.501,0.499,-0.499,-0.501,-94.203,0.899,0.939,-0.035,0.707,-0.001,-0.707,-0.001,FALSE,FALSE
47.089,0.275,0.958,0.12,0,-0.765,0,0.644,-170.109,0.298,0.958,-0.014,-0.287,-0.685,-0.342,0.576,-143.031,0.612,1.214,0.162,-0.196,-0.729,-0.233,0.613,17.563,0.837,1.533,0.202,-0.18,-0.735,-0.214,0.618,-87.055,0.852,1.533,0.11,0.024,-0.083,-0.279,0.956,-89.944,0.903,1.613,0.119,0.024,-0.083,-0.279,0.956,-0.019,0.834,1.657,0.107,-0.042,-0.076,0.479,0.874,FALSE,FALSE
47.189,0.275,0.958,0.12,0,-0.938,0,0.346,-130.429,0.378,0.958,0.032,-0.07,-0.919,-0.189,0.338,-113.257,0.396,1.349,0.237,0.1,-0.898,0.273,0.331,57.043,0.255,1.675,0.071,0.112,-0.888,0.304,0.327,-85.94,0.325,1.675,0.011,-0.137,-0.395,0.294,0.86,-90.214,0.288,1.749,-0.033,-0.137,-0.395,0.294,0.86,0,0.245,1.699,-0.083,-0.376,-0.183,0.816,0.4,FALSE,FALSE
47.294,0.275,0.958,0.12,0,-0.947,0,-0.32,-52.616,0.383,0.958,0.202,-0.033,-0.942,0.096,-0.319,-78.311,0.34,1.374,0.061,-0.182,-0.779,0.539,-0.263,57.721,0.563,1.512,-0.23,-0.192,-0.759,0.566,-0.257,-85.988,0.637,1.512,-0.174,-0.535,-0.719,0.266,0.354,-89.769,0.692,1.539,-0.246,-0.535,-0.719,0.266,0.354,0.032,0.707,1.46,-0.264,-0.887,-0.13,0.439,0.062,FALSE,FALSE
47.398,0.275,0.958,0.12,0,-0.823,0,-0.567,-20.87,0.323,0.958,0.247,-0.18,-0.781,0.261,-0.538,-52.978,0.52,1.297,0.044,-0.416,-0.56,0.604,-0.386,57.362,0.885,1.267,-0.095,-0.43,-0.538,0.624,-0.371,-85.943,0.918,1.267,-0.009,-0.745,-0.642,0.137,0.118,-89.962,1.006,1.254,-0.042,-0.745,-0.642,0.137,0.118,0.009,0.995,1.172,-0.038,-0.981,0.072,0.181,-0.014,FALSE,FALSE
47.504,0.275,0.958,0.12,0,-0.681,0,-0.732,4.111,0.265,0.958,0.256,-0.273,-0.632,0.254,-0.679,-46.153,0.567,1.265,0.157,-0.566,-0.433,0.526,-0.465,57.315,0.951,1.189,0.185,-0.582,-0.414,0.541,-0.445,-85.943,0.945,1.189,0.278,-0.794,-0.607,-0.028,-0.022,-89.94,1.036,1.164,0.284,-0.794,-0.607,-0.028,-0.022,0.008,1.014,1.084,0.283,-0.991,0.132,-0.035,0.004,FALSE,FALSE
47.606,0.275,0.958,0.12,0,-0.541,0,-0.841,24.555,0.219,0.958,0.244,-0.317,-0.501,0.204,-0.779,-45.733,0.538,1.263,0.258,-0.652,-0.342,0.419,-0.532,57.304,0.888,1.184,0.418,-0.67,-0.327,0.431,-0.508,-85.943,0.849,1.184,0.502,-0.779,-0.591,-0.169,-0.129,-89.936,0.932,1.158,0.54,-0.779,-0.591,-0.169,-0.129,0.008,0.912,1.079,0.531,-0.968,0.133,-0.211,0.028,FALSE,FALSE
47.711,0.275,0.958,0.12,0,-0.383,0,-0.924,45.012,0.179,0.958,0.216,-0.349,-0.354,0.144,-0.856,-45.671,0.474,1.262,0.341,-0.716,-0.242,0.297,-0.584,57.304,0.745,1.183,0.613,-0.736,-0.231,0.305,-0.558,-85.943,0.679,1.183,0.679,-0.736,-0.558,-0.305,-0.232,-89.936,0.744,1.157,0.743,-0.736,-0.558,-0.305,-0.231,0.008,0.728,1.078,0.728,-0.915,0.126,-0.379,0.052,FALSE,FALSE
47.814,0.275,0.958,0.12,0,-0.212,0,-0.977,65.473,0.151,0.958,0.176,-0.369,-0.197,0.08,-0.905,-45.661,0.384,1.262,0.397,-0.757,-0.134,0.165,-0.617,57.303,0.543,1.183,0.746,-0.779,-0.128,0.169,-0.59,-85.943,0.458,1.183,0.785,-0.671,-0.508,-0.431,-0.327,-89.936,0.496,1.157,0.868,-0.671,-0.508,-0.431,-0.327,0.008,0.487,1.078,0.848,-0.833,0.115,-0.536,0.073,FALSE,FALSE
47.918,0.275,0.958,0.12,0,-0.035,0,-0.999,85.934,0.139,0.958,0.13,-0.377,-0.033,0.013,-0.925,-45.66,0.28,1.262,0.417,-0.775,-0.022,0.027,-0.631,57.303,0.307,1.183,0.801,-0.797,-0.021,0.028,-0.604,-85.943,0.214,1.183,0.807,-0.584,-0.442,-0.543,-0.412,-89.936,0.221,1.157,0.898,-0.584,-0.442,-0.543,-0.412,0.008,0.219,1.078,0.876,-0.725,0.1,-0.675,0.093,FALSE,FALSE
48.022,0.275,0.958,0.12,0,0.178,0,-0.984,110.488,0.148,0.958,0.072,-0.371,0.165,-0.067,-0.911,-45.659,0.156,1.262,0.393,-0.763,0.112,-0.138,-0.622,57.303,0.021,1.183,0.752,-0.784,0.107,-0.142,-0.594,-85.943,-0.066,1.183,0.72,-0.455,-0.344,-0.655,-0.496,-89.936,-0.098,1.157,0.805,-0.455,-0.344,-0.655,-0.496,0.008,-0.09,1.078,0.784,-0.565,0.078,-0.814,0.112,FALSE,FALSE
48.126,0.275,0.958,0.12,0,0.35,0,-0.937,130.949,0.172,0.958,0.031,-0.354,0.324,-0.132,-0.868,-45.659,0.068,1.262,0.334,-0.726,0.221,-0.271,-0.592,57.303,-0.184,1.183,0.624,-0.747,0.211,-0.279,-0.566,-85.943,-0.254,1.183,0.563,-0.331,-0.25,-0.725,-0.55,-89.936,-0.314,1.157,0.632,-0.331,-0.25,-0.725,-0.55,0.008,-0.299,1.078,0.615,-0.411,0.057,-0.901,0.124,FALSE,FALSE
48.231,0.275,0.958,0.12,0,0.508,0,-0.861,151.1,0.209,0.958,0.001,-0.325,0.471,-0.192,-0.798,-45.659,0.007,1.262,0.249,-0.668,0.321,-0.394,-0.544,57.303,-0.329,1.183,0.435,-0.686,0.307,-0.405,-0.52,-85.943,-0.374,1.183,0.354,-0.199,-0.15,-0.772,-0.585,-89.942,-0.454,1.157,0.398,-0.199,-0.15,-0.772,-0.585,0.005,-0.434,1.078,0.387,-0.247,0.035,-0.959,0.132,FALSE,FALSE
48.334,0.275,0.958,0.12,0,0.63,0,-0.776,168.141,0.247,0.958,-0.013,-0.293,0.584,-0.238,-0.719,-45.66,-0.019,1.262,0.165,-0.602,0.398,-0.489,-0.49,57.303,-0.395,1.183,0.244,-0.619,0.381,-0.502,-0.469,-85.943,-0.414,1.183,0.153,-0.083,-0.062,-0.793,-0.601,-89.954,-0.503,1.157,0.172,-0.083,-0.062,-0.793,-0.601,0,-0.482,1.078,0.167,-0.102,0.015,-0.985,0.136,FALSE,FALSE
48.437,0.275,0.958,0.12,0,0.681,0,-0.733,175.807,0.265,0.958,-0.015,-0.276,0.63,-0.257,-0.678,-45.658,-0.022,1.262,0.126,-0.568,0.43,-0.528,-0.463,57.303,-0.406,1.183,0.154,-0.584,0.411,-0.543,-0.442,-85.944,-0.412,1.183,0.061,-0.029,-0.022,-0.797,-0.603,-89.954,-0.503,1.157,0.068,-0.029,-0.022,-0.797,-0.603,0,-0.481,1.078,0.066,-0.036,0.005,-0.99,0.136,FALSE,FALSE
48.54,0.275,0.958,0.12,0,0.699,0,-0.715,178.734,0.272,0.958,-0.016,-0.27,0.648,-0.264,-0.662,-45.656,-0.022,1.262,0.11,-0.554,0.442,-0.542,-0.452,57.304,-0.406,1.183,0.119,-0.57,0.422,-0.557,-0.432,-85.944,-0.408,1.183,0.026,-0.009,-0.006,-0.797,-0.604,-89.954,-0.5,1.157,0.028,-0.009,-0.006,-0.797,-0.604,0,-0.477,1.078,0.027,-0.011,0.002,-0.991,0.137,FALSE,FALSE
48.645,0.275,0.958,0.12,0,0.704,0,-0.71,179.524,0.274,0.958,-0.016,-0.268,0.652,-0.266,-0.658,-45.655,-0.022,1.262,0.106,-0.55,0.445,-0.546,-0.449,57.303,-0.406,1.183,0.11,-0.566,0.425,-0.561,-0.429,-85.944,-0.407,1.183,0.017,-0.004,-0.002,-0.797,-0.604,-89.954,-0.498,1.157,0.017,-0.004,-0.002,-0.797,-0.604,0,-0.476,1.078,0.017,-0.004,0.001,-0.991,0.137,FALSE,FALSE
48.751,0.275,0.958,0.12,0,0.706,0,-0.708,179.812,0.275,0.958,-0.016,-0.267,0.654,-0.266,-0.656,-45.656,-0.022,1.262,0.105,-0.549,0.446,-0.547,-0.447,57.303,-0.406,1.183,0.106,-0.565,0.426,-0.563,-0.428,-85.944,-0.407,1.183,0.013,-0.002,-0.001,-0.797,-0.604,-89.954,-0.498,1.157,0.013,-0.002,-0.001,-0.797,-0.604,0,-0.475,1.078,0.013,-0.002,0.001,-0.991,0.137,FALSE,FALSE
48.852,0.275,0.958,0.12,0,0.707,0,-0.708,179.917,0.275,0.958,-0.016,-0.267,0.654,-0.267,-0.655,-45.656,-0.022,1.262,0.104,-0.549,0.446,-0.548,-0.447,57.303,-0.406,1.183,0.105,-0.564,0.427,-0.563,-0.427,-85.944,-0.406,1.183,0.012,-0.001,0,-0.797,-0.604,-89.954,-0.498,1.157,0.012,-0.001,0,-0.797,-0.604,0,-0.475,1.078,0.012,-0.001,0,-0.991,0.137,FALSE,FALSE
48.956,0.275,0.958,0.12,0,0.707,0,-0.707,179.955,0.275,0.958,-0.016,-0.267,0.655,-0.267,-0.655,-45.656,-0.022,1.262,0.104,-0.548,0.447,-0.548,-0.447,57.303,-0.406,1.183,0.104,-0.564,0.427,-0.563,-0.427,-85.944,-0.406,1.183,0.011,-0.001,0,-0.797,-0.604,-89.954,-0.497,1.157,0.011,-0.001,0,-0.797,-0.604,0,-0.475,1.078,0.011,0,0,-0.991,0.137,FALSE,FALSE
49.058,0.275,0.958,0.12,0,0.707,0,-0.707,179.969,0.275,0.958,-0.016,-0.267,0.655,-0.267,-0.655,-45.656,-0.022,1.262,0.104,-0.548,0.447,-0.548,-0.447,57.303,-0.406,1.183,0.104,-0.564,0.427,-0.563,-0.427,-85.944,-0.406,1.183,0.011,-0.001,0,-0.797,-0.604,-89.954,-0.497,1.157,0.011,-0.001,0,-0.797,-0.604,0,-0.475,1.078,0.011,0,0,-0.991,0.137,FALSE,FALSE
49.159,0.275,0.958,0.12,0,0.707,0,-0.707,179.974,0.275,0.958,-0.016,-0.267,0.655,-0.267,-0.655,-45.656,-0.022,1.262,0.104,-0.548,0.447,-0.548,-0.447,57.303,-0.406,1.183,0.104,-0.564,0.427,-0.563,-0.427,-85.944,-0.406,1.183,0.011,0,0,-0.797,-0.604,-89.954,-0.497,1.157,0.011,0,0,-0.797,-0.604,0,-0.475,1.078,0.011,0,0,-0.991,0.137,FALSE,FALSE
49.261,0.275,0.958,0.12,0,0.707,0,-0.707,179.976,0.275,0.958,-0.016,-0.267,0.655,-0.267,-0.655,-45.656,-0.022,1.262,0.104,-0.548,0.447,-0.548,-0.447,57.303,-0.406,1.183,0.104,-0.564,0.427,-0.564,-0.427,-85.944,-0.406,1.183,0.011,0,0,-0.797,-0.604,-89.954,-0.497,1.157,0.011,0,0,-0.797,-0.604,0,-0.475,1.078,0.011,0,0,-0.991,0.137,FALSE,FALSE
49.366,0.275,0.958,0.12,0,0.707,0,-0.707,179.976,0.275,0.958,-0.016,-0.267,0.655,-0.267,-0.655,-45.656,-0.022,1.262,0.104,-0.548,0.447,-0.548,-0.447,57.303,-0.406,1.183,0.104,-0.564,0.427,-0.564,-0.427,-85.944,-0.406,1.183,0.011,0,0,-0.797,-0.604,-89.954,-0.497,1.157,0.011,0,0,-0.797,-0.604,0,-0.475,1.078,0.011,0,0,-0.991,0.137,FALSE,FALSE
49.47,0.275,0.958,0.12,0,0.707,0,-0.707,179.977,0.275,0.958,-0.016,-0.267,0.655,-0.267,-0.655,-45.656,-0.022,1.262,0.104,-0.548,0.447,-0.548,-0.447,57.303,-0.406,1.183,0.104,-0.564,0.427,-0.564,-0.427,-85.944,-0.406,1.183,0.011,0,0,-0.797,-0.604,-89.954,-0.497,1.157,0.011,0,0,-0.797,-0.604,0,-0.475,1.078,0.011,0,0,-0.991,0.137,FALSE,FALSE
49.574,0.275,0.958,0.12,0,0.707,0,-0.707,179.977,0.275,0.958,-0.016,-0.267,0.655,-0.267,-0.655,-45.656,-0.022,1.262,0.104,-0.548,0.447,-0.548,-0.447,57.303,-0.406,1.183,0.104,-0.564,0.427,-0.564,-0.427,-85.944,-0.406,1.183,0.011,0,0,-0.797,-0.604,-89.954,-0.497,1.157,0.011,0,0,-0.797,-0.604,0,-0.475,1.078,0.011,0,0,-0.991,0.137,FALSE,FALSE
49.678,0.275,0.958,0.12,0,0.707,0,-0.707,179.977,0.275,0.958,-0.016,-0.267,0.655,-0.267,-0.655,-45.656,-0.022,1.262,0.104,-0.548,0.447,-0.548,-0.447,57.303,-0.406,1.183,0.104,-0.564,0.427,-0.564,-0.427,-85.944,-0.406,1.183,0.011,0,0,-0.797,-0.604,-89.954,-0.497,1.157,0.011,0,0,-0.797,-0.604,0,-0.475,1.078,0.011,0,0,-0.991,0.137,FALSE,FALSE
49.784,0.275,0.958,0.12,0,0.707,0,-0.707,179.977,0.275,0.958,-0.016,-0.267,0.655,-0.267,-0.655,-45.656,-0.022,1.262,0.104,-0.548,0.447,-0.548,-0.447,57.303,-0.406,1.183,0.104,-0.564,0.427,-0.564,-0.427,-85.944,-0.406,1.183,0.011,0,0,-0.797,-0.604,-89.954,-0.497,1.157,0.011,0,0,-0.797,-0.604,0,-0.475,1.078,0.011,0,0,-0.991,0.137,FALSE,FALSE
49.884,0.275,0.958,0.12,0,0.707,0,-0.707,179.977,0.275,0.958,-0.016,-0.267,0.655,-0.267,-0.655,-45.656,-0.022,1.262,0.104,-0.548,0.447,-0.548,-0.447,57.303,-0.406,1.183,0.104,-0.564,0.427,-0.564,-0.427,-85.944,-0.406,1.183,0.011,0,0,-0.797,-0.604,-89.954,-0.497,1.157,0.011,0,0,-0.797,-0.604,0,-0.475,1.078,0.011,0,0,-0.991,0.137,FALSE,FALSE
49.985,0.275,0.958,0.12,0,0.707,0,-0.707,179.977,0.275,0.958,-0.016,-0.267,0.655,-0.267,-0.655,-45.656,-0.022,1.262,0.104,-0.548,0.447,-0.548,-0.447,57.303,-0.406,1.183,0.104,-0.564,0.427,-0.564,-0.427,-85.944,-0.406,1.183,0.011,0,0,-0.797,-0.604,-89.954,-0.497,1.157,0.011,0,0,-0.797,-0.604,0,-0.475,1.078,0.011,0,0,-0.991,0.137,FALSE,FALSE
50.092,0.275,0.958,0.12,0,0.707,0,-0.707,179.977,0.275,0.958,-0.016,-0.267,0.655,-0.267,-0.655,-45.656,-0.022,1.262,0.104,-0.548,0.447,-0.548,-0.447,57.303,-0.406,1.183,0.104,-0.564,0.427,-0.564,-0.427,-85.944,-0.406,1.183,0.011,0,0,-0.797,-0.604,-89.954,-0.497,1.157,0.011,0,0,-0.797,-0.604,0,-0.475,1.078,0.011,0,0,-0.991,0.137,FALSE,FALSE
50.198,0.275,0.958,0.12,0,0.707,0,-0.707,179.977,0.275,0.958,-0.016,-0.267,0.655,-0.267,-0.655,-45.656,-0.022,1.262,0.104,-0.548,0.447,-0.548,-0.447,57.303,-0.406,1.183,0.104,-0.564,0.427,-0.564,-0.427,-85.944,-0.406,1.183,0.011,0,0,-0.797,-0.604,-89.954,-0.497,1.157,0.011,0,0,-0.797,-0.604,0,-0.475,1.078,0.011,0,0,-0.991,0.137,FALSE,FALSE
50.3,0.275,0.958,0.12,0,0.707,0,-0.707,179.977,0.275,0.958,-0.016,-0.267,0.655,-0.267,-0.655,-45.656,-0.022,1.262,0.104,-0.548,0.447,-0.548,-0.447,57.303,-0.406,1.183,0.104,-0.564,0.427,-0.564,-0.427,-85.944,-0.406,1.183,0.011,0,0,-0.797,-0.604,-89.954,-0.497,1.157,0.011,0,0,-0.797,-0.604,0,-0.475,1.078,0.011,0,0,-0.991,0.137,FALSE,FALSE
50.4,0.275,0.958,0.12,0,0.707,0,-0.707,179.977,0.275,0.958,-0.016,-0.267,0.655,-0.267,-0.655,-45.656,-0.022,1.262,0.104,-0.548,0.447,-0.548,-0.447,57.303,-0.406,1.183,0.104,-0.564,0.427,-0.564,-0.427,-85.944,-0.406,1.183,0.011,0,0,-0.797,-0.604,-89.954,-0.497,1.157,0.011,0,0,-0.797,-0.604,0,-0.475,1.078,0.011,0,0,-0.991,0.137,FALSE,FALSE
50.502,0.275,0.958,0.12,0,0.707,0,-0.707,179.977,0.275,0.958,-0.016,-0.267,0.655,-0.267,-0.655,-45.656,-0.022,1.262,0.104,-0.548,0.447,-0.548,-0.447,57.303,-0.406,1.183,0.104,-0.564,0.427,-0.564,-0.427,-85.944,-0.406,1.183,0.011,0,0,-0.797,-0.604,-89.954,-0.497,1.157,0.011,0,0,-0.797,-0.604,0,-0.475,1.078,0.011,0,0,-0.991,0.137,FALSE,FALSE
50.607,0.275,0.958,0.12,0,0.707,0,-0.707,179.977,0.275,0.958,-0.016,-0.267,0.655,-0.267,-0.655,-45.656,-0.022,1.262,0.104,-0.548,0.447,-0.548,-0.447,57.303,-0.406,1.183,0.104,-0.564,0.427,-0.564,-0.427,-85.944,-0.406,1.183,0.011,0,0,-0.797,-0.604,-89.954,-0.497,1.157,0.011,0,0,-0.797,-0.604,0,-0.475,1.078,0.011,0,0,-0.991,0.137,FALSE,FALSE
50.708,0.275,0.958,0.12,0,0.707,0,-0.707,179.977,0.275,0.958,-0.016,-0.267,0.655,-0.267,-0.655,-45.656,-0.022,1.262,0.104,-0.548,0.447,-0.548,-0.447,57.303,-0.406,1.183,0.104,-0.564,0.427,-0.564,-0.427,-85.944,-0.406,1.183,0.011,0,0,-0.797,-0.604,-89.954,-0.497,1.157,0.011,0,0,-0.797,-0.604,0,-0.475,1.078,0.011,0,0,-0.991,0.137,FALSE,FALSE
50.812,0.275,0.958,0.12,0,0.707,0,-0.707,179.977,0.275,0.958,-0.016,-0.267,0.655,-0.267,-0.655,-45.656,-0.022,1.262,0.104,-0.548,0.447,-0.548,-0.447,57.303,-0.406,1.183,0.104,-0.564,0.427,-0.564,-0.427,-85.944,-0.406,1.183,0.011,0,0,-0.797,-0.604,-89.954,-0.497,1.157,0.011,0,0,-0.797,-0.604,0,-0.475,1.078,0.011,0,0,-0.991,0.137,FALSE,FALSE
50.912,0.275,0.958,0.12,0,0.707,0,-0.707,179.977,0.275,0.958,-0.016,-0.267,0.655,-0.267,-0.655,-45.656,-0.022,1.262,0.104,-0.548,0.447,-0.548,-0.447,57.303,-0.406,1.183,0.104,-0.564,0.427,-0.564,-0.427,-85.944,-0.406,1.183,0.011,0,0,-0.797,-0.604,-89.954,-0.497,1.157,0.011,0,0,-0.797,-0.604,0,-0.475,1.078,0.011,0,0,-0.991,0.137,FALSE,FALSE
51.015,0.275,0.958,0.12,0,0.707,0,-0.707,179.977,0.275,0.958,-0.016,-0.267,0.655,-0.267,-0.655,-45.656,-0.022,1.262,0.104,-0.548,0.447,-0.548,-0.447,57.303,-0.406,1.183,0.104,-0.564,0.427,-0.564,-0.427,-85.944,-0.406,1.183,0.011,0,0,-0.797,-0.604,-89.954,-0.497,1.157,0.011,0,0,-0.797,-0.604,0,-0.475,1.078,0.011,0,0,-0.991,0.137,FALSE,FALSE
51.115,0.275,0.958,0.12,0,0.707,0,-0.707,179.977,0.275,0.958,-0.016,-0.267,0.655,-0.267,-0.655,-45.656,-0.022,1.262,0.104,-0.548,0.447,-0.548,-0.447,57.303,-0.406,1.183,0.104,-0.564,0.427,-0.564,-0.427,-85.944,-0.406,1.183,0.011,0,0,-0.797,-0.604,-89.954,-0.497,1.157,0.011,0,0,-0.797,-0.604,0,-0.475,1.078,0.011,0,0,-0.991,0.137,FALSE,FALSE
51.22,0.275,0.958,0.12,0,0.707,0,-0.707,179.977,0.275,0.958,-0.016,-0.267,0.655,-0.267,-0.655,-45.656,-0.022,1.262,0.104,-0.548,0.447,-0.548,-0.447,57.303,-0.406,1.183,0.104,-0.564,0.427,-0.564,-0.427,-85.944,-0.406,1.183,0.011,0,0,-0.797,-0.604,-89.954,-0.497,1.157,0.011,0,0,-0.797,-0.604,0,-0.475,1.078,0.011,0,0,-0.991,0.137,FALSE,FALSE
51.323,0.275,0.958,0.12,0,0.707,0,-0.707,179.977,0.275,0.958,-0.016,-0.267,0.655,-0.267,-0.655,-45.656,-0.022,1.262,0.104,-0.548,0.447,-0.548,-0.447,57.303,-0.406,1.183,0.104,-0.564,0.427,-0.564,-0.427,-85.944,-0.406,1.183,0.011,0,0,-0.797,-0.604,-89.954,-0.497,1.157,0.011,0,0,-0.797,-0.604,0,-0.475,1.078,0.011,0,0,-0.991,0.137,FALSE,FALSE
51.45,0.275,0.958,0.12,0,0.707,0,-0.707,179.977,0.275,0.958,-0.016,-0.267,0.655,-0.267,-0.655,-45.656,-0.022,1.262,0.104,-0.548,0.447,-0.548,-0.447,57.303,-0.406,1.183,0.104,-0.564,0.427,-0.564,-0.427,-85.944,-0.406,1.183,0.011,0,0,-0.797,-0.604,-89.954,-0.497,1.157,0.011,0,0,-0.797,-0.604,0,-0.475,1.078,0.011,0,0,-0.991,0.137,FALSE,FALSE