Timestamp,base_PosX,base_PosY,base_PosZ,base_RotX,base_RotY,base_RotZ,base_RotW,base_jointAngle,shoulder_PosX,shoulder_PosY,shoulder_PosZ,shoulder_RotX,shoulder_RotY,shoulder_RotZ,shoulder_RotW,shoulder_jointAngle,elbow_PosX,elbow_PosY,elbow_PosZ,elbow_RotX,elbow_RotY,elbow_RotZ,elbow_RotW,elbow_jointAngle,wrist1_PosX,wrist1_PosY,wrist1_PosZ,wrist1_RotX,wrist1_RotY,wrist1_RotZ,wrist1_RotW,wrist1_jointAngle,wrist2_PosX,wrist2_PosY,wrist2_PosZ,wrist2_RotX,wrist2_RotY,wrist2_RotZ,wrist2_RotW,wrist2_jointAngle,wrist3_PosX,wrist3_PosY,wrist3_PosZ,wrist3_RotX,wrist3_RotY,wrist3_RotZ,wrist3_RotW,wrist3_jointAngle,ee_PosX,ee_PosY,ee_PosZ,ee_RotX,ee_RotY,ee_RotZ,ee_RotW,suctionOn,blockAttracted
0.000,1.454,0.953,-0.014,0.000,-0.707,0.000,0.707,0.036,1.454,0.953,-0.150,0.362,-0.608,0.362,0.607,-28.418,1.080,1.155,-0.030,0.593,-0.384,0.594,0.384,52.569,0.722,0.995,-0.031,0.640,-0.301,0.640,0.301,-74.568,0.722,0.995,-0.124,0.141,-0.067,0.894,0.421,-72.021,0.649,0.935,-0.124,0.141,-0.067,0.894,0.421,-0.024,0.699,0.874,-0.149,0.052,-0.147,0.929,-0.334,False,False
0.176,1.454,0.953,-0.014,0.000,-0.889,0.000,0.459,35.371,1.533,0.953,-0.125,0.174,-0.822,0.337,0.425,-45.480,1.220,1.256,-0.200,0.356,-0.560,0.690,0.289,57.290,0.907,1.176,-0.422,0.366,-0.536,0.709,0.277,-85.942,0.961,1.176,-0.498,-0.242,-0.183,0.760,0.574,-89.935,0.887,1.150,-0.550,-0.242,-0.183,0.760,0.574,0.007,0.905,1.071,-0.538,-0.301,0.041,0.944,-0.132,False,False
0.278,1.454,0.953,-0.014,0.000,-0.956,0.000,0.294,55.839,1.566,0.953,-0.090,0.111,-0.885,0.361,0.272,-45.630,1.300,1.257,-0.269,0.228,-0.604,0.741,0.185,57.303,1.085,1.178,-0.587,0.234,-0.577,0.762,0.177,-85.943,1.162,1.178,-0.639,-0.373,-0.283,0.705,0.533,-89.935,1.111,1.152,-0.714,-0.373,-0.283,0.705,0.533,0.008,1.123,1.073,-0.696,-0.464,0.064,0.875,-0.121,False,False
0.384,1.454,0.953,-0.014,0.000,-0.996,0.000,0.084,80.394,1.588,0.953,-0.037,0.032,-0.923,0.376,0.078,-45.656,1.420,1.257,-0.310,0.065,-0.629,0.772,0.053,57.303,1.356,1.178,-0.688,0.067,-0.602,0.794,0.051,-85.943,1.448,1.178,-0.704,-0.514,-0.390,0.609,0.461,-89.936,1.433,1.152,-0.794,-0.514,-0.390,0.609,0.461,0.008,1.437,1.073,-0.772,-0.639,0.088,0.757,-0.105,False,False
0.488,1.454,0.953,-0.014,0.000,-0.996,0.000,-0.095,100.855,1.587,0.953,0.012,-0.036,-0.922,0.376,-0.088,-45.659,1.526,1.257,-0.303,-0.073,-0.629,0.772,-0.060,57.303,1.598,1.178,-0.680,-0.075,-0.601,0.793,-0.057,-85.943,1.689,1.178,-0.662,-0.614,-0.466,0.508,0.384,-89.936,1.707,1.152,-0.752,-0.614,-0.466,0.508,0.384,0.008,1.703,1.073,-0.730,-0.764,0.105,0.631,-0.087,False,False
0.596,1.454,0.953,-0.014,0.000,-0.963,0.000,-0.270,121.317,1.570,0.953,0.057,-0.102,-0.892,0.363,-0.250,-45.659,1.622,1.257,-0.259,-0.209,-0.608,0.746,-0.171,57.303,1.822,1.178,-0.588,-0.215,-0.581,0.767,-0.163,-85.943,1.901,1.178,-0.539,-0.695,-0.527,0.391,0.296,-89.936,1.949,1.152,-0.617,-0.695,-0.527,0.391,0.296,0.008,1.937,1.073,-0.598,-0.863,0.119,0.486,-0.067,False,False
0.698,1.454,0.953,-0.014,0.000,-0.900,0.000,-0.437,141.778,1.538,0.953,0.093,-0.165,-0.833,0.339,-0.404,-45.659,1.697,1.257,-0.185,-0.338,-0.568,0.697,-0.276,57.303,1.999,1.178,-0.423,-0.348,-0.543,0.717,-0.264,-85.943,2.057,1.178,-0.350,-0.753,-0.571,0.261,0.197,-89.936,2.128,1.152,-0.406,-0.753,-0.571,0.261,0.197,0.008,2.111,1.073,-0.392,-0.936,0.129,0.324,-0.045,False,False
0.804,1.454,0.953,-0.014,0.000,-0.798,0.000,-0.602,164.093,1.491,0.953,0.117,-0.227,-0.739,0.301,-0.558,-45.660,1.744,1.257,-0.080,-0.467,-0.504,0.619,-0.381,57.303,2.114,1.178,-0.185,-0.480,-0.482,0.636,-0.364,-85.943,2.139,1.178,-0.096,-0.789,-0.598,0.111,0.083,-89.953,2.227,1.152,-0.121,-0.789,-0.598,0.111,0.083,0.001,2.205,1.073,-0.115,-0.981,0.135,0.137,-0.019,False,False
0.905,1.454,0.953,-0.014,0.000,-0.740,0.000,-0.672,174.502,1.467,0.953,0.121,-0.254,-0.685,0.279,-0.623,-45.659,1.751,1.257,-0.026,-0.521,-0.468,0.574,-0.425,57.303,2.134,1.178,-0.063,-0.536,-0.447,0.590,-0.406,-85.944,2.143,1.178,0.029,-0.796,-0.603,0.039,0.029,-89.954,2.233,1.152,0.021,-0.796,-0.603,0.039,0.029,0.000,2.211,1.073,0.023,-0.989,0.136,0.048,-0.007,False,False
1.008,1.454,0.953,-0.014,0.000,-0.719,0.000,-0.695,177.980,1.459,0.953,0.122,-0.262,-0.666,0.272,-0.643,-45.656,1.751,1.257,-0.008,-0.538,-0.454,0.558,-0.439,57.304,2.135,1.178,-0.022,-0.554,-0.434,0.573,-0.419,-85.944,2.139,1.178,0.071,-0.797,-0.604,0.014,0.010,-89.954,2.230,1.152,0.068,-0.797,-0.604,0.014,0.010,0.000,2.207,1.073,0.069,-0.990,0.137,0.018,-0.003,False,False
1.170,1.454,0.953,-0.014,0.000,-0.710,0.000,-0.705,179.579,1.455,0.953,0.122,-0.266,-0.657,0.268,-0.652,-45.655,1.751,1.257,0.000,-0.546,-0.448,0.550,-0.445,57.303,2.135,1.178,-0.003,-0.562,-0.429,0.566,-0.425,-85.944,2.136,1.178,0.090,-0.797,-0.604,0.003,0.002,-89.954,2.227,1.152,0.089,-0.797,-0.604,0.003,0.002,0.000,2.205,1.073,0.090,-0.991,0.137,0.004,-0.001,False,False
1.273,1.454,0.953,-0.014,0.000,-0.708,0.000,-0.706,179.832,1.454,0.953,0.122,-0.266,-0.656,0.267,-0.654,-45.656,1.751,1.257,0.001,-0.547,-0.447,0.549,-0.446,57.303,2.135,1.178,0.000,-0.563,-0.428,0.564,-0.426,-85.944,2.136,1.178,0.093,-0.797,-0.604,0.001,0.001,-89.954,2.227,1.152,0.093,-0.797,-0.604,0.001,0.001,0.000,2.204,1.073,0.093,-0.991,0.137,0.002,-0.001,False,False
1.375,1.454,0.953,-0.014,0.000,-0.708,0.000,-0.707,179.924,1.454,0.953,0.122,-0.267,-0.655,0.267,-0.654,-45.656,1.751,1.257,0.002,-0.548,-0.447,0.549,-0.446,57.303,2.135,1.178,0.001,-0.563,-0.427,0.564,-0.427,-85.944,2.135,1.178,0.094,-0.797,-0.604,0.001,0.000,-89.954,2.226,1.152,0.094,-0.797,-0.604,0.001,0.000,0.000,2.204,1.073,0.094,-0.991,0.137,0.001,0.000,False,False
1.481,1.454,0.953,-0.014,0.000,-0.707,0.000,-0.707,179.961,1.454,0.953,0.122,-0.267,-0.655,0.267,-0.655,-45.656,1.751,1.257,0.002,-0.548,-0.447,0.548,-0.447,57.303,2.135,1.178,0.002,-0.563,-0.427,0.564,-0.427,-85.944,2.135,1.178,0.095,-0.797,-0.604,0.001,0.000,-89.954,2.226,1.152,0.095,-0.797,-0.604,0.001,0.000,0.000,2.204,1.073,0.095,-0.991,0.137,0.000,0.000,False,False
1.582,1.454,0.953,-0.014,0.000,-0.707,0.000,-0.707,179.971,1.454,0.953,0.122,-0.267,-0.655,0.267,-0.655,-45.656,1.751,1.257,0.002,-0.548,-0.447,0.548,-0.447,57.303,2.135,1.178,0.002,-0.563,-0.427,0.564,-0.427,-85.944,2.135,1.178,0.095,-0.797,-0.604,0.001,0.000,-89.954,2.226,1.152,0.095,-0.797,-0.604,0.001,0.000,0.000,2.204,1.073,0.095,-0.991,0.137,0.000,0.000,False,False
1.689,1.454,0.953,-0.014,0.000,-0.707,0.000,-0.707,179.975,1.454,0.953,0.122,-0.267,-0.655,0.267,-0.655,-45.656,1.751,1.257,0.002,-0.548,-0.447,0.548,-0.447,57.303,2.135,1.178,0.002,-0.563,-0.427,0.564,-0.427,-85.944,2.135,1.178,0.095,-0.797,-0.604,0.000,0.000,-89.954,2.226,1.152,0.095,-0.797,-0.604,0.000,0.000,0.000,2.204,1.073,0.095,-0.991,0.137,0.000,0.000,False,False
1.790,1.454,0.953,-0.014,0.000,-0.707,0.000,-0.707,179.976,1.454,0.953,0.122,-0.267,-0.655,0.267,-0.655,-45.656,1.751,1.257,0.002,-0.548,-0.447,0.548,-0.447,57.303,2.135,1.178,0.002,-0.564,-0.427,0.564,-0.427,-85.944,2.135,1.178,0.095,-0.797,-0.604,0.000,0.000,-89.954,2.226,1.152,0.095,-0.797,-0.604,0.000,0.000,0.000,2.204,1.073,0.095,-0.991,0.137,0.000,0.000,False,False
1.893,1.454,0.953,-0.014,0.000,-0.707,0.000,-0.707,179.976,1.454,0.953,0.122,-0.267,-0.655,0.267,-0.655,-45.656,1.751,1.257,0.002,-0.548,-0.447,0.548,-0.447,57.303,2.135,1.178,0.002,-0.564,-0.427,0.564,-0.427,-85.944,2.135,1.178,0.095,-0.797,-0.604,0.000,0.000,-89.954,2.226,1.152,0.095,-0.797,-0.604,0.000,0.000,0.000,2.204,1.073,0.095,-0.991,0.137,0.000,0.000,False,False
2.000,1.454,0.953,-0.014,0.000,-0.707,0.000,-0.707,179.977,1.454,0.953,0.122,-0.267,-0.655,0.267,-0.655,-45.656,1.751,1.257,0.002,-0.548,-0.447,0.548,-0.447,57.303,2.135,1.178,0.002,-0.564,-0.427,0.564,-0.427,-85.944,2.135,1.178,0.095,-0.797,-0.604,0.000,0.000,-89.954,2.226,1.152,0.095,-0.797,-0.604,0.000,0.000,0.000,2.204,1.073,0.095,-0.991,0.137,0.000,0.000,False,False
2.102,1.454,0.953,-0.014,0.000,-0.707,0.000,-0.707,179.977,1.454,0.953,0.122,-0.267,-0.655,0.267,-0.655,-45.656,1.751,1.257,0.002,-0.548,-0.447,0.548,-0.447,57.303,2.135,1.178,0.002,-0.564,-0.427,0.564,-0.427,-85.944,2.135,1.178,0.095,-0.797,-0.604,0.000,0.000,-89.954,2.226,1.152,0.095,-0.797,-0.604,0.000,0.000,0.000,2.204,1.073,0.095,-0.991,0.137,0.000,0.000,False,False
2.208,1.454,0.953,-0.014,0.000,-0.707,0.000,-0.707,179.977,1.454,0.953,0.122,-0.267,-0.655,0.267,-0.655,-45.656,1.751,1.257,0.002,-0.548,-0.447,0.548,-0.447,57.303,2.135,1.178,0.002,-0.564,-0.427,0.564,-0.427,-85.944,2.135,1.178,0.095,-0.797,-0.604,0.000,0.000,-89.954,2.226,1.152,0.095,-0.797,-0.604,0.000,0.000,0.000,2.204,1.073,0.095,-0.991,0.137,0.000,0.000,False,False
2.314,1.454,0.953,-0.014,0.000,-0.707,0.000,-0.707,179.977,1.454,0.953,0.122,-0.267,-0.655,0.267,-0.655,-45.656,1.751,1.257,0.002,-0.548,-0.447,0.548,-0.447,57.303,2.135,1.178,0.002,-0.564,-0.427,0.564,-0.427,-85.944,2.135,1.178,0.095,-0.797,-0.604,0.000,0.000,-89.954,2.226,1.152,0.095,-0.797,-0.604,0.000,0.000,0.000,2.204,1.073,0.095,-0.991,0.137,0.000,0.000,False,False
2.416,1.454,0.953,-0.014,0.000,-0.707,0.000,-0.707,179.977,1.454,0.953,0.122,-0.267,-0.655,0.267,-0.655,-45.656,1.751,1.257,0.002,-0.548,-0.447,0.548,-0.447,57.303,2.135,1.178,0.002,-0.564,-0.427,0.564,-0.427,-85.944,2.135,1.178,0.095,-0.797,-0.604,0.000,0.000,-89.954,2.226,1.152,0.095,-0.797,-0.604,0.000,0.000,0.000,2.204,1.073,0.095,-0.991,0.137,0.000,0.000,False,False
2.521,1.454,0.953,-0.014,0.000,-0.707,0.000,-0.707,179.977,1.454,0.953,0.122,-0.267,-0.655,0.267,-0.655,-45.656,1.751,1.257,0.002,-0.548,-0.447,0.548,-0.447,57.303,2.135,1.178,0.002,-0.564,-0.427,0.564,-0.427,-85.944,2.135,1.178,0.095,-0.797,-0.604,0.000,0.000,-89.954,2.226,1.152,0.095,-0.797,-0.604,0.000,0.000,0.000,2.204,1.073,0.095,-0.991,0.137,0.000,0.000,False,False
2.627,1.454,0.953,-0.014,0.000,-0.707,0.000,-0.707,179.977,1.454,0.953,0.122,-0.267,-0.655,0.267,-0.655,-45.656,1.751,1.257,0.002,-0.548,-0.447,0.548,-0.447,57.303,2.135,1.178,0.002,-0.564,-0.427,0.564,-0.427,-85.944,2.135,1.178,0.095,-0.797,-0.604,0.000,0.000,-89.954,2.226,1.152,0.095,-0.797,-0.604,0.000,0.000,0.000,2.204,1.073,0.095,-0.991,0.137,0.000,0.000,False,False
2.730,1.454,0.953,-0.014,0.000,-0.707,0.000,-0.707,179.977,1.454,0.953,0.122,-0.267,-0.655,0.267,-0.655,-45.656,1.751,1.257,0.002,-0.548,-0.447,0.548,-0.447,57.303,2.135,1.178,0.002,-0.564,-0.427,0.564,-0.427,-85.944,2.135,1.178,0.095,-0.797,-0.604,0.000,0.000,-89.954,2.226,1.152,0.095,-0.797,-0.604,0.000,0.000,0.000,2.204,1.073,0.095,-0.991,0.137,0.000,0.000,False,False
2.832,1.454,0.953,-0.014,0.000,-0.707,0.000,-0.707,179.977,1.454,0.953,0.122,-0.267,-0.655,0.267,-0.655,-45.656,1.751,1.257,0.002,-0.548,-0.447,0.548,-0.447,57.303,2.135,1.178,0.002,-0.564,-0.427,0.564,-0.427,-85.944,2.135,1.178,0.095,-0.797,-0.604,0.000,0.000,-89.954,2.226,1.152,0.095,-0.797,-0.604,0.000,0.000,0.000,2.204,1.073,0.095,-0.991,0.137,0.000,0.000,False,False
2.935,1.454,0.953,-0.014,0.000,-0.707,0.000,-0.707,179.977,1.454,0.953,0.122,-0.267,-0.655,0.267,-0.655,-45.656,1.751,1.257,0.002,-0.548,-0.447,0.548,-0.447,57.303,2.135,1.178,0.002,-0.564,-0.427,0.564,-0.427,-85.944,2.135,1.178,0.095,-0.797,-0.604,0.000,0.000,-89.954,2.226,1.152,0.095,-0.797,-0.604,0.000,0.000,0.000,2.204,1.073,0.095,-0.991,0.137,0.000,0.000,False,False
3.038,1.454,0.953,-0.014,0.000,-0.707,0.000,-0.707,179.977,1.454,0.953,0.122,-0.267,-0.655,0.267,-0.655,-45.656,1.751,1.257,0.002,-0.548,-0.447,0.548,-0.447,57.303,2.135,1.178,0.002,-0.564,-0.427,0.564,-0.427,-85.944,2.135,1.178,0.095,-0.797,-0.604,0.000,0.000,-89.954,2.226,1.152,0.095,-0.797,-0.604,0.000,0.000,0.000,2.204,1.073,0.095,-0.991,0.137,0.000,0.000,False,False
3.142,1.454,0.953,-0.014,0.000,-0.707,0.000,-0.707,179.977,1.454,0.953,0.122,-0.267,-0.655,0.267,-0.655,-45.656,1.751,1.257,0.002,-0.548,-0.447,0.548,-0.447,57.303,2.135,1.178,0.002,-0.564,-0.427,0.564,-0.427,-85.944,2.135,1.178,0.095,-0.797,-0.604,0.000,0.000,-89.954,2.226,1.152,0.095,-0.797,-0.604,0.000,0.000,0.000,2.204,1.073,0.095,-0.991,0.137,0.000,0.000,False,False
3.243,1.454,0.953,-0.014,0.000,-0.707,0.000,-0.707,179.977,1.454,0.953,0.122,-0.267,-0.655,0.267,-0.655,-45.656,1.751,1.257,0.002,-0.548,-0.447,0.548,-0.447,57.303,2.135,1.178,0.002,-0.564,-0.427,0.564,-0.427,-85.944,2.135,1.178,0.095,-0.797,-0.604,0.000,0.000,-89.954,2.226,1.152,0.095,-0.797,-0.604,0.000,0.000,0.000,2.204,1.073,0.095,-0.991,0.137,0.000,0.000,False,False
3.346,1.454,0.953,-0.014,0.000,-0.707,0.000,-0.707,179.977,1.454,0.953,0.122,-0.267,-0.655,0.267,-0.655,-45.656,1.751,1.257,0.002,-0.548,-0.447,0.548,-0.447,57.303,2.135,1.178,0.002,-0.564,-0.427,0.564,-0.427,-85.944,2.135,1.178,0.095,-0.797,-0.604,0.000,0.000,-89.954,2.226,1.152,0.095,-0.797,-0.604,0.000,0.000,0.000,2.204,1.073,0.095,-0.991,0.137,0.000,0.000,False,False
3.451,1.454,0.953,-0.014,0.000,-0.707,0.000,-0.707,179.977,1.454,0.953,0.122,-0.267,-0.655,0.267,-0.655,-45.656,1.751,1.257,0.002,-0.548,-0.447,0.548,-0.447,57.303,2.135,1.178,0.002,-0.564,-0.427,0.564,-0.427,-85.944,2.135,1.178,0.095,-0.797,-0.604,0.000,0.000,-89.954,2.226,1.152,0.095,-0.797,-0.604,0.000,0.000,0.000,2.204,1.073,0.095,-0.991,0.137,0.000,0.000,False,False
3.555,1.454,0.953,-0.014,0.000,-0.707,0.000,-0.707,179.977,1.454,0.953,0.122,-0.267,-0.655,0.267,-0.655,-45.656,1.751,1.257,0.002,-0.548,-0.447,0.548,-0.447,57.303,2.135,1.178,0.002,-0.564,-0.427,0.564,-0.427,-85.944,2.135,1.178,0.095,-0.797,-0.604,0.000,0.000,-89.954,2.226,1.152,0.095,-0.797,-0.604,0.000,0.000,0.000,2.204,1.073,0.095,-0.991,0.137,0.000,0.000,False,False
3.659,1.454,0.953,-0.014,0.000,-0.707,0.000,-0.707,179.977,1.454,0.953,0.122,-0.267,-0.655,0.267,-0.655,-45.656,1.751,1.257,0.002,-0.548,-0.447,0.548,-0.447,57.303,2.135,1.178,0.002,-0.564,-0.427,0.564,-0.427,-85.944,2.135,1.178,0.095,-0.797,-0.604,0.000,0.000,-89.954,2.226,1.152,0.095,-0.797,-0.604,0.000,0.000,0.000,2.204,1.073,0.095,-0.991,0.137,0.000,0.000,False,False
3.759,1.454,0.953,-0.014,0.000,-0.707,0.000,-0.707,179.977,1.454,0.953,0.122,-0.267,-0.655,0.267,-0.655,-45.656,1.751,1.257,0.002,-0.548,-0.447,0.548,-0.447,57.303,2.135,1.178,0.002,-0.564,-0.427,0.564,-0.427,-85.944,2.135,1.178,0.095,-0.797,-0.604,0.000,0.000,-89.954,2.226,1.152,0.095,-0.797,-0.604,0.000,0.000,0.000,2.204,1.073,0.095,-0.991,0.137,0.000,0.000,False,False
3.862,1.454,0.953,-0.014,0.000,-0.707,0.000,-0.707,179.977,1.454,0.953,0.122,-0.267,-0.655,0.267,-0.655,-45.656,1.751,1.257,0.002,-0.548,-0.447,0.548,-0.447,57.303,2.135,1.178,0.002,-0.564,-0.427,0.564,-0.427,-85.944,2.135,1.178,0.095,-0.797,-0.604,0.000,0.000,-89.954,2.226,1.152,0.095,-0.797,-0.604,0.000,0.000,0.000,2.204,1.073,0.095,-0.991,0.137,0.000,0.000,False,False
3.968,1.454,0.953,-0.014,0.000,-0.707,0.000,-0.707,179.977,1.454,0.953,0.122,-0.267,-0.655,0.267,-0.655,-45.656,1.751,1.257,0.002,-0.548,-0.447,0.548,-0.447,57.303,2.135,1.178,0.002,-0.564,-0.427,0.564,-0.427,-85.944,2.135,1.178,0.095,-0.797,-0.604,0.000,0.000,-89.954,2.226,1.152,0.095,-0.797,-0.604,0.000,0.000,0.000,2.204,1.073,0.095,-0.991,0.137,0.000,0.000,False,False
4.076,1.454,0.953,-0.014,0.000,-0.707,0.000,-0.707,179.977,1.454,0.953,0.122,-0.267,-0.655,0.267,-0.655,-45.656,1.751,1.257,0.002,-0.548,-0.447,0.548,-0.447,57.303,2.135,1.178,0.002,-0.564,-0.427,0.564,-0.427,-85.944,2.135,1.178,0.095,-0.797,-0.604,0.000,0.000,-89.954,2.226,1.152,0.095,-0.797,-0.604,0.000,0.000,0.000,2.204,1.073,0.095,-0.991,0.137,0.000,0.000,False,False
4.178,1.454,0.953,-0.014,0.000,-0.707,0.000,-0.707,179.977,1.454,0.953,0.122,-0.267,-0.655,0.267,-0.655,-45.656,1.751,1.257,0.002,-0.548,-0.447,0.548,-0.447,57.303,2.135,1.178,0.002,-0.564,-0.427,0.564,-0.427,-85.944,2.135,1.178,0.095,-0.797,-0.604,0.000,0.000,-89.954,2.226,1.152,0.095,-0.797,-0.604,0.000,0.000,0.000,2.204,1.073,0.095,-0.991,0.137,0.000,0.000,False,False
4.279,1.454,0.953,-0.014,0.000,-0.707,0.000,-0.707,179.977,1.454,0.953,0.122,-0.267,-0.655,0.267,-0.655,-45.656,1.751,1.257,0.002,-0.548,-0.447,0.548,-0.447,57.303,2.135,1.178,0.002,-0.564,-0.427,0.564,-0.427,-85.944,2.135,1.178,0.095,-0.797,-0.604,0.000,0.000,-89.954,2.226,1.152,0.095,-0.797,-0.604,0.000,0.000,0.000,2.204,1.073,0.095,-0.991,0.137,0.000,0.000,False,False
4.382,1.454,0.953,-0.014,0.000,-0.707,0.000,-0.707,179.977,1.454,0.953,0.122,-0.267,-0.655,0.267,-0.655,-45.656,1.751,1.257,0.002,-0.548,-0.447,0.548,-0.447,57.303,2.135,1.178,0.002,-0.564,-0.427,0.564,-0.427,-85.944,2.135,1.178,0.095,-0.797,-0.604,0.000,0.000,-89.954,2.226,1.152,0.095,-0.797,-0.604,0.000,0.000,0.000,2.204,1.073,0.095,-0.991,0.137,0.000,0.000,False,False
4.483,1.454,0.953,-0.014,0.000,-0.707,0.000,-0.707,179.977,1.454,0.953,0.122,-0.267,-0.655,0.267,-0.655,-45.656,1.751,1.257,0.002,-0.548,-0.447,0.548,-0.447,57.303,2.135,1.178,0.002,-0.564,-0.427,0.564,-0.427,-85.944,2.135,1.178,0.095,-0.797,-0.604,0.000,0.000,-89.954,2.226,1.152,0.095,-0.797,-0.604,0.000,0.000,0.000,2.204,1.073,0.095,-0.991,0.137,0.000,0.000,False,False
4.586,1.454,0.953,-0.014,0.000,-0.707,0.000,-0.707,179.977,1.454,0.953,0.122,-0.267,-0.655,0.267,-0.655,-45.656,1.751,1.257,0.002,-0.548,-0.447,0.548,-0.447,57.303,2.135,1.178,0.002,-0.564,-0.427,0.564,-0.427,-85.944,2.135,1.178,0.095,-0.797,-0.604,0.000,0.000,-89.954,2.226,1.152,0.095,-0.797,-0.604,0.000,0.000,0.000,2.204,1.073,0.095,-0.991,0.137,0.000,0.000,False,False
4.686,1.454,0.953,-0.014,0.000,-0.707,0.000,-0.707,179.977,1.454,0.953,0.122,-0.267,-0.655,0.267,-0.655,-45.656,1.751,1.257,0.002,-0.548,-0.447,0.548,-0.447,57.303,2.135,1.178,0.002,-0.564,-0.427,0.564,-0.427,-85.944,2.135,1.178,0.095,-0.797,-0.604,0.000,0.000,-89.954,2.226,1.152,0.095,-0.797,-0.604,0.000,0.000,0.000,2.204,1.073,0.095,-0.991,0.137,0.000,0.000,False,False
4.790,1.454,0.953,-0.014,0.000,-0.707,0.000,-0.707,179.977,1.454,0.953,0.122,-0.267,-0.655,0.267,-0.655,-45.656,1.751,1.257,0.002,-0.548,-0.447,0.548,-0.447,57.303,2.135,1.178,0.002,-0.564,-0.427,0.564,-0.427,-85.944,2.135,1.178,0.095,-0.797,-0.604,0.000,0.000,-89.954,2.226,1.152,0.095,-0.797,-0.604,0.000,0.000,0.000,2.204,1.073,0.095,-0.991,0.137,0.000,0.000,False,False
4.892,1.454,0.953,-0.014,0.000,-0.707,0.000,-0.707,179.977,1.454,0.953,0.122,-0.267,-0.655,0.267,-0.655,-45.656,1.751,1.257,0.002,-0.548,-0.447,0.548,-0.447,57.303,2.135,1.178,0.002,-0.564,-0.427,0.564,-0.427,-85.944,2.135,1.178,0.095,-0.797,-0.604,0.000,0.000,-89.954,2.226,1.152,0.095,-0.797,-0.604,0.000,0.000,0.000,2.204,1.073,0.095,-0.991,0.137,0.000,0.000,False,False
4.993,1.454,0.953,-0.014,0.000,-0.707,0.000,-0.707,179.977,1.454,0.953,0.122,-0.267,-0.655,0.267,-0.655,-45.656,1.751,1.257,0.002,-0.548,-0.447,0.548,-0.447,57.303,2.135,1.178,0.002,-0.564,-0.427,0.564,-0.427,-85.944,2.135,1.178,0.095,-0.797,-0.604,0.000,0.000,-89.954,2.226,1.152,0.095,-0.797,-0.604,0.000,0.000,0.000,2.204,1.073,0.095,-0.991,0.137,0.000,0.000,False,False
5.098,1.454,0.953,-0.014,0.000,-0.707,0.000,-0.707,179.977,1.454,0.953,0.122,-0.267,-0.655,0.267,-0.655,-45.656,1.751,1.257,0.002,-0.548,-0.447,0.548,-0.447,57.303,2.135,1.178,0.002,-0.564,-0.427,0.564,-0.427,-85.944,2.135,1.178,0.095,-0.797,-0.604,0.000,0.000,-89.954,2.226,1.152,0.095,-0.797,-0.604,0.000,0.000,0.000,2.204,1.073,0.095,-0.991,0.137,0.000,0.000,False,False
5.201,1.454,0.953,-0.014,0.000,-0.707,0.000,-0.707,179.977,1.454,0.953,0.122,-0.267,-0.655,0.267,-0.655,-45.656,1.751,1.257,0.002,-0.548,-0.447,0.548,-0.447,57.303,2.135,1.178,0.002,-0.564,-0.427,0.564,-0.427,-85.944,2.135,1.178,0.095,-0.797,-0.604,0.000,0.000,-89.954,2.226,1.152,0.095,-0.797,-0.604,0.000,0.000,0.000,2.204,1.073,0.095,-0.991,0.137,0.000,0.000,False,False
5.302,1.454,0.953,-0.014,0.000,-0.707,0.000,-0.707,179.977,1.454,0.953,0.122,-0.267,-0.655,0.267,-0.655,-45.656,1.751,1.257,0.002,-0.548,-0.447,0.548,-0.447,57.303,2.135,1.178,0.002,-0.564,-0.427,0.564,-0.427,-85.944,2.135,1.178,0.095,-0.797,-0.604,0.000,0.000,-89.954,2.226,1.152,0.095,-0.797,-0.604,0.000,0.000,0.000,2.204,1.073,0.095,-0.991,0.137,0.000,0.000,False,False
5.405,1.454,0.953,-0.014,0.000,-0.707,0.000,-0.707,179.977,1.454,0.953,0.122,-0.267,-0.655,0.267,-0.655,-45.656,1.751,1.257,0.002,-0.548,-0.447,0.548,-0.447,57.303,2.135,1.178,0.002,-0.564,-0.427,0.564,-0.427,-85.944,2.135,1.178,0.095,-0.797,-0.604,0.000,0.000,-89.954,2.226,1.152,0.095,-0.797,-0.604,0.000,0.000,0.000,2.204,1.073,0.095,-0.991,0.137,0.000,0.000,False,False
5.505,1.454,0.953,-0.014,0.000,-0.707,0.000,-0.707,179.977,1.454,0.953,0.122,-0.267,-0.655,0.267,-0.655,-45.656,1.751,1.257,0.002,-0.548,-0.447,0.548,-0.447,57.303,2.135,1.178,0.002,-0.564,-0.427,0.564,-0.427,-85.944,2.135,1.178,0.095,-0.797,-0.604,0.000,0.000,-89.954,2.226,1.152,0.095,-0.797,-0.604,0.000,0.000,0.000,2.204,1.073,0.095,-0.991,0.137,0.000,0.000,False,False
5.605,1.454,0.953,-0.014,0.000,-0.707,0.000,-0.707,179.977,1.454,0.953,0.122,-0.267,-0.655,0.267,-0.655,-45.656,1.751,1.257,0.002,-0.548,-0.447,0.548,-0.447,57.303,2.135,1.178,0.002,-0.564,-0.427,0.564,-0.427,-85.944,2.135,1.178,0.095,-0.797,-0.604,0.000,0.000,-89.954,2.226,1.152,0.095,-0.797,-0.604,0.000,0.000,0.000,2.204,1.073,0.095,-0.991,0.137,0.000,0.000,False,False
5.705,1.454,0.953,-0.014,0.000,-0.707,0.000,-0.707,179.977,1.454,0.953,0.122,-0.267,-0.655,0.267,-0.655,-45.656,1.751,1.257,0.002,-0.548,-0.447,0.548,-0.447,57.303,2.135,1.178,0.002,-0.564,-0.427,0.564,-0.427,-85.944,2.135,1.178,0.095,-0.797,-0.604,0.000,0.000,-89.954,2.226,1.152,0.095,-0.797,-0.604,0.000,0.000,0.000,2.204,1.073,0.095,-0.991,0.137,0.000,0.000,False,False
5.813,1.454,0.953,-0.014,0.000,-0.707,0.000,-0.707,179.977,1.454,0.953,0.122,-0.267,-0.655,0.267,-0.655,-45.656,1.751,1.257,0.002,-0.548,-0.447,0.548,-0.447,57.303,2.135,1.178,0.002,-0.564,-0.427,0.564,-0.427,-85.944,2.135,1.178,0.095,-0.797,-0.604,0.000,0.000,-89.954,2.226,1.152,0.095,-0.797,-0.604,0.000,0.000,0.000,2.204,1.073,0.095,-0.991,0.137,0.000,0.000,False,False
5.913,1.454,0.953,-0.014,0.000,-0.707,0.000,-0.707,179.977,1.454,0.953,0.122,-0.267,-0.655,0.267,-0.655,-45.656,1.751,1.257,0.002,-0.548,-0.447,0.548,-0.447,57.303,2.135,1.178,0.002,-0.564,-0.427,0.564,-0.427,-85.944,2.135,1.178,0.095,-0.797,-0.604,0.000,0.000,-89.954,2.226,1.152,0.095,-0.797,-0.604,0.000,0.000,0.000,2.204,1.073,0.095,-0.991,0.137,0.000,0.000,False,False
6.017,1.454,0.953,-0.014,0.000,-0.707,0.000,-0.707,179.977,1.454,0.953,0.122,-0.267,-0.655,0.267,-0.655,-45.656,1.751,1.257,0.002,-0.548,-0.447,0.548,-0.447,57.303,2.135,1.178,0.002,-0.564,-0.427,0.564,-0.427,-85.944,2.135,1.178,0.095,-0.797,-0.604,0.000,0.000,-89.954,2.226,1.152,0.095,-0.797,-0.604,0.000,0.000,0.000,2.204,1.073,0.095,-0.991,0.137,0.000,0.000,False,False
6.118,1.454,0.953,-0.014,0.000,-0.707,0.000,-0.707,179.977,1.454,0.953,0.122,-0.267,-0.655,0.267,-0.655,-45.656,1.751,1.257,0.002,-0.548,-0.447,0.548,-0.447,57.303,2.135,1.178,0.002,-0.564,-0.427,0.564,-0.427,-85.944,2.135,1.178,0.095,-0.797,-0.604,0.000,0.000,-89.954,2.226,1.152,0.095,-0.797,-0.604,0.000,0.000,0.000,2.204,1.073,0.095,-0.991,0.137,0.000,0.000,False,False
6.223,1.454,0.953,-0.014,0.000,-0.707,0.000,-0.707,179.977,1.454,0.953,0.122,-0.267,-0.655,0.267,-0.655,-45.656,1.751,1.257,0.002,-0.548,-0.447,0.548,-0.447,57.303,2.135,1.178,0.002,-0.564,-0.427,0.564,-0.427,-85.944,2.135,1.178,0.095,-0.797,-0.604,0.000,0.000,-89.954,2.226,1.152,0.095,-0.797,-0.604,0.000,0.000,0.000,2.204,1.073,0.095,-0.991,0.137,0.000,0.000,False,False
6.329,1.454,0.953,-0.014,0.000,-0.707,0.000,-0.707,179.977,1.454,0.953,0.122,-0.267,-0.655,0.267,-0.655,-45.656,1.751,1.257,0.002,-0.548,-0.447,0.548,-0.447,57.303,2.135,1.178,0.002,-0.564,-0.427,0.564,-0.427,-85.944,2.135,1.178,0.095,-0.797,-0.604,0.000,0.000,-89.954,2.226,1.152,0.095,-0.797,-0.604,0.000,0.000,0.000,2.204,1.073,0.095,-0.991,0.137,0.000,0.000,False,False
6.435,1.454,0.953,-0.014,0.000,-0.707,0.000,-0.707,179.977,1.454,0.953,0.122,-0.267,-0.655,0.267,-0.655,-45.656,1.751,1.257,0.002,-0.548,-0.447,0.548,-0.447,57.303,2.135,1.178,0.002,-0.564,-0.427,0.564,-0.427,-85.944,2.135,1.178,0.095,-0.797,-0.604,0.000,0.000,-89.954,2.226,1.152,0.095,-0.797,-0.604,0.000,0.000,0.000,2.204,1.073,0.095,-0.991,0.137,0.000,0.000,False,False
6.539,1.454,0.953,-0.014,0.000,-0.707,0.000,-0.707,179.977,1.454,0.953,0.122,-0.267,-0.655,0.267,-0.655,-45.656,1.751,1.257,0.002,-0.548,-0.447,0.548,-0.447,57.303,2.135,1.178,0.002,-0.564,-0.427,0.564,-0.427,-85.944,2.135,1.178,0.095,-0.797,-0.604,0.000,0.000,-89.954,2.226,1.152,0.095,-0.797,-0.604,0.000,0.000,0.000,2.204,1.073,0.095,-0.991,0.137,0.000,0.000,False,False
6.646,1.454,0.953,-0.014,0.000,-0.707,0.000,-0.707,179.977,1.454,0.953,0.122,-0.267,-0.655,0.267,-0.655,-45.656,1.751,1.257,0.002,-0.548,-0.447,0.548,-0.447,57.303,2.135,1.178,0.002,-0.564,-0.427,0.564,-0.427,-85.944,2.135,1.178,0.095,-0.797,-0.604,0.000,0.000,-89.954,2.226,1.152,0.095,-0.797,-0.604,0.000,0.000,0.000,2.204,1.073,0.095,-0.991,0.137,0.000,0.000,False,False
6.753,1.454,0.953,-0.014,0.000,-0.707,0.000,-0.707,179.977,1.454,0.953,0.122,-0.267,-0.655,0.267,-0.655,-45.656,1.751,1.257,0.002,-0.548,-0.447,0.548,-0.447,57.303,2.135,1.178,0.002,-0.564,-0.427,0.564,-0.427,-85.944,2.135,1.178,0.095,-0.797,-0.604,0.000,0.000,-89.954,2.226,1.152,0.095,-0.797,-0.604,0.000,0.000,0.000,2.204,1.073,0.095,-0.991,0.137,0.000,0.000,False,False
6.861,1.454,0.953,-0.014,0.000,-0.707,0.000,-0.707,179.977,1.454,0.953,0.122,-0.267,-0.655,0.267,-0.655,-45.656,1.751,1.257,0.002,-0.548,-0.447,0.548,-0.447,57.303,2.135,1.178,0.002,-0.564,-0.427,0.564,-0.427,-85.944,2.135,1.178,0.095,-0.797,-0.604,0.000,0.000,-89.954,2.226,1.152,0.095,-0.797,-0.604,0.000,0.000,0.000,2.204,1.073,0.095,-0.991,0.137,0.000,0.000,False,False
6.962,1.454,0.953,-0.014,0.000,-0.707,0.000,-0.707,179.977,1.454,0.953,0.122,-0.267,-0.655,0.267,-0.655,-45.656,1.751,1.257,0.002,-0.548,-0.447,0.548,-0.447,57.303,2.135,1.178,0.002,-0.564,-0.427,0.564,-0.427,-85.944,2.135,1.178,0.095,-0.797,-0.604,0.000,0.000,-89.954,2.226,1.152,0.095,-0.797,-0.604,0.000,0.000,0.000,2.204,1.073,0.095,-0.991,0.137,0.000,0.000,False,False
7.063,1.454,0.953,-0.014,0.000,-0.707,0.000,-0.707,179.977,1.454,0.953,0.122,-0.267,-0.655,0.267,-0.655,-45.656,1.751,1.257,0.002,-0.548,-0.447,0.548,-0.447,57.303,2.135,1.178,0.002,-0.564,-0.427,0.564,-0.427,-85.944,2.135,1.178,0.095,-0.797,-0.604,0.000,0.000,-89.954,2.226,1.152,0.095,-0.797,-0.604,0.000,0.000,0.000,2.204,1.073,0.095,-0.991,0.137,0.000,0.000,False,False
7.171,1.454,0.953,-0.014,0.000,-0.707,0.000,-0.707,179.977,1.454,0.953,0.122,-0.267,-0.655,0.267,-0.655,-45.656,1.751,1.257,0.002,-0.548,-0.447,0.548,-0.447,57.303,2.135,1.178,0.002,-0.564,-0.427,0.564,-0.427,-85.944,2.135,1.178,0.095,-0.797,-0.604,0.000,0.000,-89.954,2.226,1.152,0.095,-0.797,-0.604,0.000,0.000,0.000,2.204,1.073,0.095,-0.991,0.137,0.000,0.000,False,False
7.275,1.454,0.953,-0.014,0.000,-0.707,0.000,-0.707,179.977,1.454,0.953,0.122,-0.267,-0.655,0.267,-0.655,-45.656,1.751,1.257,0.002,-0.548,-0.447,0.548,-0.447,57.303,2.135,1.178,0.002,-0.564,-0.427,0.564,-0.427,-85.944,2.135,1.178,0.095,-0.797,-0.604,0.000,0.000,-89.954,2.226,1.152,0.095,-0.797,-0.604,0.000,0.000,0.000,2.204,1.073,0.095,-0.991,0.137,0.000,0.000,False,False
7.383,1.454,0.953,-0.014,0.000,-0.707,0.000,-0.707,179.977,1.454,0.953,0.122,-0.267,-0.655,0.267,-0.655,-45.656,1.751,1.257,0.002,-0.548,-0.447,0.548,-0.447,57.303,2.135,1.178,0.002,-0.564,-0.427,0.564,-0.427,-85.944,2.135,1.178,0.095,-0.797,-0.604,0.000,0.000,-89.954,2.226,1.152,0.095,-0.797,-0.604,0.000,0.000,0.000,2.204,1.073,0.095,-0.991,0.137,0.000,0.000,False,False
7.487,1.454,0.953,-0.014,0.000,-0.707,0.000,-0.707,179.977,1.454,0.953,0.122,-0.267,-0.655,0.267,-0.655,-45.656,1.751,1.257,0.002,-0.548,-0.447,0.548,-0.447,57.303,2.135,1.178,0.002,-0.564,-0.427,0.564,-0.427,-85.944,2.135,1.178,0.095,-0.797,-0.604,0.000,0.000,-89.954,2.226,1.152,0.095,-0.797,-0.604,0.000,0.000,0.000,2.204,1.073,0.095,-0.991,0.137,0.000,0.000,False,False
7.594,1.454,0.953,-0.014,0.000,-0.707,0.000,-0.707,179.977,1.454,0.953,0.122,-0.267,-0.655,0.267,-0.655,-45.656,1.751,1.257,0.002,-0.548,-0.447,0.548,-0.447,57.303,2.135,1.178,0.002,-0.564,-0.427,0.564,-0.427,-85.944,2.135,1.178,0.095,-0.797,-0.604,0.000,0.000,-89.954,2.226,1.152,0.095,-0.797,-0.604,0.000,0.000,0.000,2.204,1.073,0.095,-0.991,0.137,0.000,0.000,False,False
7.700,1.454,0.953,-0.014,0.000,-0.707,0.000,-0.707,179.977,1.454,0.953,0.122,-0.267,-0.655,0.267,-0.655,-45.656,1.751,1.257,0.002,-0.548,-0.447,0.548,-0.447,57.303,2.135,1.178,0.002,-0.564,-0.427,0.564,-0.427,-85.944,2.135,1.178,0.095,-0.797,-0.604,0.000,0.000,-89.954,2.226,1.152,0.095,-0.797,-0.604,0.000,0.000,0.000,2.204,1.073,0.095,-0.991,0.137,0.000,0.000,False,False
7.810,1.454,0.953,-0.014,0.000,-0.707,0.000,-0.707,179.977,1.454,0.953,0.122,-0.267,-0.655,0.267,-0.655,-45.656,1.751,1.257,0.002,-0.548,-0.447,0.548,-0.447,57.303,2.135,1.178,0.002,-0.564,-0.427,0.564,-0.427,-85.944,2.135,1.178,0.095,-0.797,-0.604,0.000,0.000,-89.954,2.226,1.152,0.095,-0.797,-0.604,0.000,0.000,0.000,2.204,1.073,0.095,-0.991,0.137,0.000,0.000,False,False
7.919,1.454,0.953,-0.014,0.000,-0.707,0.000,-0.707,179.977,1.454,0.953,0.122,-0.267,-0.655,0.267,-0.655,-45.656,1.751,1.257,0.002,-0.548,-0.447,0.548,-0.447,57.303,2.135,1.178,0.002,-0.564,-0.427,0.564,-0.427,-85.944,2.135,1.178,0.095,-0.797,-0.604,0.000,0.000,-89.954,2.226,1.152,0.095,-0.797,-0.604,0.000,0.000,0.000,2.204,1.073,0.095,-0.991,0.137,0.000,0.000,False,False
8.022,1.454,0.953,-0.014,0.000,-0.707,0.000,-0.707,179.977,1.454,0.953,0.122,-0.267,-0.655,0.267,-0.655,-45.656,1.751,1.257,0.002,-0.548,-0.447,0.548,-0.447,57.303,2.135,1.178,0.002,-0.564,-0.427,0.564,-0.427,-85.944,2.135,1.178,0.095,-0.797,-0.604,0.000,0.000,-89.954,2.226,1.152,0.095,-0.797,-0.604,0.000,0.000,0.000,2.204,1.073,0.095,-0.991,0.137,0.000,0.000,False,False
8.130,1.454,0.953,-0.014,0.000,-0.707,0.000,-0.707,179.977,1.454,0.953,0.122,-0.267,-0.655,0.267,-0.655,-45.656,1.751,1.257,0.002,-0.548,-0.447,0.548,-0.447,57.303,2.135,1.178,0.002,-0.564,-0.427,0.564,-0.427,-85.944,2.135,1.178,0.095,-0.797,-0.604,0.000,0.000,-89.954,2.226,1.152,0.095,-0.797,-0.604,0.000,0.000,0.000,2.204,1.073,0.095,-0.991,0.137,0.000,0.000,False,False
8.237,1.454,0.953,-0.014,0.000,-0.707,0.000,-0.707,179.977,1.454,0.953,0.122,-0.267,-0.655,0.267,-0.655,-45.656,1.751,1.257,0.002,-0.548,-0.447,0.548,-0.447,57.303,2.135,1.178,0.002,-0.564,-0.427,0.564,-0.427,-85.944,2.135,1.178,0.095,-0.797,-0.604,0.000,0.000,-89.954,2.226,1.152,0.095,-0.797,-0.604,0.000,0.000,0.000,2.204,1.073,0.095,-0.991,0.137,0.000,0.000,False,False
8.341,1.454,0.953,-0.014,0.000,-0.707,0.000,-0.707,179.977,1.454,0.953,0.122,-0.267,-0.655,0.267,-0.655,-45.656,1.751,1.257,0.002,-0.548,-0.447,0.548,-0.447,57.303,2.135,1.178,0.002,-0.564,-0.427,0.564,-0.427,-85.944,2.135,1.178,0.095,-0.797,-0.604,0.000,0.000,-89.954,2.226,1.152,0.095,-0.797,-0.604,0.000,0.000,0.000,2.204,1.073,0.095,-0.991,0.137,0.000,0.000,False,False
8.450,1.454,0.953,-0.014,0.000,-0.707,0.000,-0.707,179.977,1.454,0.953,0.122,-0.267,-0.655,0.267,-0.655,-45.656,1.751,1.257,0.002,-0.548,-0.447,0.548,-0.447,57.303,2.135,1.178,0.002,-0.564,-0.427,0.564,-0.427,-85.944,2.135,1.178,0.095,-0.797,-0.604,0.000,0.000,-89.954,2.226,1.152,0.095,-0.797,-0.604,0.000,0.000,0.000,2.204,1.073,0.095,-0.991,0.137,0.000,0.000,False,False
8.556,1.454,0.953,-0.014,0.000,-0.707,0.000,-0.707,179.977,1.454,0.953,0.122,-0.267,-0.655,0.267,-0.655,-45.656,1.751,1.257,0.002,-0.548,-0.447,0.548,-0.447,57.303,2.135,1.178,0.002,-0.564,-0.427,0.564,-0.427,-85.944,2.135,1.178,0.095,-0.797,-0.604,0.000,0.000,-89.954,2.226,1.152,0.095,-0.797,-0.604,0.000,0.000,0.000,2.204,1.073,0.095,-0.991,0.137,0.000,0.000,False,False
8.660,1.454,0.953,-0.014,0.000,-0.707,0.000,-0.707,179.977,1.454,0.953,0.122,-0.267,-0.655,0.267,-0.655,-45.656,1.751,1.257,0.002,-0.548,-0.447,0.548,-0.447,57.303,2.135,1.178,0.002,-0.564,-0.427,0.564,-0.427,-85.944,2.135,1.178,0.095,-0.797,-0.604,0.000,0.000,-89.954,2.226,1.152,0.095,-0.797,-0.604,0.000,0.000,0.000,2.204,1.073,0.095,-0.991,0.137,0.000,0.000,False,False
8.765,1.454,0.953,-0.014,0.000,-0.707,0.000,-0.707,179.977,1.454,0.953,0.122,-0.267,-0.655,0.267,-0.655,-45.656,1.751,1.257,0.002,-0.548,-0.447,0.548,-0.447,57.303,2.135,1.178,0.002,-0.564,-0.427,0.564,-0.427,-85.944,2.135,1.178,0.095,-0.797,-0.604,0.000,0.000,-89.954,2.226,1.152,0.095,-0.797,-0.604,0.000,0.000,0.000,2.204,1.073,0.095,-0.991,0.137,0.000,0.000,False,False
8.866,1.454,0.953,-0.014,0.000,-0.707,0.000,-0.707,179.977,1.454,0.953,0.122,-0.267,-0.655,0.267,-0.655,-45.656,1.751,1.257,0.002,-0.548,-0.447,0.548,-0.447,57.303,2.135,1.178,0.002,-0.564,-0.427,0.564,-0.427,-85.944,2.135,1.178,0.095,-0.797,-0.604,0.000,0.000,-89.954,2.226,1.152,0.095,-0.797,-0.604,0.000,0.000,0.000,2.204,1.073,0.095,-0.991,0.137,0.000,0.000,False,False
8.972,1.454,0.953,-0.014,0.000,-0.707,0.000,-0.707,179.977,1.454,0.953,0.122,-0.267,-0.655,0.267,-0.655,-45.656,1.751,1.257,0.002,-0.548,-0.447,0.548,-0.447,57.303,2.135,1.178,0.002,-0.564,-0.427,0.564,-0.427,-85.944,2.135,1.178,0.095,-0.797,-0.604,0.000,0.000,-89.954,2.226,1.152,0.095,-0.797,-0.604,0.000,0.000,0.000,2.204,1.073,0.095,-0.991,0.137,0.000,0.000,False,False
9.079,1.454,0.953,-0.014,0.000,-0.707,0.000,-0.707,179.977,1.454,0.953,0.122,-0.267,-0.655,0.267,-0.655,-45.656,1.751,1.257,0.002,-0.548,-0.447,0.548,-0.447,57.303,2.135,1.178,0.002,-0.564,-0.427,0.564,-0.427,-85.944,2.135,1.178,0.095,-0.797,-0.604,0.000,0.000,-89.954,2.226,1.152,0.095,-0.797,-0.604,0.000,0.000,0.000,2.204,1.073,0.095,-0.991,0.137,0.000,0.000,False,False
9.187,1.454,0.953,-0.014,0.000,-0.707,0.000,-0.707,179.977,1.454,0.953,0.122,-0.267,-0.655,0.267,-0.655,-45.656,1.751,1.257,0.002,-0.548,-0.447,0.548,-0.447,57.303,2.135,1.178,0.002,-0.564,-0.427,0.564,-0.427,-85.944,2.135,1.178,0.095,-0.797,-0.604,0.000,0.000,-89.954,2.226,1.152,0.095,-0.797,-0.604,0.000,0.000,0.000,2.204,1.073,0.095,-0.991,0.137,0.000,0.000,False,False
9.294,1.454,0.953,-0.014,0.000,-0.707,0.000,-0.707,179.977,1.454,0.953,0.122,-0.267,-0.655,0.267,-0.655,-45.656,1.751,1.257,0.002,-0.548,-0.447,0.548,-0.447,57.303,2.135,1.178,0.002,-0.564,-0.427,0.564,-0.427,-85.944,2.135,1.178,0.095,-0.797,-0.604,0.000,0.000,-89.954,2.226,1.152,0.095,-0.797,-0.604,0.000,0.000,0.000,2.204,1.073,0.095,-0.991,0.137,0.000,0.000,False,False
9.401,1.454,0.953,-0.014,0.000,-0.707,0.000,-0.707,179.977,1.454,0.953,0.122,-0.267,-0.655,0.267,-0.655,-45.656,1.751,1.257,0.002,-0.548,-0.447,0.548,-0.447,57.303,2.135,1.178,0.002,-0.564,-0.427,0.564,-0.427,-85.944,2.135,1.178,0.095,-0.797,-0.604,0.000,0.000,-89.954,2.226,1.152,0.095,-0.797,-0.604,0.000,0.000,0.000,2.204,1.073,0.095,-0.991,0.137,0.000,0.000,False,False
9.507,1.454,0.953,-0.014,0.000,-0.707,0.000,-0.707,179.977,1.454,0.953,0.122,-0.267,-0.655,0.267,-0.655,-45.656,1.751,1.257,0.002,-0.548,-0.447,0.548,-0.447,57.303,2.135,1.178,0.002,-0.564,-0.427,0.564,-0.427,-85.944,2.135,1.178,0.095,-0.797,-0.604,0.000,0.000,-89.954,2.226,1.152,0.095,-0.797,-0.604,0.000,0.000,0.000,2.204,1.073,0.095,-0.991,0.137,0.000,0.000,False,False
9.614,1.454,0.953,-0.014,0.000,-0.707,0.000,-0.707,179.977,1.454,0.953,0.122,-0.267,-0.655,0.267,-0.655,-45.656,1.751,1.257,0.002,-0.548,-0.447,0.548,-0.447,57.303,2.135,1.178,0.002,-0.564,-0.427,0.564,-0.427,-85.944,2.135,1.178,0.095,-0.797,-0.604,0.000,0.000,-89.954,2.226,1.152,0.095,-0.797,-0.604,0.000,0.000,0.000,2.204,1.073,0.095,-0.991,0.137,0.000,0.000,False,False
9.721,1.454,0.953,-0.014,0.000,-0.707,0.000,-0.707,179.977,1.454,0.953,0.122,-0.267,-0.655,0.267,-0.655,-45.656,1.751,1.257,0.002,-0.548,-0.447,0.548,-0.447,57.303,2.135,1.178,0.002,-0.564,-0.427,0.564,-0.427,-85.944,2.135,1.178,0.095,-0.797,-0.604,0.000,0.000,-89.954,2.226,1.152,0.095,-0.797,-0.604,0.000,0.000,0.000,2.204,1.073,0.095,-0.991,0.137,0.000,0.000,False,False
9.821,1.454,0.953,-0.014,0.000,-0.707,0.000,-0.707,179.977,1.454,0.953,0.122,-0.267,-0.655,0.267,-0.655,-45.656,1.751,1.257,0.002,-0.548,-0.447,0.548,-0.447,57.303,2.135,1.178,0.002,-0.564,-0.427,0.564,-0.427,-85.944,2.135,1.178,0.095,-0.797,-0.604,0.000,0.000,-89.954,2.226,1.152,0.095,-0.797,-0.604,0.000,0.000,0.000,2.204,1.073,0.095,-0.991,0.137,0.000,0.000,False,False
9.930,1.454,0.953,-0.014,0.000,-0.707,0.000,-0.707,179.977,1.454,0.953,0.122,-0.267,-0.655,0.267,-0.655,-45.656,1.751,1.257,0.002,-0.548,-0.447,0.548,-0.447,57.303,2.135,1.178,0.002,-0.564,-0.427,0.564,-0.427,-85.944,2.135,1.178,0.095,-0.797,-0.604,0.000,0.000,-89.954,2.226,1.152,0.095,-0.797,-0.604,0.000,0.000,0.000,2.204,1.073,0.095,-0.991,0.137,0.000,0.000,False,False
10.034,1.454,0.953,-0.014,0.000,-0.707,0.000,-0.707,179.977,1.454,0.953,0.122,-0.267,-0.655,0.267,-0.655,-45.656,1.751,1.257,0.002,-0.548,-0.447,0.548,-0.447,57.303,2.135,1.178,0.002,-0.564,-0.427,0.564,-0.427,-85.944,2.135,1.178,0.095,-0.797,-0.604,0.000,0.000,-89.954,2.226,1.152,0.095,-0.797,-0.604,0.000,0.000,0.000,2.204,1.073,0.095,-0.991,0.137,0.000,0.000,False,False
10.134,1.454,0.953,-0.014,0.000,-0.707,0.000,-0.707,179.977,1.454,0.953,0.122,-0.267,-0.655,0.267,-0.655,-45.656,1.751,1.257,0.002,-0.548,-0.447,0.548,-0.447,57.303,2.135,1.178,0.002,-0.564,-0.427,0.564,-0.427,-85.944,2.135,1.178,0.095,-0.797,-0.604,0.000,0.000,-89.954,2.226,1.152,0.095,-0.797,-0.604,0.000,0.000,0.000,2.204,1.073,0.095,-0.991,0.137,0.000,0.000,False,False
10.242,1.454,0.953,-0.014,0.000,-0.707,0.000,-0.707,179.977,1.454,0.953,0.122,-0.267,-0.655,0.267,-0.655,-45.656,1.751,1.257,0.002,-0.548,-0.447,0.548,-0.447,57.303,2.135,1.178,0.002,-0.564,-0.427,0.564,-0.427,-85.944,2.135,1.178,0.095,-0.797,-0.604,0.000,0.000,-89.954,2.226,1.152,0.095,-0.797,-0.604,0.000,0.000,0.000,2.204,1.073,0.095,-0.991,0.137,0.000,0.000,False,False
10.348,1.454,0.953,-0.014,0.000,-0.707,0.000,-0.707,179.977,1.454,0.953,0.122,-0.267,-0.655,0.267,-0.655,-45.656,1.751,1.257,0.002,-0.548,-0.447,0.548,-0.447,57.303,2.135,1.178,0.002,-0.564,-0.427,0.564,-0.427,-85.944,2.135,1.178,0.095,-0.797,-0.604,0.000,0.000,-89.954,2.226,1.152,0.095,-0.797,-0.604,0.000,0.000,0.000,2.204,1.073,0.095,-0.991,0.137,0.000,0.000,False,False
10.455,1.454,0.953,-0.014,0.000,-0.707,0.000,-0.707,179.977,1.454,0.953,0.122,-0.267,-0.655,0.267,-0.655,-45.656,1.751,1.257,0.002,-0.548,-0.447,0.548,-0.447,57.303,2.135,1.178,0.002,-0.564,-0.427,0.564,-0.427,-85.944,2.135,1.178,0.095,-0.797,-0.604,0.000,0.000,-89.954,2.226,1.152,0.095,-0.797,-0.604,0.000,0.000,0.000,2.204,1.073,0.095,-0.991,0.137,0.000,0.000,False,False
10.561,1.454,0.953,-0.014,0.000,-0.707,0.000,-0.707,179.977,1.454,0.953,0.122,-0.267,-0.655,0.267,-0.655,-45.656,1.751,1.257,0.002,-0.548,-0.447,0.548,-0.447,57.303,2.135,1.178,0.002,-0.564,-0.427,0.564,-0.427,-85.944,2.135,1.178,0.095,-0.797,-0.604,0.000,0.000,-89.954,2.226,1.152,0.095,-0.797,-0.604,0.000,0.000,0.000,2.204,1.073,0.095,-0.991,0.137,0.000,0.000,False,False
10.667,1.454,0.953,-0.014,0.000,-0.707,0.000,-0.707,179.977,1.454,0.953,0.122,-0.267,-0.655,0.267,-0.655,-45.656,1.751,1.257,0.002,-0.548,-0.447,0.548,-0.447,57.303,2.135,1.178,0.002,-0.564,-0.427,0.564,-0.427,-85.944,2.135,1.178,0.095,-0.797,-0.604,0.000,0.000,-89.954,2.226,1.152,0.095,-0.797,-0.604,0.000,0.000,0.000,2.204,1.073,0.095,-0.991,0.137,0.000,0.000,False,False
10.775,1.454,0.953,-0.014,0.000,-0.707,0.000,-0.707,179.977,1.454,0.953,0.122,-0.267,-0.655,0.267,-0.655,-45.656,1.751,1.257,0.002,-0.548,-0.447,0.548,-0.447,57.303,2.135,1.178,0.002,-0.564,-0.427,0.564,-0.427,-85.944,2.135,1.178,0.095,-0.797,-0.604,0.000,0.000,-89.954,2.226,1.152,0.095,-0.797,-0.604,0.000,0.000,0.000,2.204,1.073,0.095,-0.991,0.137,0.000,0.000,False,False
10.881,1.454,0.953,-0.014,0.000,-0.707,0.000,-0.707,179.977,1.454,0.953,0.122,-0.267,-0.655,0.267,-0.655,-45.656,1.751,1.257,0.002,-0.548,-0.447,0.548,-0.447,57.303,2.135,1.178,0.002,-0.564,-0.427,0.564,-0.427,-85.944,2.135,1.178,0.095,-0.797,-0.604,0.000,0.000,-89.954,2.226,1.152,0.095,-0.797,-0.604,0.000,0.000,0.000,2.204,1.073,0.095,-0.991,0.137,0.000,0.000,False,False
10.988,1.454,0.953,-0.014,0.000,-0.707,0.000,-0.707,179.977,1.454,0.953,0.122,-0.267,-0.655,0.267,-0.655,-45.656,1.751,1.257,0.002,-0.548,-0.447,0.548,-0.447,57.303,2.135,1.178,0.002,-0.564,-0.427,0.564,-0.427,-85.944,2.135,1.178,0.095,-0.797,-0.604,0.000,0.000,-89.954,2.226,1.152,0.095,-0.797,-0.604,0.000,0.000,0.000,2.204,1.073,0.095,-0.991,0.137,0.000,0.000,False,False
11.096,1.454,0.953,-0.014,0.000,-0.707,0.000,-0.707,179.977,1.454,0.953,0.122,-0.267,-0.655,0.267,-0.655,-45.656,1.751,1.257,0.002,-0.548,-0.447,0.548,-0.447,57.303,2.135,1.178,0.002,-0.564,-0.427,0.564,-0.427,-85.944,2.135,1.178,0.095,-0.797,-0.604,0.000,0.000,-89.954,2.226,1.152,0.095,-0.797,-0.604,0.000,0.000,0.000,2.204,1.073,0.095,-0.991,0.137,0.000,0.000,False,False
11.204,1.454,0.953,-0.014,0.000,-0.707,0.000,-0.707,179.977,1.454,0.953,0.122,-0.267,-0.655,0.267,-0.655,-45.656,1.751,1.257,0.002,-0.548,-0.447,0.548,-0.447,57.303,2.135,1.178,0.002,-0.564,-0.427,0.564,-0.427,-85.944,2.135,1.178,0.095,-0.797,-0.604,0.000,0.000,-89.954,2.226,1.152,0.095,-0.797,-0.604,0.000,0.000,0.000,2.204,1.073,0.095,-0.991,0.137,0.000,0.000,False,False
11.313,1.454,0.953,-0.014,0.000,-0.707,0.000,-0.707,179.977,1.454,0.953,0.122,-0.267,-0.655,0.267,-0.655,-45.656,1.751,1.257,0.002,-0.548,-0.447,0.548,-0.447,57.303,2.135,1.178,0.002,-0.564,-0.427,0.564,-0.427,-85.944,2.135,1.178,0.095,-0.797,-0.604,0.000,0.000,-89.954,2.226,1.152,0.095,-0.797,-0.604,0.000,0.000,0.000,2.204,1.073,0.095,-0.991,0.137,0.000,0.000,False,False
11.413,1.454,0.953,-0.014,0.000,-0.707,0.000,-0.707,179.977,1.454,0.953,0.122,-0.267,-0.655,0.267,-0.655,-45.656,1.751,1.257,0.002,-0.548,-0.447,0.548,-0.447,57.303,2.135,1.178,0.002,-0.564,-0.427,0.564,-0.427,-85.944,2.135,1.178,0.095,-0.797,-0.604,0.000,0.000,-89.954,2.226,1.152,0.095,-0.797,-0.604,0.000,0.000,0.000,2.204,1.073,0.095,-0.991,0.137,0.000,0.000,False,False
11.521,1.454,0.953,-0.014,0.000,-0.707,0.000,-0.707,179.977,1.454,0.953,0.122,-0.267,-0.655,0.267,-0.655,-45.656,1.751,1.257,0.002,-0.548,-0.447,0.548,-0.447,57.303,2.135,1.178,0.002,-0.564,-0.427,0.564,-0.427,-85.944,2.135,1.178,0.095,-0.797,-0.604,0.000,0.000,-89.954,2.226,1.152,0.095,-0.797,-0.604,0.000,0.000,0.000,2.204,1.073,0.095,-0.991,0.137,0.000,0.000,False,False
11.629,1.454,0.953,-0.014,0.000,-0.707,0.000,-0.707,179.977,1.454,0.953,0.122,-0.267,-0.655,0.267,-0.655,-45.656,1.751,1.257,0.002,-0.548,-0.447,0.548,-0.447,57.303,2.135,1.178,0.002,-0.564,-0.427,0.564,-0.427,-85.944,2.135,1.178,0.095,-0.797,-0.604,0.000,0.000,-89.954,2.226,1.152,0.095,-0.797,-0.604,0.000,0.000,0.000,2.204,1.073,0.095,-0.991,0.137,0.000,0.000,False,False
11.735,1.454,0.953,-0.014,0.000,-0.707,0.000,-0.707,179.977,1.454,0.953,0.122,-0.267,-0.655,0.267,-0.655,-45.656,1.751,1.257,0.002,-0.548,-0.447,0.548,-0.447,57.303,2.135,1.178,0.002,-0.564,-0.427,0.564,-0.427,-85.944,2.135,1.178,0.095,-0.797,-0.604,0.000,0.000,-89.954,2.226,1.152,0.095,-0.797,-0.604,0.000,0.000,0.000,2.204,1.073,0.095,-0.991,0.137,0.000,0.000,False,False
11.842,1.454,0.953,-0.014,0.000,-0.707,0.000,-0.707,179.977,1.454,0.953,0.122,-0.267,-0.655,0.267,-0.655,-45.656,1.751,1.257,0.002,-0.548,-0.447,0.548,-0.447,57.303,2.135,1.178,0.002,-0.564,-0.427,0.564,-0.427,-85.944,2.135,1.178,0.095,-0.797,-0.604,0.000,0.000,-89.954,2.226,1.152,0.095,-0.797,-0.604,0.000,0.000,0.000,2.204,1.073,0.095,-0.991,0.137,0.000,0.000,False,False
11.950,1.454,0.953,-0.014,0.000,-0.707,0.000,-0.707,179.977,1.454,0.953,0.122,-0.267,-0.655,0.267,-0.655,-45.656,1.751,1.257,0.002,-0.548,-0.447,0.548,-0.447,57.303,2.135,1.178,0.002,-0.564,-0.427,0.564,-0.427,-85.944,2.135,1.178,0.095,-0.797,-0.604,0.000,0.000,-89.954,2.226,1.152,0.095,-0.797,-0.604,0.000,0.000,0.000,2.204,1.073,0.095,-0.991,0.137,0.000,0.000,False,False
12.054,1.454,0.953,-0.014,0.000,-0.707,0.000,-0.707,179.977,1.454,0.953,0.122,-0.267,-0.655,0.267,-0.655,-45.656,1.751,1.257,0.002,-0.548,-0.447,0.548,-0.447,57.303,2.135,1.178,0.002,-0.564,-0.427,0.564,-0.427,-85.944,2.135,1.178,0.095,-0.797,-0.604,0.000,0.000,-89.954,2.226,1.152,0.095,-0.797,-0.604,0.000,0.000,0.000,2.204,1.073,0.095,-0.991,0.137,0.000,0.000,False,False
12.161,1.454,0.953,-0.014,0.000,-0.707,0.000,-0.707,179.977,1.454,0.953,0.122,-0.267,-0.655,0.267,-0.655,-45.656,1.751,1.257,0.002,-0.548,-0.447,0.548,-0.447,57.303,2.135,1.178,0.002,-0.564,-0.427,0.564,-0.427,-85.944,2.135,1.178,0.095,-0.797,-0.604,0.000,0.000,-89.954,2.226,1.152,0.095,-0.797,-0.604,0.000,0.000,0.000,2.204,1.073,0.095,-0.991,0.137,0.000,0.000,False,False
12.266,1.454,0.953,-0.014,0.000,-0.707,0.000,-0.707,179.977,1.454,0.953,0.122,-0.267,-0.655,0.267,-0.655,-45.656,1.751,1.257,0.002,-0.548,-0.447,0.548,-0.447,57.303,2.135,1.178,0.002,-0.564,-0.427,0.564,-0.427,-85.944,2.135,1.178,0.095,-0.797,-0.604,0.000,0.000,-89.954,2.226,1.152,0.095,-0.797,-0.604,0.000,0.000,0.000,2.204,1.073,0.095,-0.991,0.137,0.000,0.000,False,False
12.370,1.454,0.953,-0.014,0.000,-0.707,0.000,-0.707,179.977,1.454,0.953,0.122,-0.267,-0.655,0.267,-0.655,-45.656,1.751,1.257,0.002,-0.548,-0.447,0.548,-0.447,57.303,2.135,1.178,0.002,-0.564,-0.427,0.564,-0.427,-85.944,2.135,1.178,0.095,-0.797,-0.604,0.000,0.000,-89.954,2.226,1.152,0.095,-0.797,-0.604,0.000,0.000,0.000,2.204,1.073,0.095,-0.991,0.137,0.000,0.000,False,False
12.477,1.454,0.953,-0.014,0.000,-0.707,0.000,-0.707,179.977,1.454,0.953,0.122,-0.267,-0.655,0.267,-0.655,-45.656,1.751,1.257,0.002,-0.548,-0.447,0.548,-0.447,57.303,2.135,1.178,0.002,-0.564,-0.427,0.564,-0.427,-85.944,2.135,1.178,0.095,-0.797,-0.604,0.000,0.000,-89.954,2.226,1.152,0.095,-0.797,-0.604,0.000,0.000,0.000,2.204,1.073,0.095,-0.991,0.137,0.000,0.000,False,False
12.582,1.454,0.953,-0.014,0.000,-0.707,0.000,-0.707,179.977,1.454,0.953,0.122,-0.267,-0.655,0.267,-0.655,-45.656,1.751,1.257,0.002,-0.548,-0.447,0.548,-0.447,57.303,2.135,1.178,0.002,-0.564,-0.427,0.564,-0.427,-85.944,2.135,1.178,0.095,-0.797,-0.604,0.000,0.000,-89.954,2.226,1.152,0.095,-0.797,-0.604,0.000,0.000,0.000,2.204,1.073,0.095,-0.991,0.137,0.000,0.000,False,False
12.683,1.454,0.953,-0.014,0.000,-0.707,0.000,-0.707,179.977,1.454,0.953,0.122,-0.267,-0.655,0.267,-0.655,-45.656,1.751,1.257,0.002,-0.548,-0.447,0.548,-0.447,57.303,2.135,1.178,0.002,-0.564,-0.427,0.564,-0.427,-85.944,2.135,1.178,0.095,-0.797,-0.604,0.000,0.000,-89.954,2.226,1.152,0.095,-0.797,-0.604,0.000,0.000,0.000,2.204,1.073,0.095,-0.991,0.137,0.000,0.000,False,False
12.784,1.454,0.953,-0.014,0.000,-0.707,0.000,-0.707,179.977,1.454,0.953,0.122,-0.267,-0.655,0.267,-0.655,-45.656,1.751,1.257,0.002,-0.548,-0.447,0.548,-0.447,57.303,2.135,1.178,0.002,-0.564,-0.427,0.564,-0.427,-85.944,2.135,1.178,0.095,-0.797,-0.604,0.000,0.000,-89.954,2.226,1.152,0.095,-0.797,-0.604,0.000,0.000,0.000,2.204,1.073,0.095,-0.991,0.137,0.000,0.000,False,False
12.892,1.454,0.953,-0.014,0.000,-0.707,0.000,-0.707,179.977,1.454,0.953,0.122,-0.267,-0.655,0.267,-0.655,-45.656,1.751,1.257,0.002,-0.548,-0.447,0.548,-0.447,57.303,2.135,1.178,0.002,-0.564,-0.427,0.564,-0.427,-85.944,2.135,1.178,0.095,-0.797,-0.604,0.000,0.000,-89.954,2.226,1.152,0.095,-0.797,-0.604,0.000,0.000,0.000,2.204,1.073,0.095,-0.991,0.137,0.000,0.000,False,False
13.000,1.454,0.953,-0.014,0.000,-0.707,0.000,-0.707,179.977,1.454,0.953,0.122,-0.267,-0.655,0.267,-0.655,-45.656,1.751,1.257,0.002,-0.548,-0.447,0.548,-0.447,57.303,2.135,1.178,0.002,-0.564,-0.427,0.564,-0.427,-85.944,2.135,1.178,0.095,-0.797,-0.604,0.000,0.000,-89.954,2.226,1.152,0.095,-0.797,-0.604,0.000,0.000,0.000,2.204,1.073,0.095,-0.991,0.137,0.000,0.000,False,False
13.105,1.454,0.953,-0.014,0.000,-0.707,0.000,-0.707,179.977,1.454,0.953,0.122,-0.267,-0.655,0.267,-0.655,-45.656,1.751,1.257,0.002,-0.548,-0.447,0.548,-0.447,57.303,2.135,1.178,0.002,-0.564,-0.427,0.564,-0.427,-85.944,2.135,1.178,0.095,-0.797,-0.604,0.000,0.000,-89.954,2.226,1.152,0.095,-0.797,-0.604,0.000,0.000,0.000,2.204,1.073,0.095,-0.991,0.137,0.000,0.000,False,False
13.209,1.454,0.953,-0.014,0.000,-0.707,0.000,-0.707,179.977,1.454,0.953,0.122,-0.267,-0.655,0.267,-0.655,-45.656,1.751,1.257,0.002,-0.548,-0.447,0.548,-0.447,57.303,2.135,1.178,0.002,-0.564,-0.427,0.564,-0.427,-85.944,2.135,1.178,0.095,-0.797,-0.604,0.000,0.000,-89.954,2.226,1.152,0.095,-0.797,-0.604,0.000,0.000,0.000,2.204,1.073,0.095,-0.991,0.137,0.000,0.000,False,False
13.317,1.454,0.953,-0.014,0.000,-0.707,0.000,-0.707,179.977,1.454,0.953,0.122,-0.267,-0.655,0.267,-0.655,-45.656,1.751,1.257,0.002,-0.548,-0.447,0.548,-0.447,57.303,2.135,1.178,0.002,-0.564,-0.427,0.564,-0.427,-85.944,2.135,1.178,0.095,-0.797,-0.604,0.000,0.000,-89.954,2.226,1.152,0.095,-0.797,-0.604,0.000,0.000,0.000,2.204,1.073,0.095,-0.991,0.137,0.000,0.000,False,False
13.424,1.454,0.953,-0.014,0.000,-0.707,0.000,-0.707,179.977,1.454,0.953,0.122,-0.267,-0.655,0.267,-0.655,-45.656,1.751,1.257,0.002,-0.548,-0.447,0.548,-0.447,57.303,2.135,1.178,0.002,-0.564,-0.427,0.564,-0.427,-85.944,2.135,1.178,0.095,-0.797,-0.604,0.000,0.000,-89.954,2.226,1.152,0.095,-0.797,-0.604,0.000,0.000,0.000,2.204,1.073,0.095,-0.991,0.137,0.000,0.000,False,False
13.530,1.454,0.953,-0.014,0.000,-0.707,0.000,-0.707,179.977,1.454,0.953,0.122,-0.267,-0.655,0.267,-0.655,-45.656,1.751,1.257,0.002,-0.548,-0.447,0.548,-0.447,57.303,2.135,1.178,0.002,-0.564,-0.427,0.564,-0.427,-85.944,2.135,1.178,0.095,-0.797,-0.604,0.000,0.000,-89.954,2.226,1.152,0.095,-0.797,-0.604,0.000,0.000,0.000,2.204,1.073,0.095,-0.991,0.137,0.000,0.000,False,False
13.635,1.454,0.953,-0.014,0.000,-0.707,0.000,-0.707,179.977,1.454,0.953,0.122,-0.267,-0.655,0.267,-0.655,-45.656,1.751,1.257,0.002,-0.548,-0.447,0.548,-0.447,57.303,2.135,1.178,0.002,-0.564,-0.427,0.564,-0.427,-85.944,2.135,1.178,0.095,-0.797,-0.604,0.000,0.000,-89.954,2.226,1.152,0.095,-0.797,-0.604,0.000,0.000,0.000,2.204,1.073,0.095,-0.991,0.137,0.000,0.000,False,False
13.742,1.454,0.953,-0.014,0.000,-0.707,0.000,-0.707,179.977,1.454,0.953,0.122,-0.267,-0.655,0.267,-0.655,-45.656,1.751,1.257,0.002,-0.548,-0.447,0.548,-0.447,57.303,2.135,1.178,0.002,-0.564,-0.427,0.564,-0.427,-85.944,2.135,1.178,0.095,-0.797,-0.604,0.000,0.000,-89.954,2.226,1.152,0.095,-0.797,-0.604,0.000,0.000,0.000,2.204,1.073,0.095,-0.991,0.137,0.000,0.000,False,False
13.847,1.454,0.953,-0.014,0.000,-0.707,0.000,-0.707,179.977,1.454,0.953,0.122,-0.267,-0.655,0.267,-0.655,-45.656,1.751,1.257,0.002,-0.548,-0.447,0.548,-0.447,57.303,2.135,1.178,0.002,-0.564,-0.427,0.564,-0.427,-85.944,2.135,1.178,0.095,-0.797,-0.604,0.000,0.000,-89.954,2.226,1.152,0.095,-0.797,-0.604,0.000,0.000,0.000,2.204,1.073,0.095,-0.991,0.137,0.000,0.000,False,False
13.949,1.454,0.953,-0.014,0.000,-0.707,0.000,-0.707,179.977,1.454,0.953,0.122,-0.267,-0.655,0.267,-0.655,-45.656,1.751,1.257,0.002,-0.548,-0.447,0.548,-0.447,57.303,2.135,1.178,0.002,-0.564,-0.427,0.564,-0.427,-85.944,2.135,1.178,0.095,-0.797,-0.604,0.000,0.000,-89.954,2.226,1.152,0.095,-0.797,-0.604,0.000,0.000,0.000,2.204,1.073,0.095,-0.991,0.137,0.000,0.000,False,False
14.056,1.454,0.953,-0.014,0.000,-0.707,0.000,-0.707,179.977,1.454,0.953,0.122,-0.267,-0.655,0.267,-0.655,-45.656,1.751,1.257,0.002,-0.548,-0.447,0.548,-0.447,57.303,2.135,1.178,0.002,-0.564,-0.427,0.564,-0.427,-85.944,2.135,1.178,0.095,-0.797,-0.604,0.000,0.000,-89.954,2.226,1.152,0.095,-0.797,-0.604,0.000,0.000,0.000,2.204,1.073,0.095,-0.991,0.137,0.000,0.000,False,False
14.165,1.454,0.953,-0.014,0.000,-0.707,0.000,-0.707,179.977,1.454,0.953,0.122,-0.267,-0.655,0.267,-0.655,-45.656,1.751,1.257,0.002,-0.548,-0.447,0.548,-0.447,57.303,2.135,1.178,0.002,-0.564,-0.427,0.564,-0.427,-85.944,2.135,1.178,0.095,-0.797,-0.604,0.000,0.000,-89.954,2.226,1.152,0.095,-0.797,-0.604,0.000,0.000,0.000,2.204,1.073,0.095,-0.991,0.137,0.000,0.000,False,False
14.273,1.454,0.953,-0.014,0.000,-0.707,0.000,-0.707,179.977,1.454,0.953,0.122,-0.267,-0.655,0.267,-0.655,-45.656,1.751,1.257,0.002,-0.548,-0.447,0.548,-0.447,57.303,2.135,1.178,0.002,-0.564,-0.427,0.564,-0.427,-85.944,2.135,1.178,0.095,-0.797,-0.604,0.000,0.000,-89.954,2.226,1.152,0.095,-0.797,-0.604,0.000,0.000,0.000,2.204,1.073,0.095,-0.991,0.137,0.000,0.000,False,False
14.380,1.454,0.953,-0.014,0.000,-0.707,0.000,-0.707,179.977,1.454,0.953,0.122,-0.267,-0.655,0.267,-0.655,-45.656,1.751,1.257,0.002,-0.548,-0.447,0.548,-0.447,57.303,2.135,1.178,0.002,-0.564,-0.427,0.564,-0.427,-85.944,2.135,1.178,0.095,-0.797,-0.604,0.000,0.000,-89.954,2.226,1.152,0.095,-0.797,-0.604,0.000,0.000,0.000,2.204,1.073,0.095,-0.991,0.137,0.000,0.000,False,False
14.486,1.454,0.953,-0.014,0.000,-0.707,0.000,-0.707,179.977,1.454,0.953,0.122,-0.267,-0.655,0.267,-0.655,-45.656,1.751,1.257,0.002,-0.548,-0.447,0.548,-0.447,57.303,2.135,1.178,0.002,-0.564,-0.427,0.564,-0.427,-85.944,2.135,1.178,0.095,-0.797,-0.604,0.000,0.000,-89.954,2.226,1.152,0.095,-0.797,-0.604,0.000,0.000,0.000,2.204,1.073,0.095,-0.991,0.137,0.000,0.000,False,False
14.594,1.454,0.953,-0.014,0.000,-0.707,0.000,-0.707,179.977,1.454,0.953,0.122,-0.267,-0.655,0.267,-0.655,-45.656,1.751,1.257,0.002,-0.548,-0.447,0.548,-0.447,57.303,2.135,1.178,0.002,-0.564,-0.427,0.564,-0.427,-85.944,2.135,1.178,0.095,-0.797,-0.604,0.000,0.000,-89.954,2.226,1.152,0.095,-0.797,-0.604,0.000,0.000,0.000,2.204,1.073,0.095,-0.991,0.137,0.000,0.000,False,False
14.698,1.454,0.953,-0.014,0.000,-0.707,0.000,-0.707,179.977,1.454,0.953,0.122,-0.267,-0.655,0.267,-0.655,-45.656,1.751,1.257,0.002,-0.548,-0.447,0.548,-0.447,57.303,2.135,1.178,0.002,-0.564,-0.427,0.564,-0.427,-85.944,2.135,1.178,0.095,-0.797,-0.604,0.000,0.000,-89.954,2.226,1.152,0.095,-0.797,-0.604,0.000,0.000,0.000,2.204,1.073,0.095,-0.991,0.137,0.000,0.000,False,False
14.803,1.454,0.953,-0.014,0.000,-0.707,0.000,-0.707,179.977,1.454,0.953,0.122,-0.267,-0.655,0.267,-0.655,-45.656,1.751,1.257,0.002,-0.548,-0.447,0.548,-0.447,57.303,2.135,1.178,0.002,-0.564,-0.427,0.564,-0.427,-85.944,2.135,1.178,0.095,-0.797,-0.604,0.000,0.000,-89.954,2.226,1.152,0.095,-0.797,-0.604,0.000,0.000,0.000,2.204,1.073,0.095,-0.991,0.137,0.000,0.000,False,False
14.907,1.454,0.953,-0.014,0.000,-0.707,0.000,-0.707,179.977,1.454,0.953,0.122,-0.267,-0.655,0.267,-0.655,-45.656,1.751,1.257,0.002,-0.548,-0.447,0.548,-0.447,57.303,2.135,1.178,0.002,-0.564,-0.427,0.564,-0.427,-85.944,2.135,1.178,0.095,-0.797,-0.604,0.000,0.000,-89.954,2.226,1.152,0.095,-0.797,-0.604,0.000,0.000,0.000,2.204,1.073,0.095,-0.991,0.137,0.000,0.000,False,False
15.014,1.454,0.953,-0.014,0.000,-0.707,0.000,-0.707,179.977,1.454,0.953,0.122,-0.267,-0.655,0.267,-0.655,-45.656,1.751,1.257,0.002,-0.548,-0.447,0.548,-0.447,57.303,2.135,1.178,0.002,-0.564,-0.427,0.564,-0.427,-85.944,2.135,1.178,0.095,-0.797,-0.604,0.000,0.000,-89.954,2.226,1.152,0.095,-0.797,-0.604,0.000,0.000,0.000,2.204,1.073,0.095,-0.991,0.137,0.000,0.000,False,False
15.117,1.454,0.953,-0.014,0.000,-0.707,0.000,-0.707,179.977,1.454,0.953,0.122,-0.267,-0.655,0.267,-0.655,-45.656,1.751,1.257,0.002,-0.548,-0.447,0.548,-0.447,57.303,2.135,1.178,0.002,-0.564,-0.427,0.564,-0.427,-85.944,2.135,1.178,0.095,-0.797,-0.604,0.000,0.000,-89.954,2.226,1.152,0.095,-0.797,-0.604,0.000,0.000,0.000,2.204,1.073,0.095,-0.991,0.137,0.000,0.000,False,False
15.219,1.454,0.953,-0.014,0.000,-0.707,0.000,-0.707,179.977,1.454,0.953,0.122,-0.267,-0.655,0.267,-0.655,-45.656,1.751,1.257,0.002,-0.548,-0.447,0.548,-0.447,57.303,2.135,1.178,0.002,-0.564,-0.427,0.564,-0.427,-85.944,2.135,1.178,0.095,-0.797,-0.604,0.000,0.000,-89.954,2.226,1.152,0.095,-0.797,-0.604,0.000,0.000,0.000,2.204,1.073,0.095,-0.991,0.137,0.000,0.000,False,False
15.323,1.454,0.953,-0.014,0.000,-0.707,0.000,-0.707,179.977,1.454,0.953,0.122,-0.267,-0.655,0.267,-0.655,-45.656,1.751,1.257,0.002,-0.548,-0.447,0.548,-0.447,57.303,2.135,1.178,0.002,-0.564,-0.427,0.564,-0.427,-85.944,2.135,1.178,0.095,-0.797,-0.604,0.000,0.000,-89.954,2.226,1.152,0.095,-0.797,-0.604,0.000,0.000,0.000,2.204,1.073,0.095,-0.991,0.137,0.000,0.000,False,False
15.425,1.454,0.953,-0.014,0.000,-0.707,0.000,-0.707,179.977,1.454,0.953,0.122,-0.267,-0.655,0.267,-0.655,-45.656,1.751,1.257,0.002,-0.548,-0.447,0.548,-0.447,57.303,2.135,1.178,0.002,-0.564,-0.427,0.564,-0.427,-85.944,2.135,1.178,0.095,-0.797,-0.604,0.000,0.000,-89.954,2.226,1.152,0.095,-0.797,-0.604,0.000,0.000,0.000,2.204,1.073,0.095,-0.991,0.137,0.000,0.000,False,False
15.533,1.454,0.953,-0.014,0.000,-0.707,0.000,-0.707,179.977,1.454,0.953,0.122,-0.267,-0.655,0.267,-0.655,-45.656,1.751,1.257,0.002,-0.548,-0.447,0.548,-0.447,57.303,2.135,1.178,0.002,-0.564,-0.427,0.564,-0.427,-85.944,2.135,1.178,0.095,-0.797,-0.604,0.000,0.000,-89.954,2.226,1.152,0.095,-0.797,-0.604,0.000,0.000,0.000,2.204,1.073,0.095,-0.991,0.137,0.000,0.000,False,False
15.641,1.454,0.953,-0.014,0.000,-0.707,0.000,-0.707,179.977,1.454,0.953,0.122,-0.267,-0.655,0.267,-0.655,-45.656,1.751,1.257,0.002,-0.548,-0.447,0.548,-0.447,57.303,2.135,1.178,0.002,-0.564,-0.427,0.564,-0.427,-85.944,2.135,1.178,0.095,-0.797,-0.604,0.000,0.000,-89.954,2.226,1.152,0.095,-0.797,-0.604,0.000,0.000,0.000,2.204,1.073,0.095,-0.991,0.137,0.000,0.000,False,False
15.747,1.454,0.953,-0.014,0.000,-0.707,0.000,-0.707,179.977,1.454,0.953,0.122,-0.267,-0.655,0.267,-0.655,-45.656,1.751,1.257,0.002,-0.548,-0.447,0.548,-0.447,57.303,2.135,1.178,0.002,-0.564,-0.427,0.564,-0.427,-85.944,2.135,1.178,0.095,-0.797,-0.604,0.000,0.000,-89.954,2.226,1.152,0.095,-0.797,-0.604,0.000,0.000,0.000,2.204,1.073,0.095,-0.991,0.137,0.000,0.000,False,False
15.852,1.454,0.953,-0.014,0.000,-0.707,0.000,-0.707,179.977,1.454,0.953,0.122,-0.267,-0.655,0.267,-0.655,-45.656,1.751,1.257,0.002,-0.548,-0.447,0.548,-0.447,57.303,2.135,1.178,0.002,-0.564,-0.427,0.564,-0.427,-85.944,2.135,1.178,0.095,-0.797,-0.604,0.000,0.000,-89.954,2.226,1.152,0.095,-0.797,-0.604,0.000,0.000,0.000,2.204,1.073,0.095,-0.991,0.137,0.000,0.000,False,False
15.956,1.454,0.953,-0.014,0.000,-0.707,0.000,-0.707,179.977,1.454,0.953,0.122,-0.267,-0.655,0.267,-0.655,-45.656,1.751,1.257,0.002,-0.548,-0.447,0.548,-0.447,57.303,2.135,1.178,0.002,-0.564,-0.427,0.564,-0.427,-85.944,2.135,1.178,0.095,-0.797,-0.604,0.000,0.000,-89.954,2.226,1.152,0.095,-0.797,-0.604,0.000,0.000,0.000,2.204,1.073,0.095,-0.991,0.137,0.000,0.000,False,False
16.057,1.454,0.953,-0.014,0.000,-0.707,0.000,-0.707,179.977,1.454,0.953,0.122,-0.267,-0.655,0.267,-0.655,-45.656,1.751,1.257,0.002,-0.548,-0.447,0.548,-0.447,57.303,2.135,1.178,0.002,-0.564,-0.427,0.564,-0.427,-85.944,2.135,1.178,0.095,-0.797,-0.604,0.000,0.000,-89.954,2.226,1.152,0.095,-0.797,-0.604,0.000,0.000,0.000,2.204,1.073,0.095,-0.991,0.137,0.000,0.000,False,False
16.157,1.454,0.953,-0.014,0.000,-0.707,0.000,-0.707,179.977,1.454,0.953,0.122,-0.267,-0.655,0.267,-0.655,-45.656,1.751,1.257,0.002,-0.548,-0.447,0.548,-0.447,57.303,2.135,1.178,0.002,-0.564,-0.427,0.564,-0.427,-85.944,2.135,1.178,0.095,-0.797,-0.604,0.000,0.000,-89.954,2.226,1.152,0.095,-0.797,-0.604,0.000,0.000,0.000,2.204,1.073,0.095,-0.991,0.137,0.000,0.000,False,False
16.262,1.454,0.953,-0.014,0.000,-0.707,0.000,-0.707,179.977,1.454,0.953,0.122,-0.267,-0.655,0.267,-0.655,-45.656,1.751,1.257,0.002,-0.548,-0.447,0.548,-0.447,57.303,2.135,1.178,0.002,-0.564,-0.427,0.564,-0.427,-85.944,2.135,1.178,0.095,-0.797,-0.604,0.000,0.000,-89.954,2.226,1.152,0.095,-0.797,-0.604,0.000,0.000,0.000,2.204,1.073,0.095,-0.991,0.137,0.000,0.000,False,False
16.369,1.454,0.953,-0.014,0.000,-0.707,0.000,-0.707,179.977,1.454,0.953,0.122,-0.267,-0.655,0.267,-0.655,-45.656,1.751,1.257,0.002,-0.548,-0.447,0.548,-0.447,57.303,2.135,1.178,0.002,-0.564,-0.427,0.564,-0.427,-85.944,2.135,1.178,0.095,-0.797,-0.604,0.000,0.000,-89.954,2.226,1.152,0.095,-0.797,-0.604,0.000,0.000,0.000,2.204,1.073,0.095,-0.991,0.137,0.000,0.000,False,False
16.477,1.454,0.953,-0.014,0.000,-0.707,0.000,-0.707,179.977,1.454,0.953,0.122,-0.267,-0.655,0.267,-0.655,-45.656,1.751,1.257,0.002,-0.548,-0.447,0.548,-0.447,57.303,2.135,1.178,0.002,-0.564,-0.427,0.564,-0.427,-85.944,2.135,1.178,0.095,-0.797,-0.604,0.000,0.000,-89.954,2.226,1.152,0.095,-0.797,-0.604,0.000,0.000,0.000,2.204,1.073,0.095,-0.991,0.137,0.000,0.000,False,False
16.583,1.454,0.953,-0.014,0.000,-0.707,0.000,-0.707,179.977,1.454,0.953,0.122,-0.267,-0.655,0.267,-0.655,-45.656,1.751,1.257,0.002,-0.548,-0.447,0.548,-0.447,57.303,2.135,1.178,0.002,-0.564,-0.427,0.564,-0.427,-85.944,2.135,1.178,0.095,-0.797,-0.604,0.000,0.000,-89.954,2.226,1.152,0.095,-0.797,-0.604,0.000,0.000,0.000,2.204,1.073,0.095,-0.991,0.137,0.000,0.000,False,False
16.691,1.454,0.953,-0.014,0.000,-0.707,0.000,-0.707,179.977,1.454,0.953,0.122,-0.267,-0.655,0.267,-0.655,-45.656,1.751,1.257,0.002,-0.548,-0.447,0.548,-0.447,57.303,2.135,1.178,0.002,-0.564,-0.427,0.564,-0.427,-85.944,2.135,1.178,0.095,-0.797,-0.604,0.000,0.000,-89.954,2.226,1.152,0.095,-0.797,-0.604,0.000,0.000,0.000,2.204,1.073,0.095,-0.991,0.137,0.000,0.000,False,False
16.796,1.454,0.953,-0.014,0.000,-0.707,0.000,-0.707,179.977,1.454,0.953,0.122,-0.267,-0.655,0.267,-0.655,-45.656,1.751,1.257,0.002,-0.548,-0.447,0.548,-0.447,57.303,2.135,1.178,0.002,-0.564,-0.427,0.564,-0.427,-85.944,2.135,1.178,0.095,-0.797,-0.604,0.000,0.000,-89.954,2.226,1.152,0.095,-0.797,-0.604,0.000,0.000,0.000,2.204,1.073,0.095,-0.991,0.137,0.000,0.000,False,False
16.901,1.454,0.953,-0.014,0.000,-0.707,0.000,-0.707,179.977,1.454,0.953,0.122,-0.267,-0.655,0.267,-0.655,-45.656,1.751,1.257,0.002,-0.548,-0.447,0.548,-0.447,57.303,2.135,1.178,0.002,-0.564,-0.427,0.564,-0.427,-85.944,2.135,1.178,0.095,-0.797,-0.604,0.000,0.000,-89.954,2.226,1.152,0.095,-0.797,-0.604,0.000,0.000,0.000,2.204,1.073,0.095,-0.991,0.137,0.000,0.000,False,False
17.006,1.454,0.953,-0.014,0.000,-0.707,0.000,-0.707,179.977,1.454,0.953,0.122,-0.267,-0.655,0.267,-0.655,-45.656,1.751,1.257,0.002,-0.548,-0.447,0.548,-0.447,57.303,2.135,1.178,0.002,-0.564,-0.427,0.564,-0.427,-85.944,2.135,1.178,0.095,-0.797,-0.604,0.000,0.000,-89.954,2.226,1.152,0.095,-0.797,-0.604,0.000,0.000,0.000,2.204,1.073,0.095,-0.991,0.137,0.000,0.000,False,False
17.114,1.454,0.953,-0.014,0.000,-0.707,0.000,-0.707,179.977,1.454,0.953,0.122,-0.267,-0.655,0.267,-0.655,-45.656,1.751,1.257,0.002,-0.548,-0.447,0.548,-0.447,57.303,2.135,1.178,0.002,-0.564,-0.427,0.564,-0.427,-85.944,2.135,1.178,0.095,-0.797,-0.604,0.000,0.000,-89.954,2.226,1.152,0.095,-0.797,-0.604,0.000,0.000,0.000,2.204,1.073,0.095,-0.991,0.137,0.000,0.000,False,False
17.215,1.454,0.953,-0.014,0.000,-0.707,0.000,-0.707,179.977,1.454,0.953,0.122,-0.267,-0.655,0.267,-0.655,-45.656,1.751,1.257,0.002,-0.548,-0.447,0.548,-0.447,57.303,2.135,1.178,0.002,-0.564,-0.427,0.564,-0.427,-85.944,2.135,1.178,0.095,-0.797,-0.604,0.000,0.000,-89.954,2.226,1.152,0.095,-0.797,-0.604,0.000,0.000,0.000,2.204,1.073,0.095,-0.991,0.137,0.000,0.000,False,False
17.319,1.454,0.953,-0.014,0.000,-0.707,0.000,-0.707,179.977,1.454,0.953,0.122,-0.267,-0.655,0.267,-0.655,-45.656,1.751,1.257,0.002,-0.548,-0.447,0.548,-0.447,57.303,2.135,1.178,0.002,-0.564,-0.427,0.564,-0.427,-85.944,2.135,1.178,0.095,-0.797,-0.604,0.000,0.000,-89.954,2.226,1.152,0.095,-0.797,-0.604,0.000,0.000,0.000,2.204,1.073,0.095,-0.991,0.137,0.000,0.000,False,False
17.425,1.454,0.953,-0.014,0.000,-0.707,0.000,-0.707,179.977,1.454,0.953,0.122,-0.267,-0.655,0.267,-0.655,-45.656,1.751,1.257,0.002,-0.548,-0.447,0.548,-0.447,57.303,2.135,1.178,0.002,-0.564,-0.427,0.564,-0.427,-85.944,2.135,1.178,0.095,-0.797,-0.604,0.000,0.000,-89.954,2.226,1.152,0.095,-0.797,-0.604,0.000,0.000,0.000,2.204,1.073,0.095,-0.991,0.137,0.000,0.000,False,False
17.533,1.454,0.953,-0.014,0.000,-0.707,0.000,-0.707,179.977,1.454,0.953,0.122,-0.267,-0.655,0.267,-0.655,-45.656,1.751,1.257,0.002,-0.548,-0.447,0.548,-0.447,57.303,2.135,1.178,0.002,-0.564,-0.427,0.564,-0.427,-85.944,2.135,1.178,0.095,-0.797,-0.604,0.000,0.000,-89.954,2.226,1.152,0.095,-0.797,-0.604,0.000,0.000,0.000,2.204,1.073,0.095,-0.991,0.137,0.000,0.000,False,False
17.640,1.454,0.953,-0.014,0.000,-0.707,0.000,-0.707,179.977,1.454,0.953,0.122,-0.267,-0.655,0.267,-0.655,-45.656,1.751,1.257,0.002,-0.548,-0.447,0.548,-0.447,57.303,2.135,1.178,0.002,-0.564,-0.427,0.564,-0.427,-85.944,2.135,1.178,0.095,-0.797,-0.604,0.000,0.000,-89.954,2.226,1.152,0.095,-0.797,-0.604,0.000,0.000,0.000,2.204,1.073,0.095,-0.991,0.137,0.000,0.000,False,False
17.747,1.454,0.953,-0.014,0.000,-0.707,0.000,-0.707,179.977,1.454,0.953,0.122,-0.267,-0.655,0.267,-0.655,-45.656,1.751,1.257,0.002,-0.548,-0.447,0.548,-0.447,57.303,2.135,1.178,0.002,-0.564,-0.427,0.564,-0.427,-85.944,2.135,1.178,0.095,-0.797,-0.604,0.000,0.000,-89.954,2.226,1.152,0.095,-0.797,-0.604,0.000,0.000,0.000,2.204,1.073,0.095,-0.991,0.137,0.000,0.000,False,False
17.853,1.454,0.953,-0.014,0.000,-0.707,0.000,-0.707,179.977,1.454,0.953,0.122,-0.267,-0.655,0.267,-0.655,-45.656,1.751,1.257,0.002,-0.548,-0.447,0.548,-0.447,57.303,2.135,1.178,0.002,-0.564,-0.427,0.564,-0.427,-85.944,2.135,1.178,0.095,-0.797,-0.604,0.000,0.000,-89.954,2.226,1.152,0.095,-0.797,-0.604,0.000,0.000,0.000,2.204,1.073,0.095,-0.991,0.137,0.000,0.000,False,False
17.957,1.454,0.953,-0.014,0.000,-0.707,0.000,-0.707,179.977,1.454,0.953,0.122,-0.267,-0.655,0.267,-0.655,-45.656,1.751,1.257,0.002,-0.548,-0.447,0.548,-0.447,57.303,2.135,1.178,0.002,-0.564,-0.427,0.564,-0.427,-85.944,2.135,1.178,0.095,-0.797,-0.604,0.000,0.000,-89.954,2.226,1.152,0.095,-0.797,-0.604,0.000,0.000,0.000,2.204,1.073,0.095,-0.991,0.137,0.000,0.000,False,False
18.063,1.454,0.953,-0.014,0.000,-0.707,0.000,-0.707,179.977,1.454,0.953,0.122,-0.267,-0.655,0.267,-0.655,-45.656,1.751,1.257,0.002,-0.548,-0.447,0.548,-0.447,57.303,2.135,1.178,0.002,-0.564,-0.427,0.564,-0.427,-85.944,2.135,1.178,0.095,-0.797,-0.604,0.000,0.000,-89.954,2.226,1.152,0.095,-0.797,-0.604,0.000,0.000,0.000,2.204,1.073,0.095,-0.991,0.137,0.000,0.000,False,False
18.170,1.454,0.953,-0.014,0.000,-0.707,0.000,-0.707,179.977,1.454,0.953,0.122,-0.267,-0.655,0.267,-0.655,-45.656,1.751,1.257,0.002,-0.548,-0.447,0.548,-0.447,57.303,2.135,1.178,0.002,-0.564,-0.427,0.564,-0.427,-85.944,2.135,1.178,0.095,-0.797,-0.604,0.000,0.000,-89.954,2.226,1.152,0.095,-0.797,-0.604,0.000,0.000,0.000,2.204,1.073,0.095,-0.991,0.137,0.000,0.000,False,False
18.271,1.454,0.953,-0.014,0.000,-0.707,0.000,-0.707,179.977,1.454,0.953,0.122,-0.267,-0.655,0.267,-0.655,-45.656,1.751,1.257,0.002,-0.548,-0.447,0.548,-0.447,57.303,2.135,1.178,0.002,-0.564,-0.427,0.564,-0.427,-85.944,2.135,1.178,0.095,-0.797,-0.604,0.000,0.000,-89.954,2.226,1.152,0.095,-0.797,-0.604,0.000,0.000,0.000,2.204,1.073,0.095,-0.991,0.137,0.000,0.000,False,False
18.377,1.454,0.953,-0.014,0.000,-0.707,0.000,-0.707,179.977,1.454,0.953,0.122,-0.267,-0.655,0.267,-0.655,-45.656,1.751,1.257,0.002,-0.548,-0.447,0.548,-0.447,57.303,2.135,1.178,0.002,-0.564,-0.427,0.564,-0.427,-85.944,2.135,1.178,0.095,-0.797,-0.604,0.000,0.000,-89.954,2.226,1.152,0.095,-0.797,-0.604,0.000,0.000,0.000,2.204,1.073,0.095,-0.991,0.137,0.000,0.000,False,False
18.482,1.454,0.953,-0.014,0.000,-0.707,0.000,-0.707,179.977,1.454,0.953,0.122,-0.267,-0.655,0.267,-0.655,-45.656,1.751,1.257,0.002,-0.548,-0.447,0.548,-0.447,57.303,2.135,1.178,0.002,-0.564,-0.427,0.564,-0.427,-85.944,2.135,1.178,0.095,-0.797,-0.604,0.000,0.000,-89.954,2.226,1.152,0.095,-0.797,-0.604,0.000,0.000,0.000,2.204,1.073,0.095,-0.991,0.137,0.000,0.000,False,False
18.589,1.454,0.953,-0.014,0.000,-0.707,0.000,-0.707,179.977,1.454,0.953,0.122,-0.267,-0.655,0.267,-0.655,-45.656,1.751,1.257,0.002,-0.548,-0.447,0.548,-0.447,57.303,2.135,1.178,0.002,-0.564,-0.427,0.564,-0.427,-85.944,2.135,1.178,0.095,-0.797,-0.604,0.000,0.000,-89.954,2.226,1.152,0.095,-0.797,-0.604,0.000,0.000,0.000,2.204,1.073,0.095,-0.991,0.137,0.000,0.000,False,False
18.691,1.454,0.953,-0.014,0.000,-0.707,0.000,-0.707,179.977,1.454,0.953,0.122,-0.267,-0.655,0.267,-0.655,-45.656,1.751,1.257,0.002,-0.548,-0.447,0.548,-0.447,57.303,2.135,1.178,0.002,-0.564,-0.427,0.564,-0.427,-85.944,2.135,1.178,0.095,-0.797,-0.604,0.000,0.000,-89.954,2.226,1.152,0.095,-0.797,-0.604,0.000,0.000,0.000,2.204,1.073,0.095,-0.991,0.137,0.000,0.000,False,False
18.791,1.454,0.953,-0.014,0.000,-0.707,0.000,-0.707,179.977,1.454,0.953,0.122,-0.267,-0.655,0.267,-0.655,-45.656,1.751,1.257,0.002,-0.548,-0.447,0.548,-0.447,57.303,2.135,1.178,0.002,-0.564,-0.427,0.564,-0.427,-85.944,2.135,1.178,0.095,-0.797,-0.604,0.000,0.000,-89.954,2.226,1.152,0.095,-0.797,-0.604,0.000,0.000,0.000,2.204,1.073,0.095,-0.991,0.137,0.000,0.000,False,False
18.891,1.454,0.953,-0.014,0.000,-0.707,0.000,-0.707,179.977,1.454,0.953,0.122,-0.267,-0.655,0.267,-0.655,-45.656,1.751,1.257,0.002,-0.548,-0.447,0.548,-0.447,57.303,2.135,1.178,0.002,-0.564,-0.427,0.564,-0.427,-85.944,2.135,1.178,0.095,-0.797,-0.604,0.000,0.000,-89.954,2.226,1.152,0.095,-0.797,-0.604,0.000,0.000,0.000,2.204,1.073,0.095,-0.991,0.137,0.000,0.000,False,False
18.996,1.454,0.953,-0.014,0.000,-0.707,0.000,-0.707,179.977,1.454,0.953,0.122,-0.267,-0.655,0.267,-0.655,-45.656,1.751,1.257,0.002,-0.548,-0.447,0.548,-0.447,57.303,2.135,1.178,0.002,-0.564,-0.427,0.564,-0.427,-85.944,2.135,1.178,0.095,-0.797,-0.604,0.000,0.000,-89.954,2.226,1.152,0.095,-0.797,-0.604,0.000,0.000,0.000,2.204,1.073,0.095,-0.991,0.137,0.000,0.000,False,False
19.099,1.454,0.953,-0.014,0.000,-0.707,0.000,-0.707,179.977,1.454,0.953,0.122,-0.267,-0.655,0.267,-0.655,-45.656,1.751,1.257,0.002,-0.548,-0.447,0.548,-0.447,57.303,2.135,1.178,0.002,-0.564,-0.427,0.564,-0.427,-85.944,2.135,1.178,0.095,-0.797,-0.604,0.000,0.000,-89.954,2.226,1.152,0.095,-0.797,-0.604,0.000,0.000,0.000,2.204,1.073,0.095,-0.991,0.137,0.000,0.000,False,False
19.200,1.454,0.953,-0.014,0.000,-0.707,0.000,-0.707,179.977,1.454,0.953,0.122,-0.267,-0.655,0.267,-0.655,-45.656,1.751,1.257,0.002,-0.548,-0.447,0.548,-0.447,57.303,2.135,1.178,0.002,-0.564,-0.427,0.564,-0.427,-85.944,2.135,1.178,0.095,-0.797,-0.604,0.000,0.000,-89.954,2.226,1.152,0.095,-0.797,-0.604,0.000,0.000,0.000,2.204,1.073,0.095,-0.991,0.137,0.000,0.000,False,False
19.301,1.454,0.953,-0.014,0.000,-0.707,0.000,-0.707,179.977,1.454,0.953,0.122,-0.267,-0.655,0.267,-0.655,-45.656,1.751,1.257,0.002,-0.548,-0.447,0.548,-0.447,57.303,2.135,1.178,0.002,-0.564,-0.427,0.564,-0.427,-85.944,2.135,1.178,0.095,-0.797,-0.604,0.000,0.000,-89.954,2.226,1.152,0.095,-0.797,-0.604,0.000,0.000,0.000,2.204,1.073,0.095,-0.991,0.137,0.000,0.000,False,False
19.405,1.454,0.953,-0.014,0.000,-0.707,0.000,-0.707,179.977,1.454,0.953,0.122,-0.267,-0.655,0.267,-0.655,-45.656,1.751,1.257,0.002,-0.548,-0.447,0.548,-0.447,57.303,2.135,1.178,0.002,-0.564,-0.427,0.564,-0.427,-85.944,2.135,1.178,0.095,-0.797,-0.604,0.000,0.000,-89.954,2.226,1.152,0.095,-0.797,-0.604,0.000,0.000,0.000,2.204,1.073,0.095,-0.991,0.137,0.000,0.000,False,False
19.509,1.454,0.953,-0.014,0.000,-0.707,0.000,-0.707,179.977,1.454,0.953,0.122,-0.267,-0.655,0.267,-0.655,-45.656,1.751,1.257,0.002,-0.548,-0.447,0.548,-0.447,57.303,2.135,1.178,0.002,-0.564,-0.427,0.564,-0.427,-85.944,2.135,1.178,0.095,-0.797,-0.604,0.000,0.000,-89.954,2.226,1.152,0.095,-0.797,-0.604,0.000,0.000,0.000,2.204,1.073,0.095,-0.991,0.137,0.000,0.000,False,False
19.614,1.454,0.953,-0.014,0.000,-0.707,0.000,-0.707,179.977,1.454,0.953,0.122,-0.267,-0.655,0.267,-0.655,-45.656,1.751,1.257,0.002,-0.548,-0.447,0.548,-0.447,57.303,2.135,1.178,0.002,-0.564,-0.427,0.564,-0.427,-85.944,2.135,1.178,0.095,-0.797,-0.604,0.000,0.000,-89.954,2.226,1.152,0.095,-0.797,-0.604,0.000,0.000,0.000,2.204,1.073,0.095,-0.991,0.137,0.000,0.000,False,False
19.715,1.454,0.953,-0.014,0.000,-0.707,0.000,-0.707,179.977,1.454,0.953,0.122,-0.267,-0.655,0.267,-0.655,-45.656,1.751,1.257,0.002,-0.548,-0.447,0.548,-0.447,57.303,2.135,1.178,0.002,-0.564,-0.427,0.564,-0.427,-85.944,2.135,1.178,0.095,-0.797,-0.604,0.000,0.000,-89.954,2.226,1.152,0.095,-0.797,-0.604,0.000,0.000,0.000,2.204,1.073,0.095,-0.991,0.137,0.000,0.000,False,False
19.818,1.454,0.953,-0.014,0.000,-0.707,0.000,-0.707,179.977,1.454,0.953,0.122,-0.267,-0.655,0.267,-0.655,-45.656,1.751,1.257,0.002,-0.548,-0.447,0.548,-0.447,57.303,2.135,1.178,0.002,-0.564,-0.427,0.564,-0.427,-85.944,2.135,1.178,0.095,-0.797,-0.604,0.000,0.000,-89.954,2.226,1.152,0.095,-0.797,-0.604,0.000,0.000,0.000,2.204,1.073,0.095,-0.991,0.137,0.000,0.000,False,False
19.922,1.454,0.953,-0.014,0.000,-0.707,0.000,-0.707,179.977,1.454,0.953,0.122,-0.267,-0.655,0.267,-0.655,-45.656,1.751,1.257,0.002,-0.548,-0.447,0.548,-0.447,57.303,2.135,1.178,0.002,-0.564,-0.427,0.564,-0.427,-85.944,2.135,1.178,0.095,-0.797,-0.604,0.000,0.000,-89.954,2.226,1.152,0.095,-0.797,-0.604,0.000,0.000,0.000,2.204,1.073,0.095,-0.991,0.137,0.000,0.000,False,False
20.026,1.454,0.953,-0.014,0.000,-0.707,0.000,-0.707,179.977,1.454,0.953,0.122,-0.267,-0.655,0.267,-0.655,-45.656,1.751,1.257,0.002,-0.548,-0.447,0.548,-0.447,57.303,2.135,1.178,0.002,-0.564,-0.427,0.564,-0.427,-85.944,2.135,1.178,0.095,-0.797,-0.604,0.000,0.000,-89.954,2.226,1.152,0.095,-0.797,-0.604,0.000,0.000,0.000,2.204,1.073,0.095,-0.991,0.137,0.000,0.000,False,False
20.131,1.454,0.953,-0.014,0.000,-0.707,0.000,-0.707,179.977,1.454,0.953,0.122,-0.267,-0.655,0.267,-0.655,-45.656,1.751,1.257,0.002,-0.548,-0.447,0.548,-0.447,57.303,2.135,1.178,0.002,-0.564,-0.427,0.564,-0.427,-85.944,2.135,1.178,0.095,-0.797,-0.604,0.000,0.000,-89.954,2.226,1.152,0.095,-0.797,-0.604,0.000,0.000,0.000,2.204,1.073,0.095,-0.991,0.137,0.000,0.000,False,False
20.234,1.454,0.953,-0.014,0.000,-0.707,0.000,-0.707,179.977,1.454,0.953,0.122,-0.267,-0.655,0.267,-0.655,-45.656,1.751,1.257,0.002,-0.548,-0.447,0.548,-0.447,57.303,2.135,1.178,0.002,-0.564,-0.427,0.564,-0.427,-85.944,2.135,1.178,0.095,-0.797,-0.604,0.000,0.000,-89.954,2.226,1.152,0.095,-0.797,-0.604,0.000,0.000,0.000,2.204,1.073,0.095,-0.991,0.137,0.000,0.000,False,False
20.340,1.454,0.953,-0.014,0.000,-0.707,0.000,-0.707,179.977,1.454,0.953,0.122,-0.267,-0.655,0.267,-0.655,-45.656,1.751,1.257,0.002,-0.548,-0.447,0.548,-0.447,57.303,2.135,1.178,0.002,-0.564,-0.427,0.564,-0.427,-85.944,2.135,1.178,0.095,-0.797,-0.604,0.000,0.000,-89.954,2.226,1.152,0.095,-0.797,-0.604,0.000,0.000,0.000,2.204,1.073,0.095,-0.991,0.137,0.000,0.000,False,False
20.443,1.454,0.953,-0.014,0.000,-0.707,0.000,-0.707,179.977,1.454,0.953,0.122,-0.267,-0.655,0.267,-0.655,-45.656,1.751,1.257,0.002,-0.548,-0.447,0.548,-0.447,57.303,2.135,1.178,0.002,-0.564,-0.427,0.564,-0.427,-85.944,2.135,1.178,0.095,-0.797,-0.604,0.000,0.000,-89.954,2.226,1.152,0.095,-0.797,-0.604,0.000,0.000,0.000,2.204,1.073,0.095,-0.991,0.137,0.000,0.000,False,False
20.544,1.454,0.953,-0.014,0.000,-0.707,0.000,-0.707,179.977,1.454,0.953,0.122,-0.267,-0.655,0.267,-0.655,-45.656,1.751,1.257,0.002,-0.548,-0.447,0.548,-0.447,57.303,2.135,1.178,0.002,-0.564,-0.427,0.564,-0.427,-85.944,2.135,1.178,0.095,-0.797,-0.604,0.000,0.000,-89.954,2.226,1.152,0.095,-0.797,-0.604,0.000,0.000,0.000,2.204,1.073,0.095,-0.991,0.137,0.000,0.000,False,False
20.645,1.454,0.953,-0.014,0.000,-0.707,0.000,-0.707,179.977,1.454,0.953,0.122,-0.267,-0.655,0.267,-0.655,-45.656,1.751,1.257,0.002,-0.548,-0.447,0.548,-0.447,57.303,2.135,1.178,0.002,-0.564,-0.427,0.564,-0.427,-85.944,2.135,1.178,0.095,-0.797,-0.604,0.000,0.000,-89.954,2.226,1.152,0.095,-0.797,-0.604,0.000,0.000,0.000,2.204,1.073,0.095,-0.991,0.137,0.000,0.000,False,False
20.749,1.454,0.953,-0.014,0.000,-0.707,0.000,-0.707,179.977,1.454,0.953,0.122,-0.267,-0.655,0.267,-0.655,-45.656,1.751,1.257,0.002,-0.548,-0.447,0.548,-0.447,57.303,2.135,1.178,0.002,-0.564,-0.427,0.564,-0.427,-85.944,2.135,1.178,0.095,-0.797,-0.604,0.000,0.000,-89.954,2.226,1.152,0.095,-0.797,-0.604,0.000,0.000,0.000,2.204,1.073,0.095,-0.991,0.137,0.000,0.000,False,False
20.852,1.454,0.953,-0.014,0.000,-0.707,0.000,-0.707,179.977,1.454,0.953,0.122,-0.267,-0.655,0.267,-0.655,-45.656,1.751,1.257,0.002,-0.548,-0.447,0.548,-0.447,57.303,2.135,1.178,0.002,-0.564,-0.427,0.564,-0.427,-85.944,2.135,1.178,0.095,-0.797,-0.604,0.000,0.000,-89.954,2.226,1.152,0.095,-0.797,-0.604,0.000,0.000,0.000,2.204,1.073,0.095,-0.991,0.137,0.000,0.000,False,False
20.953,1.454,0.953,-0.014,0.000,-0.707,0.000,-0.707,179.977,1.454,0.953,0.122,-0.267,-0.655,0.267,-0.655,-45.656,1.751,1.257,0.002,-0.548,-0.447,0.548,-0.447,57.303,2.135,1.178,0.002,-0.564,-0.427,0.564,-0.427,-85.944,2.135,1.178,0.095,-0.797,-0.604,0.000,0.000,-89.954,2.226,1.152,0.095,-0.797,-0.604,0.000,0.000,0.000,2.204,1.073,0.095,-0.991,0.137,0.000,0.000,False,False
21.056,1.454,0.953,-0.014,0.000,-0.707,0.000,-0.707,179.977,1.454,0.953,0.122,-0.267,-0.655,0.267,-0.655,-45.656,1.751,1.257,0.002,-0.548,-0.447,0.548,-0.447,57.303,2.135,1.178,0.002,-0.564,-0.427,0.564,-0.427,-85.944,2.135,1.178,0.095,-0.797,-0.604,0.000,0.000,-89.954,2.226,1.152,0.095,-0.797,-0.604,0.000,0.000,0.000,2.204,1.073,0.095,-0.991,0.137,0.000,0.000,False,False
21.158,1.454,0.953,-0.014,0.000,-0.707,0.000,-0.707,179.977,1.454,0.953,0.122,-0.267,-0.655,0.267,-0.655,-45.656,1.751,1.257,0.002,-0.548,-0.447,0.548,-0.447,57.303,2.135,1.178,0.002,-0.564,-0.427,0.564,-0.427,-85.944,2.135,1.178,0.095,-0.797,-0.604,0.000,0.000,-89.954,2.226,1.152,0.095,-0.797,-0.604,0.000,0.000,0.000,2.204,1.073,0.095,-0.991,0.137,0.000,0.000,False,False
21.268,1.454,0.953,-0.014,0.000,-0.707,0.000,-0.707,179.977,1.454,0.953,0.122,-0.267,-0.655,0.267,-0.655,-45.656,1.751,1.257,0.002,-0.548,-0.447,0.548,-0.447,57.303,2.135,1.178,0.002,-0.564,-0.427,0.564,-0.427,-85.944,2.135,1.178,0.095,-0.797,-0.604,0.000,0.000,-89.954,2.226,1.152,0.095,-0.797,-0.604,0.000,0.000,0.000,2.204,1.073,0.095,-0.991,0.137,0.000,0.000,False,False
21.371,1.454,0.953,-0.014,0.000,-0.707,0.000,-0.707,179.977,1.454,0.953,0.122,-0.267,-0.655,0.267,-0.655,-45.656,1.751,1.257,0.002,-0.548,-0.447,0.548,-0.447,57.303,2.135,1.178,0.002,-0.564,-0.427,0.564,-0.427,-85.944,2.135,1.178,0.095,-0.797,-0.604,0.000,0.000,-89.954,2.226,1.152,0.095,-0.797,-0.604,0.000,0.000,0.000,2.204,1.073,0.095,-0.991,0.137,0.000,0.000,False,False
21.475,1.454,0.953,-0.014,0.000,-0.707,0.000,-0.707,179.977,1.454,0.953,0.122,-0.267,-0.655,0.267,-0.655,-45.656,1.751,1.257,0.002,-0.548,-0.447,0.548,-0.447,57.303,2.135,1.178,0.002,-0.564,-0.427,0.564,-0.427,-85.944,2.135,1.178,0.095,-0.797,-0.604,0.000,0.000,-89.954,2.226,1.152,0.095,-0.797,-0.604,0.000,0.000,0.000,2.204,1.073,0.095,-0.991,0.137,0.000,0.000,False,False
21.580,1.454,0.953,-0.014,0.000,-0.707,0.000,-0.707,179.977,1.454,0.953,0.122,-0.267,-0.655,0.267,-0.655,-45.656,1.751,1.257,0.002,-0.548,-0.447,0.548,-0.447,57.303,2.135,1.178,0.002,-0.564,-0.427,0.564,-0.427,-85.944,2.135,1.178,0.095,-0.797,-0.604,0.000,0.000,-89.954,2.226,1.152,0.095,-0.797,-0.604,0.000,0.000,0.000,2.204,1.073,0.095,-0.991,0.137,0.000,0.000,False,False
21.682,1.454,0.953,-0.014,0.000,-0.707,0.000,-0.707,179.977,1.454,0.953,0.122,-0.267,-0.655,0.267,-0.655,-45.656,1.751,1.257,0.002,-0.548,-0.447,0.548,-0.447,57.303,2.135,1.178,0.002,-0.564,-0.427,0.564,-0.427,-85.944,2.135,1.178,0.095,-0.797,-0.604,0.000,0.000,-89.954,2.226,1.152,0.095,-0.797,-0.604,0.000,0.000,0.000,2.204,1.073,0.095,-0.991,0.137,0.000,0.000,False,False
21.788,1.454,0.953,-0.014,0.000,-0.707,0.000,-0.707,179.977,1.454,0.953,0.122,-0.267,-0.655,0.267,-0.655,-45.656,1.751,1.257,0.002,-0.548,-0.447,0.548,-0.447,57.303,2.135,1.178,0.002,-0.564,-0.427,0.564,-0.427,-85.944,2.135,1.178,0.095,-0.797,-0.604,0.000,0.000,-89.954,2.226,1.152,0.095,-0.797,-0.604,0.000,0.000,0.000,2.204,1.073,0.095,-0.991,0.137,0.000,0.000,False,False
21.889,1.454,0.953,-0.014,0.000,-0.707,0.000,-0.707,179.977,1.454,0.953,0.122,-0.267,-0.655,0.267,-0.655,-45.656,1.751,1.257,0.002,-0.548,-0.447,0.548,-0.447,57.303,2.135,1.178,0.002,-0.564,-0.427,0.564,-0.427,-85.944,2.135,1.178,0.095,-0.797,-0.604,0.000,0.000,-89.954,2.226,1.152,0.095,-0.797,-0.604,0.000,0.000,0.000,2.204,1.073,0.095,-0.991,0.137,0.000,0.000,False,False
21.993,1.454,0.953,-0.014,0.000,-0.707,0.000,-0.707,179.977,1.454,0.953,0.122,-0.267,-0.655,0.267,-0.655,-45.656,1.751,1.257,0.002,-0.548,-0.447,0.548,-0.447,57.303,2.135,1.178,0.002,-0.564,-0.427,0.564,-0.427,-85.944,2.135,1.178,0.095,-0.797,-0.604,0.000,0.000,-89.954,2.226,1.152,0.095,-0.797,-0.604,0.000,0.000,0.000,2.204,1.073,0.095,-0.991,0.137,0.000,0.000,False,False
22.099,1.454,0.953,-0.014,0.000,-0.707,0.000,-0.707,179.977,1.454,0.953,0.122,-0.267,-0.655,0.267,-0.655,-45.656,1.751,1.257,0.002,-0.548,-0.447,0.548,-0.447,57.303,2.135,1.178,0.002,-0.564,-0.427,0.564,-0.427,-85.944,2.135,1.178,0.095,-0.797,-0.604,0.000,0.000,-89.954,2.226,1.152,0.095,-0.797,-0.604,0.000,0.000,0.000,2.204,1.073,0.095,-0.991,0.137,0.000,0.000,False,False
22.201,1.454,0.953,-0.014,0.000,-0.707,0.000,-0.707,179.977,1.454,0.953,0.122,-0.267,-0.655,0.267,-0.655,-45.656,1.751,1.257,0.002,-0.548,-0.447,0.548,-0.447,57.303,2.135,1.178,0.002,-0.564,-0.427,0.564,-0.427,-85.944,2.135,1.178,0.095,-0.797,-0.604,0.000,0.000,-89.954,2.226,1.152,0.095,-0.797,-0.604,0.000,0.000,0.000,2.204,1.073,0.095,-0.991,0.137,0.000,0.000,False,False
22.302,1.454,0.953,-0.014,0.000,-0.707,0.000,-0.707,179.977,1.454,0.953,0.122,-0.267,-0.655,0.267,-0.655,-45.656,1.751,1.257,0.002,-0.548,-0.447,0.548,-0.447,57.303,2.135,1.178,0.002,-0.564,-0.427,0.564,-0.427,-85.944,2.135,1.178,0.095,-0.797,-0.604,0.000,0.000,-89.954,2.226,1.152,0.095,-0.797,-0.604,0.000,0.000,0.000,2.204,1.073,0.095,-0.991,0.137,0.000,0.000,False,False
22.405,1.454,0.953,-0.014,0.000,-0.707,0.000,-0.707,179.977,1.454,0.953,0.122,-0.267,-0.655,0.267,-0.655,-45.656,1.751,1.257,0.002,-0.548,-0.447,0.548,-0.447,57.303,2.135,1.178,0.002,-0.564,-0.427,0.564,-0.427,-85.944,2.135,1.178,0.095,-0.797,-0.604,0.000,0.000,-89.954,2.226,1.152,0.095,-0.797,-0.604,0.000,0.000,0.000,2.204,1.073,0.095,-0.991,0.137,0.000,0.000,False,False
22.508,1.454,0.953,-0.014,0.000,-0.707,0.000,-0.707,179.977,1.454,0.953,0.122,-0.267,-0.655,0.267,-0.655,-45.656,1.751,1.257,0.002,-0.548,-0.447,0.548,-0.447,57.303,2.135,1.178,0.002,-0.564,-0.427,0.564,-0.427,-85.944,2.135,1.178,0.095,-0.797,-0.604,0.000,0.000,-89.954,2.226,1.152,0.095,-0.797,-0.604,0.000,0.000,0.000,2.204,1.073,0.095,-0.991,0.137,0.000,0.000,False,False
22.612,1.454,0.953,-0.014,0.000,-0.707,0.000,-0.707,179.977,1.454,0.953,0.122,-0.267,-0.655,0.267,-0.655,-45.656,1.751,1.257,0.002,-0.548,-0.447,0.548,-0.447,57.303,2.135,1.178,0.002,-0.564,-0.427,0.564,-0.427,-85.944,2.135,1.178,0.095,-0.797,-0.604,0.000,0.000,-89.954,2.226,1.152,0.095,-0.797,-0.604,0.000,0.000,0.000,2.204,1.073,0.095,-0.991,0.137,0.000,0.000,False,False
22.714,1.454,0.953,-0.014,0.000,-0.707,0.000,-0.707,179.977,1.454,0.953,0.122,-0.267,-0.655,0.267,-0.655,-45.656,1.751,1.257,0.002,-0.548,-0.447,0.548,-0.447,57.303,2.135,1.178,0.002,-0.564,-0.427,0.564,-0.427,-85.944,2.135,1.178,0.095,-0.797,-0.604,0.000,0.000,-89.954,2.226,1.152,0.095,-0.797,-0.604,0.000,0.000,0.000,2.204,1.073,0.095,-0.991,0.137,0.000,0.000,False,False
22.854,1.454,0.953,-0.014,0.000,-0.707,0.000,-0.707,179.977,1.454,0.953,0.122,-0.267,-0.655,0.267,-0.655,-45.656,1.751,1.257,0.002,-0.548,-0.447,0.548,-0.447,57.303,2.135,1.178,0.002,-0.564,-0.427,0.564,-0.427,-85.944,2.135,1.178,0.095,-0.797,-0.604,0.000,0.000,-89.954,2.226,1.152,0.095,-0.797,-0.604,0.000,0.000,0.000,2.204,1.073,0.095,-0.991,0.137,0.000,0.000,False,False
22.956,1.454,0.953,-0.014,0.000,-0.707,0.000,-0.707,179.977,1.454,0.953,0.122,-0.267,-0.655,0.267,-0.655,-45.656,1.751,1.257,0.002,-0.548,-0.447,0.548,-0.447,57.303,2.135,1.178,0.002,-0.564,-0.427,0.564,-0.427,-85.944,2.135,1.178,0.095,-0.797,-0.604,0.000,0.000,-89.954,2.226,1.152,0.095,-0.797,-0.604,0.000,0.000,0.000,2.204,1.073,0.095,-0.991,0.137,0.000,0.000,False,False
23.056,1.454,0.953,-0.014,0.000,-0.707,0.000,-0.707,179.977,1.454,0.953,0.122,-0.267,-0.655,0.267,-0.655,-45.656,1.751,1.257,0.002,-0.548,-0.447,0.548,-0.447,57.303,2.135,1.178,0.002,-0.564,-0.427,0.564,-0.427,-85.944,2.135,1.178,0.095,-0.797,-0.604,0.000,0.000,-89.954,2.226,1.152,0.095,-0.797,-0.604,0.000,0.000,0.000,2.204,1.073,0.095,-0.991,0.137,0.000,0.000,False,False
23.162,1.454,0.953,-0.014,0.000,-0.707,0.000,-0.707,179.977,1.454,0.953,0.122,-0.267,-0.655,0.267,-0.655,-45.656,1.751,1.257,0.002,-0.548,-0.447,0.548,-0.447,57.303,2.135,1.178,0.002,-0.564,-0.427,0.564,-0.427,-85.944,2.135,1.178,0.095,-0.797,-0.604,0.000,0.000,-89.954,2.226,1.152,0.095,-0.797,-0.604,0.000,0.000,0.000,2.204,1.073,0.095,-0.991,0.137,0.000,0.000,False,False
23.268,1.454,0.953,-0.014,0.000,-0.707,0.000,-0.707,179.977,1.454,0.953,0.122,-0.267,-0.655,0.267,-0.655,-45.656,1.751,1.257,0.002,-0.548,-0.447,0.548,-0.447,57.303,2.135,1.178,0.002,-0.564,-0.427,0.564,-0.427,-85.944,2.135,1.178,0.095,-0.797,-0.604,0.000,0.000,-89.954,2.226,1.152,0.095,-0.797,-0.604,0.000,0.000,0.000,2.204,1.073,0.095,-0.991,0.137,0.000,0.000,False,False
23.369,1.454,0.953,-0.014,0.000,-0.707,0.000,-0.707,179.977,1.454,0.953,0.122,-0.267,-0.655,0.267,-0.655,-45.656,1.751,1.257,0.002,-0.548,-0.447,0.548,-0.447,57.303,2.135,1.178,0.002,-0.564,-0.427,0.564,-0.427,-85.944,2.135,1.178,0.095,-0.797,-0.604,0.000,0.000,-89.954,2.226,1.152,0.095,-0.797,-0.604,0.000,0.000,0.000,2.204,1.073,0.095,-0.991,0.137,0.000,0.000,False,False
23.474,1.454,0.953,-0.014,0.000,-0.707,0.000,-0.707,179.977,1.454,0.953,0.122,-0.267,-0.655,0.267,-0.655,-45.656,1.751,1.257,0.002,-0.548,-0.447,0.548,-0.447,57.303,2.135,1.178,0.002,-0.564,-0.427,0.564,-0.427,-85.944,2.135,1.178,0.095,-0.797,-0.604,0.000,0.000,-89.954,2.226,1.152,0.095,-0.797,-0.604,0.000,0.000,0.000,2.204,1.073,0.095,-0.991,0.137,0.000,0.000,False,False
23.579,1.454,0.953,-0.014,0.000,-0.707,0.000,-0.707,179.977,1.454,0.953,0.122,-0.267,-0.655,0.267,-0.655,-45.656,1.751,1.257,0.002,-0.548,-0.447,0.548,-0.447,57.303,2.135,1.178,0.002,-0.564,-0.427,0.564,-0.427,-85.944,2.135,1.178,0.095,-0.797,-0.604,0.000,0.000,-89.954,2.226,1.152,0.095,-0.797,-0.604,0.000,0.000,0.000,2.204,1.073,0.095,-0.991,0.137,0.000,0.000,False,False
23.680,1.454,0.953,-0.014,0.000,-0.707,0.000,-0.707,179.977,1.454,0.953,0.122,-0.267,-0.655,0.267,-0.655,-45.656,1.751,1.257,0.002,-0.548,-0.447,0.548,-0.447,57.303,2.135,1.178,0.002,-0.564,-0.427,0.564,-0.427,-85.944,2.135,1.178,0.095,-0.797,-0.604,0.000,0.000,-89.954,2.226,1.152,0.095,-0.797,-0.604,0.000,0.000,0.000,2.204,1.073,0.095,-0.991,0.137,0.000,0.000,False,False
23.785,1.454,0.953,-0.014,0.000,-0.707,0.000,-0.707,179.977,1.454,0.953,0.122,-0.267,-0.655,0.267,-0.655,-45.656,1.751,1.257,0.002,-0.548,-0.447,0.548,-0.447,57.303,2.135,1.178,0.002,-0.564,-0.427,0.564,-0.427,-85.944,2.135,1.178,0.095,-0.797,-0.604,0.000,0.000,-89.954,2.226,1.152,0.095,-0.797,-0.604,0.000,0.000,0.000,2.204,1.073,0.095,-0.991,0.137,0.000,0.000,False,False
23.890,1.454,0.953,-0.014,0.000,-0.707,0.000,-0.707,179.977,1.454,0.953,0.122,-0.267,-0.655,0.267,-0.655,-45.656,1.751,1.257,0.002,-0.548,-0.447,0.548,-0.447,57.303,2.135,1.178,0.002,-0.564,-0.427,0.564,-0.427,-85.944,2.135,1.178,0.095,-0.797,-0.604,0.000,0.000,-89.954,2.226,1.152,0.095,-0.797,-0.604,0.000,0.000,0.000,2.204,1.073,0.095,-0.991,0.137,0.000,0.000,False,False
23.991,1.454,0.953,-0.014,0.000,-0.707,0.000,-0.707,179.977,1.454,0.953,0.122,-0.267,-0.655,0.267,-0.655,-45.656,1.751,1.257,0.002,-0.548,-0.447,0.548,-0.447,57.303,2.135,1.178,0.002,-0.564,-0.427,0.564,-0.427,-85.944,2.135,1.178,0.095,-0.797,-0.604,0.000,0.000,-89.954,2.226,1.152,0.095,-0.797,-0.604,0.000,0.000,0.000,2.204,1.073,0.095,-0.991,0.137,0.000,0.000,False,False
24.094,1.454,0.953,-0.014,0.000,-0.707,0.000,-0.707,179.977,1.454,0.953,0.122,-0.267,-0.655,0.267,-0.655,-45.656,1.751,1.257,0.002,-0.548,-0.447,0.548,-0.447,57.303,2.135,1.178,0.002,-0.564,-0.427,0.564,-0.427,-85.944,2.135,1.178,0.095,-0.797,-0.604,0.000,0.000,-89.954,2.226,1.152,0.095,-0.797,-0.604,0.000,0.000,0.000,2.204,1.073,0.095,-0.991,0.137,0.000,0.000,False,False
24.199,1.454,0.953,-0.014,0.000,-0.707,0.000,-0.707,179.977,1.454,0.953,0.122,-0.267,-0.655,0.267,-0.655,-45.656,1.751,1.257,0.002,-0.548,-0.447,0.548,-0.447,57.303,2.135,1.178,0.002,-0.564,-0.427,0.564,-0.427,-85.944,2.135,1.178,0.095,-0.797,-0.604,0.000,0.000,-89.954,2.226,1.152,0.095,-0.797,-0.604,0.000,0.000,0.000,2.204,1.073,0.095,-0.991,0.137,0.000,0.000,False,False
24.302,1.454,0.953,-0.014,0.000,-0.707,0.000,-0.707,179.977,1.454,0.953,0.122,-0.267,-0.655,0.267,-0.655,-45.656,1.751,1.257,0.002,-0.548,-0.447,0.548,-0.447,57.303,2.135,1.178,0.002,-0.564,-0.427,0.564,-0.427,-85.944,2.135,1.178,0.095,-0.797,-0.604,0.000,0.000,-89.954,2.226,1.152,0.095,-0.797,-0.604,0.000,0.000,0.000,2.204,1.073,0.095,-0.991,0.137,0.000,0.000,False,False
24.409,1.454,0.953,-0.014,0.000,-0.707,0.000,-0.707,179.977,1.454,0.953,0.122,-0.267,-0.655,0.267,-0.655,-45.656,1.751,1.257,0.002,-0.548,-0.447,0.548,-0.447,57.303,2.135,1.178,0.002,-0.564,-0.427,0.564,-0.427,-85.944,2.135,1.178,0.095,-0.797,-0.604,0.000,0.000,-89.954,2.226,1.152,0.095,-0.797,-0.604,0.000,0.000,0.000,2.204,1.073,0.095,-0.991,0.137,0.000,0.000,False,False
24.509,1.454,0.953,-0.014,0.000,-0.707,0.000,-0.707,179.977,1.454,0.953,0.122,-0.267,-0.655,0.267,-0.655,-45.656,1.751,1.257,0.002,-0.548,-0.447,0.548,-0.447,57.303,2.135,1.178,0.002,-0.564,-0.427,0.564,-0.427,-85.944,2.135,1.178,0.095,-0.797,-0.604,0.000,0.000,-89.954,2.226,1.152,0.095,-0.797,-0.604,0.000,0.000,0.000,2.204,1.073,0.095,-0.991,0.137,0.000,0.000,False,False
24.639,1.454,0.953,-0.014,0.000,-0.707,0.000,-0.707,179.977,1.454,0.953,0.122,-0.267,-0.655,0.267,-0.655,-45.656,1.751,1.257,0.002,-0.548,-0.447,0.548,-0.447,57.303,2.135,1.178,0.002,-0.564,-0.427,0.564,-0.427,-85.944,2.135,1.178,0.095,-0.797,-0.604,0.000,0.000,-89.954,2.226,1.152,0.095,-0.797,-0.604,0.000,0.000,0.000,2.204,1.073,0.095,-0.991,0.137,0.000,0.000,False,False
24.739,1.454,0.953,-0.014,0.000,-0.707,0.000,-0.707,179.977,1.454,0.953,0.122,-0.267,-0.655,0.267,-0.655,-45.656,1.751,1.257,0.002,-0.548,-0.447,0.548,-0.447,57.303,2.135,1.178,0.002,-0.564,-0.427,0.564,-0.427,-85.944,2.135,1.178,0.095,-0.797,-0.604,0.000,0.000,-89.954,2.226,1.152,0.095,-0.797,-0.604,0.000,0.000,0.000,2.204,1.073,0.095,-0.991,0.137,0.000,0.000,False,False
24.856,1.454,0.953,-0.014,0.000,-0.707,0.000,-0.707,179.977,1.454,0.953,0.122,-0.267,-0.655,0.267,-0.655,-45.656,1.751,1.257,0.002,-0.548,-0.447,0.548,-0.447,57.303,2.135,1.178,0.002,-0.564,-0.427,0.564,-0.427,-85.944,2.135,1.178,0.095,-0.797,-0.604,0.000,0.000,-89.954,2.226,1.152,0.095,-0.797,-0.604,0.000,0.000,0.000,2.204,1.073,0.095,-0.991,0.137,0.000,0.000,False,False
24.957,1.454,0.953,-0.014,0.000,-0.707,0.000,-0.707,179.977,1.454,0.953,0.122,-0.267,-0.655,0.267,-0.655,-45.656,1.751,1.257,0.002,-0.548,-0.447,0.548,-0.447,57.303,2.135,1.178,0.002,-0.564,-0.427,0.564,-0.427,-85.944,2.135,1.178,0.095,-0.797,-0.604,0.000,0.000,-89.954,2.226,1.152,0.095,-0.797,-0.604,0.000,0.000,0.000,2.204,1.073,0.095,-0.991,0.137,0.000,0.000,False,False
25.059,1.454,0.953,-0.014,0.000,-0.707,0.000,-0.707,179.977,1.454,0.953,0.122,-0.267,-0.655,0.267,-0.655,-45.656,1.751,1.257,0.002,-0.548,-0.447,0.548,-0.447,57.303,2.135,1.178,0.002,-0.564,-0.427,0.564,-0.427,-85.944,2.135,1.178,0.095,-0.797,-0.604,0.000,0.000,-89.954,2.226,1.152,0.095,-0.797,-0.604,0.000,0.000,0.000,2.204,1.073,0.095,-0.991,0.137,0.000,0.000,False,False
25.163,1.454,0.953,-0.014,0.000,-0.707,0.000,-0.707,179.977,1.454,0.953,0.122,-0.267,-0.655,0.267,-0.655,-45.656,1.751,1.257,0.002,-0.548,-0.447,0.548,-0.447,57.303,2.135,1.178,0.002,-0.564,-0.427,0.564,-0.427,-85.944,2.135,1.178,0.095,-0.797,-0.604,0.000,0.000,-89.954,2.226,1.152,0.095,-0.797,-0.604,0.000,0.000,0.000,2.204,1.073,0.095,-0.991,0.137,0.000,0.000,False,False
25.270,1.454,0.953,-0.014,0.000,-0.707,0.000,-0.707,179.977,1.454,0.953,0.122,-0.267,-0.655,0.267,-0.655,-45.656,1.751,1.257,0.002,-0.548,-0.447,0.548,-0.447,57.303,2.135,1.178,0.002,-0.564,-0.427,0.564,-0.427,-85.944,2.135,1.178,0.095,-0.797,-0.604,0.000,0.000,-89.954,2.226,1.152,0.095,-0.797,-0.604,0.000,0.000,0.000,2.204,1.073,0.095,-0.991,0.137,0.000,0.000,False,False
25.371,1.454,0.953,-0.014,0.000,-0.707,0.000,-0.707,179.977,1.454,0.953,0.122,-0.267,-0.655,0.267,-0.655,-45.656,1.751,1.257,0.002,-0.548,-0.447,0.548,-0.447,57.303,2.135,1.178,0.002,-0.564,-0.427,0.564,-0.427,-85.944,2.135,1.178,0.095,-0.797,-0.604,0.000,0.000,-89.954,2.226,1.152,0.095,-0.797,-0.604,0.000,0.000,0.000,2.204,1.073,0.095,-0.991,0.137,0.000,0.000,False,False
25.476,1.454,0.953,-0.014,0.000,-0.707,0.000,-0.707,179.977,1.454,0.953,0.122,-0.267,-0.655,0.267,-0.655,-45.656,1.751,1.257,0.002,-0.548,-0.447,0.548,-0.447,57.303,2.135,1.178,0.002,-0.564,-0.427,0.564,-0.427,-85.944,2.135,1.178,0.095,-0.797,-0.604,0.000,0.000,-89.954,2.226,1.152,0.095,-0.797,-0.604,0.000,0.000,0.000,2.204,1.073,0.095,-0.991,0.137,0.000,0.000,False,False
25.580,1.454,0.953,-0.014,0.000,-0.707,0.000,-0.707,179.977,1.454,0.953,0.122,-0.267,-0.655,0.267,-0.655,-45.656,1.751,1.257,0.002,-0.548,-0.447,0.548,-0.447,57.303,2.135,1.178,0.002,-0.564,-0.427,0.564,-0.427,-85.944,2.135,1.178,0.095,-0.797,-0.604,0.000,0.000,-89.954,2.226,1.152,0.095,-0.797,-0.604,0.000,0.000,0.000,2.204,1.073,0.095,-0.991,0.137,0.000,0.000,False,False
25.687,1.454,0.953,-0.014,0.000,-0.707,0.000,-0.707,179.977,1.454,0.953,0.122,-0.267,-0.655,0.267,-0.655,-45.656,1.751,1.257,0.002,-0.548,-0.447,0.548,-0.447,57.303,2.135,1.178,0.002,-0.564,-0.427,0.564,-0.427,-85.944,2.135,1.178,0.095,-0.797,-0.604,0.000,0.000,-89.954,2.226,1.152,0.095,-0.797,-0.604,0.000,0.000,0.000,2.204,1.073,0.095,-0.991,0.137,0.000,0.000,False,False
25.793,1.454,0.953,-0.014,0.000,-0.707,0.000,-0.707,179.977,1.454,0.953,0.122,-0.267,-0.655,0.267,-0.655,-45.656,1.751,1.257,0.002,-0.548,-0.447,0.548,-0.447,57.303,2.135,1.178,0.002,-0.564,-0.427,0.564,-0.427,-85.944,2.135,1.178,0.095,-0.797,-0.604,0.000,0.000,-89.954,2.226,1.152,0.095,-0.797,-0.604,0.000,0.000,0.000,2.204,1.073,0.095,-0.991,0.137,0.000,0.000,False,False
25.894,1.454,0.953,-0.014,0.000,-0.707,0.000,-0.707,179.977,1.454,0.953,0.122,-0.267,-0.655,0.267,-0.655,-45.656,1.751,1.257,0.002,-0.548,-0.447,0.548,-0.447,57.303,2.135,1.178,0.002,-0.564,-0.427,0.564,-0.427,-85.944,2.135,1.178,0.095,-0.797,-0.604,0.000,0.000,-89.954,2.226,1.152,0.095,-0.797,-0.604,0.000,0.000,0.000,2.204,1.073,0.095,-0.991,0.137,0.000,0.000,False,False
25.997,1.454,0.953,-0.014,0.000,-0.707,0.000,-0.707,179.977,1.454,0.953,0.122,-0.267,-0.655,0.267,-0.655,-45.656,1.751,1.257,0.002,-0.548,-0.447,0.548,-0.447,57.303,2.135,1.178,0.002,-0.564,-0.427,0.564,-0.427,-85.944,2.135,1.178,0.095,-0.797,-0.604,0.000,0.000,-89.954,2.226,1.152,0.095,-0.797,-0.604,0.000,0.000,0.000,2.204,1.073,0.095,-0.991,0.137,0.000,0.000,False,False
26.101,1.454,0.953,-0.014,0.000,-0.707,0.000,-0.707,179.977,1.454,0.953,0.122,-0.267,-0.655,0.267,-0.655,-45.656,1.751,1.257,0.002,-0.548,-0.447,0.548,-0.447,57.303,2.135,1.178,0.002,-0.564,-0.427,0.564,-0.427,-85.944,2.135,1.178,0.095,-0.797,-0.604,0.000,0.000,-89.954,2.226,1.152,0.095,-0.797,-0.604,0.000,0.000,0.000,2.204,1.073,0.095,-0.991,0.137,0.000,0.000,False,False
26.205,1.454,0.953,-0.014,0.000,-0.707,0.000,-0.707,179.977,1.454,0.953,0.122,-0.267,-0.655,0.267,-0.655,-45.656,1.751,1.257,0.002,-0.548,-0.447,0.548,-0.447,57.303,2.135,1.178,0.002,-0.564,-0.427,0.564,-0.427,-85.944,2.135,1.178,0.095,-0.797,-0.604,0.000,0.000,-89.954,2.226,1.152,0.095,-0.797,-0.604,0.000,0.000,0.000,2.204,1.073,0.095,-0.991,0.137,0.000,0.000,False,False
26.311,1.454,0.953,-0.014,0.000,-0.707,0.000,-0.707,179.977,1.454,0.953,0.122,-0.267,-0.655,0.267,-0.655,-45.656,1.751,1.257,0.002,-0.548,-0.447,0.548,-0.447,57.303,2.135,1.178,0.002,-0.564,-0.427,0.564,-0.427,-85.944,2.135,1.178,0.095,-0.797,-0.604,0.000,0.000,-89.954,2.226,1.152,0.095,-0.797,-0.604,0.000,0.000,0.000,2.204,1.073,0.095,-0.991,0.137,0.000,0.000,False,False
26.412,1.454,0.953,-0.014,0.000,-0.707,0.000,-0.707,179.977,1.454,0.953,0.122,-0.267,-0.655,0.267,-0.655,-45.656,1.751,1.257,0.002,-0.548,-0.447,0.548,-0.447,57.303,2.135,1.178,0.002,-0.564,-0.427,0.564,-0.427,-85.944,2.135,1.178,0.095,-0.797,-0.604,0.000,0.000,-89.954,2.226,1.152,0.095,-0.797,-0.604,0.000,0.000,0.000,2.204,1.073,0.095,-0.991,0.137,0.000,0.000,False,False
26.517,1.454,0.953,-0.014,0.000,-0.707,0.000,-0.707,179.977,1.454,0.953,0.122,-0.267,-0.655,0.267,-0.655,-45.656,1.751,1.257,0.002,-0.548,-0.447,0.548,-0.447,57.303,2.135,1.178,0.002,-0.564,-0.427,0.564,-0.427,-85.944,2.135,1.178,0.095,-0.797,-0.604,0.000,0.000,-89.954,2.226,1.152,0.095,-0.797,-0.604,0.000,0.000,0.000,2.204,1.073,0.095,-0.991,0.137,0.000,0.000,False,False
26.617,1.454,0.953,-0.014,0.000,-0.707,0.000,-0.707,179.977,1.454,0.953,0.122,-0.267,-0.655,0.267,-0.655,-45.656,1.751,1.257,0.002,-0.548,-0.447,0.548,-0.447,57.303,2.135,1.178,0.002,-0.564,-0.427,0.564,-0.427,-85.944,2.135,1.178,0.095,-0.797,-0.604,0.000,0.000,-89.954,2.226,1.152,0.095,-0.797,-0.604,0.000,0.000,0.000,2.204,1.073,0.095,-0.991,0.137,0.000,0.000,False,False
26.722,1.454,0.953,-0.014,0.000,-0.707,0.000,-0.707,179.977,1.454,0.953,0.122,-0.267,-0.655,0.267,-0.655,-45.656,1.751,1.257,0.002,-0.548,-0.447,0.548,-0.447,57.303,2.135,1.178,0.002,-0.564,-0.427,0.564,-0.427,-85.944,2.135,1.178,0.095,-0.797,-0.604,0.000,0.000,-89.954,2.226,1.152,0.095,-0.797,-0.604,0.000,0.000,0.000,2.204,1.073,0.095,-0.991,0.137,0.000,0.000,False,False
26.826,1.454,0.953,-0.014,0.000,-0.707,0.000,-0.707,179.977,1.454,0.953,0.122,-0.267,-0.655,0.267,-0.655,-45.656,1.751,1.257,0.002,-0.548,-0.447,0.548,-0.447,57.303,2.135,1.178,0.002,-0.564,-0.427,0.564,-0.427,-85.944,2.135,1.178,0.095,-0.797,-0.604,0.000,0.000,-89.954,2.226,1.152,0.095,-0.797,-0.604,0.000,0.000,0.000,2.204,1.073,0.095,-0.991,0.137,0.000,0.000,False,False
26.931,1.454,0.953,-0.014,0.000,-0.707,0.000,-0.707,179.977,1.454,0.953,0.122,-0.267,-0.655,0.267,-0.655,-45.656,1.751,1.257,0.002,-0.548,-0.447,0.548,-0.447,57.303,2.135,1.178,0.002,-0.564,-0.427,0.564,-0.427,-85.944,2.135,1.178,0.095,-0.797,-0.604,0.000,0.000,-89.954,2.226,1.152,0.095,-0.797,-0.604,0.000,0.000,0.000,2.204,1.073,0.095,-0.991,0.137,0.000,0.000,False,False
27.036,1.454,0.953,-0.014,0.000,-0.707,0.000,-0.707,179.977,1.454,0.953,0.122,-0.267,-0.655,0.267,-0.655,-45.656,1.751,1.257,0.002,-0.548,-0.447,0.548,-0.447,57.303,2.135,1.178,0.002,-0.564,-0.427,0.564,-0.427,-85.944,2.135,1.178,0.095,-0.797,-0.604,0.000,0.000,-89.954,2.226,1.152,0.095,-0.797,-0.604,0.000,0.000,0.000,2.204,1.073,0.095,-0.991,0.137,0.000,0.000,False,False
27.142,1.454,0.953,-0.014,0.000,-0.707,0.000,-0.707,179.977,1.454,0.953,0.122,-0.267,-0.655,0.267,-0.655,-45.656,1.751,1.257,0.002,-0.548,-0.447,0.548,-0.447,57.303,2.135,1.178,0.002,-0.564,-0.427,0.564,-0.427,-85.944,2.135,1.178,0.095,-0.797,-0.604,0.000,0.000,-89.954,2.226,1.152,0.095,-0.797,-0.604,0.000,0.000,0.000,2.204,1.073,0.095,-0.991,0.137,0.000,0.000,False,False
27.246,1.454,0.953,-0.014,0.000,-0.707,0.000,-0.707,179.977,1.454,0.953,0.122,-0.267,-0.655,0.267,-0.655,-45.656,1.751,1.257,0.002,-0.548,-0.447,0.548,-0.447,57.303,2.135,1.178,0.002,-0.564,-0.427,0.564,-0.427,-85.944,2.135,1.178,0.095,-0.797,-0.604,0.000,0.000,-89.954,2.226,1.152,0.095,-0.797,-0.604,0.000,0.000,0.000,2.204,1.073,0.095,-0.991,0.137,0.000,0.000,False,False
27.348,1.454,0.953,-0.014,0.000,-0.784,0.000,-0.621,166.765,1.485,0.953,0.118,-0.067,-0.779,0.085,-0.617,-77.574,1.547,1.368,-0.019,-0.607,-0.167,0.766,-0.132,142.944,1.706,1.012,-0.057,-0.455,-0.534,0.574,-0.423,-151.191,1.727,1.012,0.034,-0.728,-0.676,0.084,0.078,-89.998,1.819,1.005,0.012,-0.616,-0.580,-0.358,-0.394,-77.546,1.813,0.923,0.014,-0.846,0.026,-0.532,-0.026,False,False
27.451,1.454,0.953,-0.014,0.000,-1.000,0.000,-0.016,91.852,1.590,0.953,-0.010,0.000,-1.000,0.015,-0.016,-88.271,1.471,1.378,-0.026,-0.016,-0.224,0.974,-0.004,152.373,1.476,1.025,-0.198,-0.011,-0.711,0.703,-0.011,-154.745,1.569,1.025,-0.195,-0.505,-0.511,0.489,0.495,-89.997,1.572,1.026,-0.289,-0.705,-0.706,0.044,0.052,-80.306,1.572,0.944,-0.290,-0.998,-0.001,0.068,0.006,False,False
27.554,1.454,0.953,-0.014,0.000,-0.789,0.000,0.614,14.272,1.487,0.953,-0.146,0.005,-0.789,0.006,0.614,-89.142,1.452,1.378,-0.031,0.597,-0.182,0.768,0.141,152.554,1.282,1.027,-0.075,0.429,-0.565,0.552,0.439,-154.751,1.305,1.027,-0.165,-0.087,-0.089,0.693,0.710,-89.975,1.213,1.030,-0.188,-0.524,-0.515,0.473,0.487,-80.307,1.211,0.947,-0.188,-0.735,0.006,0.678,0.010,False,False
27.660,1.454,0.953,-0.014,0.000,-0.229,0.000,0.973,-63.480,1.332,0.953,-0.075,0.007,-0.229,0.002,0.973,-89.201,1.437,1.378,-0.016,0.947,-0.053,0.223,0.224,152.559,1.358,1.028,0.141,0.680,-0.164,0.160,0.697,-154.751,1.275,1.028,0.100,0.368,0.376,0.594,0.609,-89.972,1.233,1.030,0.185,-0.112,-0.095,0.697,0.702,-80.308,1.232,0.948,0.186,-0.146,0.011,0.989,0.004,False,False
27.760,1.454,0.953,-0.014,0.000,0.494,0.000,0.869,-149.226,1.384,0.953,0.103,0.012,0.494,-0.007,0.869,-88.389,1.456,1.378,0.006,0.847,0.111,-0.481,0.196,152.373,1.604,1.025,0.094,0.611,0.352,-0.347,0.619,-154.754,1.556,1.025,0.174,0.677,0.686,0.186,0.189,-89.994,1.638,1.027,0.222,0.396,0.405,0.585,0.581,-80.286,1.639,0.944,0.223,0.566,0.006,0.824,-0.003,False,False
27.866,1.454,0.953,-0.014,0.000,0.641,0.000,0.768,-169.724,1.430,0.953,0.120,0.016,0.641,-0.014,0.767,-87.574,1.469,1.378,0.005,0.749,0.140,-0.625,0.168,152.273,1.634,1.023,0.035,0.542,0.453,-0.453,0.543,-154.764,1.617,1.023,0.127,0.704,0.705,0.063,0.063,-89.999,1.710,1.023,0.143,0.497,0.498,0.503,0.502,-80.273,1.710,0.941,0.143,0.704,0.000,0.710,0.000,False,False
27.968,1.454,0.953,-0.014,0.000,0.645,0.000,0.764,-170.277,1.431,0.953,0.120,0.017,0.644,-0.014,0.764,-87.501,1.470,1.378,0.005,0.746,0.141,-0.629,0.167,152.268,1.634,1.023,0.033,0.541,0.456,-0.456,0.541,-154.765,1.619,1.023,0.125,0.705,0.705,0.060,0.060,-89.999,1.712,1.023,0.141,0.500,0.500,0.500,0.500,-80.273,1.712,0.941,0.141,0.707,0.000,0.707,0.000,False,False
28.072,1.454,0.953,-0.014,0.000,0.645,0.000,0.764,-170.288,1.431,0.953,0.120,0.017,0.645,-0.014,0.764,-87.494,1.470,1.378,0.005,0.746,0.141,-0.629,0.167,152.268,1.634,1.023,0.033,0.541,0.456,-0.456,0.540,-154.765,1.619,1.023,0.125,0.705,0.705,0.060,0.060,-89.999,1.712,1.023,0.141,0.500,0.500,0.500,0.500,-80.273,1.712,0.941,0.141,0.707,0.000,0.707,0.000,False,False
28.177,1.454,0.953,-0.014,0.000,0.645,0.000,0.764,-170.288,1.431,0.953,0.120,0.017,0.645,-0.014,0.764,-87.494,1.470,1.378,0.005,0.746,0.141,-0.629,0.167,152.268,1.634,1.023,0.033,0.541,0.456,-0.456,0.540,-154.765,1.619,1.023,0.125,0.705,0.705,0.060,0.060,-89.999,1.712,1.023,0.141,0.500,0.500,0.500,0.500,-80.273,1.712,0.941,0.141,0.707,0.000,0.707,0.000,False,False
28.278,1.454,0.953,-0.014,0.000,0.645,0.000,0.764,-170.288,1.431,0.953,0.120,0.017,0.645,-0.014,0.764,-87.494,1.470,1.378,0.005,0.746,0.141,-0.629,0.167,152.268,1.634,1.023,0.033,0.541,0.456,-0.456,0.540,-154.765,1.619,1.023,0.125,0.705,0.705,0.060,0.060,-89.999,1.712,1.023,0.141,0.500,0.500,0.500,0.500,-80.273,1.712,0.941,0.141,0.707,0.000,0.707,0.000,False,False
28.382,1.454,0.953,-0.014,0.000,0.645,0.000,0.764,-170.288,1.431,0.953,0.120,0.017,0.645,-0.014,0.764,-87.494,1.470,1.378,0.005,0.746,0.141,-0.629,0.167,152.268,1.634,1.023,0.033,0.541,0.456,-0.456,0.540,-154.765,1.619,1.023,0.125,0.705,0.705,0.060,0.060,-89.999,1.712,1.023,0.141,0.500,0.500,0.500,0.500,-80.273,1.712,0.941,0.141,0.707,0.000,0.707,0.000,False,False
28.487,1.454,0.953,-0.014,0.000,0.645,0.000,0.764,-170.288,1.431,0.953,0.120,0.017,0.645,-0.014,0.764,-87.494,1.470,1.378,0.005,0.746,0.141,-0.629,0.167,152.268,1.634,1.023,0.033,0.541,0.456,-0.456,0.540,-154.765,1.619,1.023,0.125,0.705,0.705,0.060,0.060,-89.999,1.712,1.023,0.141,0.500,0.500,0.500,0.500,-80.273,1.712,0.941,0.141,0.707,0.000,0.707,0.000,False,False
28.589,1.454,0.953,-0.014,0.000,0.645,0.000,0.764,-170.288,1.431,0.953,0.120,0.017,0.645,-0.014,0.764,-87.494,1.470,1.378,0.005,0.746,0.141,-0.629,0.167,152.268,1.634,1.023,0.033,0.541,0.456,-0.456,0.540,-154.765,1.619,1.023,0.125,0.705,0.705,0.060,0.060,-89.999,1.712,1.023,0.141,0.500,0.500,0.500,0.500,-80.273,1.712,0.941,0.141,0.707,0.000,0.707,0.000,False,False
28.690,1.454,0.953,-0.014,0.000,0.645,0.000,0.764,-170.288,1.431,0.953,0.120,0.017,0.645,-0.014,0.764,-87.494,1.470,1.378,0.005,0.746,0.141,-0.629,0.167,152.268,1.634,1.023,0.033,0.541,0.456,-0.456,0.540,-154.765,1.619,1.023,0.125,0.705,0.705,0.060,0.060,-89.999,1.712,1.023,0.141,0.500,0.500,0.500,0.500,-80.273,1.712,0.941,0.141,0.707,0.000,0.707,0.000,False,False
28.790,1.454,0.953,-0.014,0.000,0.645,0.000,0.764,-170.288,1.431,0.953,0.120,0.017,0.645,-0.014,0.764,-87.494,1.470,1.378,0.005,0.746,0.141,-0.629,0.167,152.268,1.634,1.023,0.033,0.541,0.456,-0.456,0.540,-154.765,1.619,1.023,0.125,0.705,0.705,0.060,0.060,-89.999,1.712,1.023,0.141,0.500,0.500,0.500,0.500,-80.273,1.712,0.941,0.141,0.707,0.000,0.707,0.000,False,False
28.896,1.454,0.953,-0.014,0.000,0.645,0.000,0.764,-170.288,1.431,0.953,0.120,0.017,0.645,-0.014,0.764,-87.494,1.470,1.378,0.005,0.746,0.141,-0.629,0.167,152.268,1.634,1.023,0.033,0.541,0.456,-0.456,0.540,-154.765,1.619,1.023,0.125,0.705,0.705,0.060,0.060,-89.999,1.712,1.023,0.141,0.500,0.500,0.500,0.500,-80.273,1.712,0.941,0.141,0.707,0.000,0.707,0.000,True,False
28.999,1.454,0.953,-0.014,0.000,0.645,0.000,0.764,-170.288,1.431,0.953,0.120,0.017,0.645,-0.014,0.764,-87.494,1.470,1.378,0.005,0.746,0.141,-0.629,0.167,152.268,1.634,1.023,0.033,0.541,0.456,-0.456,0.540,-154.765,1.619,1.023,0.125,0.705,0.705,0.060,0.060,-89.999,1.712,1.023,0.141,0.500,0.500,0.500,0.500,-80.273,1.712,0.941,0.141,0.707,0.000,0.707,0.000,True,False
29.105,1.454,0.953,-0.014,0.000,0.645,0.000,0.764,-170.288,1.431,0.953,0.120,0.017,0.645,-0.014,0.764,-87.494,1.470,1.378,0.005,0.746,0.141,-0.629,0.167,152.268,1.634,1.023,0.033,0.541,0.456,-0.456,0.540,-154.765,1.619,1.023,0.125,0.705,0.705,0.060,0.060,-89.999,1.712,1.023,0.141,0.500,0.500,0.500,0.500,-80.273,1.712,0.941,0.141,0.707,0.000,0.707,0.000,True,False
29.209,1.454,0.953,-0.014,0.000,0.645,0.000,0.764,-170.288,1.431,0.953,0.120,0.017,0.645,-0.014,0.764,-87.494,1.470,1.378,0.005,0.746,0.141,-0.629,0.167,152.268,1.634,1.023,0.033,0.541,0.456,-0.456,0.540,-154.765,1.619,1.023,0.125,0.705,0.705,0.060,0.060,-89.999,1.712,1.023,0.141,0.500,0.500,0.500,0.500,-80.273,1.712,0.941,0.141,0.707,0.000,0.707,0.000,True,False
29.314,1.454,0.953,-0.014,0.000,0.645,0.000,0.764,-170.288,1.431,0.953,0.120,0.017,0.645,-0.014,0.764,-87.494,1.470,1.378,0.005,0.746,0.141,-0.629,0.167,152.268,1.634,1.023,0.033,0.541,0.456,-0.456,0.540,-154.765,1.619,1.023,0.125,0.705,0.705,0.060,0.060,-89.999,1.712,1.023,0.141,0.500,0.500,0.500,0.500,-80.273,1.712,0.941,0.141,0.707,0.000,0.707,0.000,True,False
29.415,1.454,0.953,-0.014,0.000,0.645,0.000,0.764,-170.288,1.431,0.953,0.120,0.017,0.645,-0.014,0.764,-87.494,1.470,1.378,0.005,0.746,0.141,-0.629,0.167,152.268,1.634,1.023,0.033,0.541,0.456,-0.456,0.540,-154.765,1.619,1.023,0.125,0.705,0.705,0.060,0.060,-89.999,1.712,1.023,0.141,0.500,0.500,0.500,0.500,-80.273,1.712,0.941,0.141,0.707,0.000,0.707,0.000,True,False
29.516,1.454,0.953,-0.014,0.000,0.645,0.000,0.764,-170.288,1.431,0.953,0.120,0.017,0.645,-0.014,0.764,-87.494,1.470,1.378,0.005,0.746,0.141,-0.629,0.167,152.268,1.634,1.023,0.033,0.541,0.456,-0.456,0.540,-154.765,1.619,1.023,0.125,0.705,0.705,0.060,0.060,-89.999,1.712,1.023,0.141,0.500,0.500,0.500,0.500,-80.273,1.712,0.941,0.141,0.707,0.000,0.707,0.000,True,False
29.617,1.454,0.953,-0.014,0.000,0.645,0.000,0.764,-170.288,1.431,0.953,0.120,0.017,0.645,-0.014,0.764,-87.494,1.470,1.378,0.005,0.746,0.141,-0.629,0.167,152.268,1.634,1.023,0.033,0.541,0.456,-0.456,0.540,-154.765,1.619,1.023,0.125,0.705,0.705,0.060,0.060,-89.999,1.712,1.023,0.141,0.500,0.500,0.500,0.500,-80.273,1.712,0.941,0.141,0.707,0.000,0.707,0.000,True,False
29.723,1.454,0.953,-0.014,0.000,0.645,0.000,0.764,-170.288,1.431,0.953,0.120,0.017,0.645,-0.014,0.764,-87.494,1.470,1.378,0.005,0.746,0.141,-0.629,0.167,152.268,1.634,1.023,0.033,0.541,0.456,-0.456,0.540,-154.765,1.619,1.023,0.125,0.705,0.705,0.060,0.060,-89.999,1.712,1.023,0.141,0.500,0.500,0.500,0.500,-80.273,1.712,0.941,0.141,0.707,0.000,0.707,0.000,True,False
29.825,1.454,0.953,-0.014,0.000,0.645,0.000,0.764,-170.288,1.431,0.953,0.120,0.017,0.645,-0.014,0.764,-87.494,1.470,1.378,0.005,0.746,0.141,-0.629,0.167,152.268,1.634,1.023,0.033,0.541,0.456,-0.456,0.540,-154.765,1.619,1.023,0.125,0.705,0.705,0.060,0.060,-89.999,1.712,1.023,0.141,0.500,0.500,0.500,0.500,-80.273,1.712,0.941,0.141,0.707,0.000,0.707,0.000,True,False
29.932,1.454,0.953,-0.014,0.000,0.645,0.000,0.764,-170.288,1.431,0.953,0.120,0.017,0.645,-0.014,0.764,-87.494,1.470,1.378,0.005,0.746,0.141,-0.629,0.167,152.268,1.634,1.023,0.033,0.541,0.456,-0.456,0.540,-154.765,1.619,1.023,0.125,0.705,0.705,0.060,0.060,-89.999,1.712,1.023,0.141,0.500,0.500,0.500,0.500,-80.273,1.712,0.941,0.141,0.707,0.000,0.707,0.000,True,False
30.033,1.454,0.953,-0.014,0.000,0.645,0.000,0.764,-170.288,1.431,0.953,0.120,0.017,0.645,-0.014,0.764,-87.494,1.470,1.378,0.005,0.746,0.141,-0.629,0.167,152.268,1.634,1.023,0.033,0.541,0.456,-0.456,0.540,-154.765,1.619,1.023,0.125,0.705,0.705,0.060,0.060,-89.999,1.712,1.023,0.141,0.500,0.500,0.500,0.500,-80.273,1.712,0.941,0.141,0.707,0.000,0.707,0.000,True,False
30.135,1.454,0.953,-0.014,0.000,0.645,0.000,0.764,-170.288,1.431,0.953,0.120,0.017,0.645,-0.014,0.764,-87.494,1.470,1.378,0.005,0.746,0.141,-0.629,0.167,152.268,1.634,1.023,0.033,0.541,0.456,-0.456,0.540,-154.765,1.619,1.023,0.125,0.705,0.705,0.060,0.060,-89.999,1.712,1.023,0.141,0.500,0.500,0.500,0.500,-80.273,1.712,0.941,0.141,0.707,0.000,0.707,0.000,True,False
30.237,1.454,0.953,-0.014,0.000,0.645,0.000,0.764,-170.288,1.431,0.953,0.120,0.017,0.645,-0.014,0.764,-87.494,1.470,1.378,0.005,0.746,0.141,-0.629,0.167,152.268,1.634,1.023,0.033,0.541,0.456,-0.456,0.540,-154.765,1.619,1.023,0.125,0.705,0.705,0.060,0.060,-89.999,1.712,1.023,0.141,0.500,0.500,0.500,0.500,-80.273,1.712,0.941,0.141,0.707,0.000,0.707,0.000,True,False
30.339,1.454,0.953,-0.014,0.000,0.645,0.000,0.764,-170.288,1.431,0.953,0.120,0.017,0.645,-0.014,0.764,-87.494,1.470,1.378,0.005,0.746,0.141,-0.629,0.167,152.268,1.634,1.023,0.033,0.541,0.456,-0.456,0.540,-154.765,1.619,1.023,0.125,0.705,0.705,0.060,0.060,-89.999,1.712,1.023,0.141,0.500,0.500,0.500,0.500,-80.273,1.712,0.941,0.141,0.707,0.000,0.707,0.000,True,False
30.442,1.454,0.953,-0.014,0.000,0.645,0.000,0.764,-170.321,1.431,0.953,0.120,0.098,0.640,-0.082,0.758,-75.308,1.558,1.364,0.020,0.760,0.065,-0.642,0.077,153.766,1.635,0.980,0.033,0.530,0.465,-0.447,0.551,-170.684,1.619,0.980,0.125,0.691,0.718,0.058,0.061,-90.000,1.713,0.984,0.141,0.489,0.511,0.508,0.492,-80.264,1.716,0.901,0.141,0.707,0.016,0.707,-0.011,True,True
30.548,1.454,0.953,-0.014,0.000,0.644,0.000,0.765,-170.145,1.431,0.953,0.120,0.091,0.639,-0.077,0.760,-76.271,1.551,1.366,0.019,0.761,0.069,-0.640,0.082,153.956,1.633,0.983,0.033,0.524,0.469,-0.441,0.558,-171.227,1.617,0.983,0.125,0.682,0.726,0.062,0.059,-90.574,1.710,0.989,0.141,0.484,0.516,0.515,0.484,-80.051,1.715,0.906,0.141,0.707,0.022,0.706,-0.022,True,True
30.653,1.454,0.953,-0.014,0.000,0.644,0.000,0.765,-170.145,1.431,0.953,0.120,0.091,0.639,-0.077,0.760,-76.271,1.551,1.366,0.019,0.761,0.069,-0.640,0.082,153.956,1.633,0.983,0.033,0.524,0.469,-0.441,0.558,-171.226,1.617,0.983,0.125,0.682,0.726,0.062,0.059,-90.574,1.710,0.989,0.141,0.484,0.516,0.515,0.484,-80.051,1.715,0.906,0.141,0.707,0.022,0.706,-0.022,True,True
30.754,1.454,0.953,-0.014,0.000,0.644,0.000,0.765,-170.145,1.431,0.953,0.120,0.091,0.639,-0.077,0.760,-76.271,1.551,1.366,0.019,0.761,0.069,-0.640,0.082,153.956,1.633,0.983,0.033,0.524,0.469,-0.441,0.558,-171.226,1.617,0.983,0.125,0.682,0.726,0.062,0.059,-90.574,1.710,0.989,0.141,0.484,0.516,0.515,0.484,-80.051,1.715,0.906,0.141,0.707,0.022,0.706,-0.022,True,True
30.855,1.454,0.953,-0.014,0.000,0.644,0.000,0.765,-170.145,1.431,0.953,0.120,0.091,0.639,-0.077,0.760,-76.271,1.551,1.366,0.019,0.761,0.069,-0.640,0.082,153.956,1.633,0.983,0.033,0.524,0.469,-0.441,0.558,-171.226,1.617,0.983,0.125,0.682,0.726,0.062,0.059,-90.574,1.710,0.989,0.141,0.484,0.516,0.515,0.484,-80.051,1.715,0.906,0.141,0.707,0.022,0.706,-0.022,True,True
30.957,1.454,0.953,-0.014,0.000,0.644,0.000,0.765,-170.145,1.431,0.953,0.120,0.091,0.639,-0.077,0.760,-76.271,1.551,1.366,0.019,0.761,0.069,-0.640,0.082,153.956,1.633,0.983,0.033,0.524,0.469,-0.441,0.558,-171.226,1.617,0.983,0.125,0.682,0.726,0.062,0.059,-90.574,1.710,0.989,0.141,0.484,0.516,0.515,0.484,-80.051,1.715,0.906,0.141,0.707,0.022,0.706,-0.022,True,True
31.059,1.454,0.953,-0.014,0.000,0.644,0.000,0.765,-170.145,1.431,0.953,0.120,0.091,0.639,-0.077,0.760,-76.271,1.551,1.366,0.019,0.761,0.069,-0.640,0.082,153.956,1.633,0.983,0.033,0.524,0.469,-0.441,0.558,-171.226,1.617,0.983,0.125,0.682,0.726,0.062,0.059,-90.574,1.710,0.989,0.141,0.484,0.516,0.515,0.484,-80.051,1.715,0.906,0.141,0.707,0.022,0.706,-0.022,True,True
31.160,1.454,0.953,-0.014,0.000,0.644,0.000,0.765,-170.145,1.431,0.953,0.120,0.091,0.639,-0.077,0.760,-76.271,1.551,1.366,0.019,0.761,0.069,-0.640,0.082,153.956,1.633,0.983,0.033,0.524,0.469,-0.441,0.558,-171.226,1.617,0.983,0.125,0.682,0.726,0.062,0.059,-90.574,1.710,0.989,0.141,0.484,0.516,0.515,0.484,-80.051,1.715,0.906,0.141,0.707,0.022,0.706,-0.022,True,True
31.262,1.454,0.953,-0.014,0.000,0.644,0.000,0.765,-170.145,1.431,0.953,0.120,0.091,0.639,-0.077,0.760,-76.271,1.551,1.366,0.019,0.761,0.069,-0.640,0.082,153.956,1.633,0.983,0.033,0.524,0.469,-0.441,0.558,-171.226,1.617,0.983,0.125,0.682,0.726,0.062,0.059,-90.574,1.710,0.989,0.141,0.484,0.516,0.515,0.484,-80.051,1.715,0.906,0.141,0.707,0.022,0.706,-0.022,True,True
31.370,1.454,0.953,-0.014,0.000,0.644,0.000,0.765,-170.145,1.431,0.953,0.120,0.091,0.639,-0.077,0.760,-76.271,1.551,1.366,0.019,0.761,0.069,-0.640,0.082,153.956,1.633,0.983,0.033,0.524,0.469,-0.441,0.558,-171.226,1.617,0.983,0.125,0.682,0.726,0.062,0.059,-90.574,1.710,0.989,0.141,0.484,0.516,0.515,0.484,-80.051,1.715,0.906,0.141,0.707,0.022,0.706,-0.022,True,True
31.471,1.454,0.953,-0.014,0.000,0.644,0.000,0.765,-170.145,1.431,0.953,0.120,0.091,0.639,-0.077,0.760,-76.271,1.551,1.366,0.019,0.761,0.069,-0.640,0.082,153.956,1.633,0.983,0.033,0.524,0.469,-0.441,0.558,-171.226,1.617,0.983,0.125,0.682,0.726,0.062,0.059,-90.574,1.710,0.989,0.141,0.484,0.516,0.515,0.484,-80.052,1.715,0.906,0.141,0.707,0.022,0.706,-0.022,True,True
31.572,1.454,0.953,-0.014,0.000,0.644,0.000,0.765,-170.145,1.431,0.953,0.120,0.091,0.639,-0.077,0.760,-76.271,1.551,1.366,0.019,0.761,0.069,-0.640,0.082,153.956,1.633,0.983,0.033,0.524,0.469,-0.441,0.558,-171.226,1.617,0.983,0.125,0.682,0.726,0.062,0.059,-90.574,1.710,0.989,0.141,0.484,0.516,0.515,0.484,-80.051,1.715,0.906,0.141,0.707,0.022,0.706,-0.022,True,True
31.678,1.454,0.953,-0.014,0.000,0.644,0.000,0.765,-170.145,1.431,0.953,0.120,0.091,0.639,-0.077,0.760,-76.271,1.551,1.366,0.019,0.761,0.069,-0.640,0.082,153.956,1.633,0.983,0.033,0.524,0.469,-0.441,0.558,-171.226,1.617,0.983,0.125,0.682,0.726,0.062,0.059,-90.574,1.710,0.989,0.141,0.484,0.516,0.515,0.484,-80.051,1.715,0.906,0.141,0.707,0.022,0.706,-0.022,True,True
31.784,1.454,0.953,-0.014,0.000,0.644,0.000,0.765,-170.145,1.431,0.953,0.120,0.091,0.639,-0.077,0.760,-76.271,1.551,1.366,0.019,0.761,0.069,-0.640,0.082,153.956,1.633,0.983,0.033,0.524,0.469,-0.441,0.558,-171.226,1.617,0.983,0.125,0.682,0.726,0.062,0.059,-90.574,1.710,0.989,0.141,0.484,0.516,0.515,0.484,-80.051,1.715,0.906,0.141,0.707,0.022,0.706,-0.022,True,True
31.896,1.454,0.953,-0.014,0.000,0.645,0.000,0.764,-170.332,1.431,0.953,0.120,0.060,0.643,-0.051,0.762,-80.985,1.517,1.373,0.013,0.755,0.102,-0.637,0.120,152.845,1.637,1.000,0.034,0.556,0.443,-0.469,0.525,-158.590,1.622,1.000,0.125,0.724,0.684,0.063,0.057,-90.202,1.715,0.995,0.141,0.517,0.483,0.489,0.510,-80.234,1.710,0.913,0.140,0.707,-0.024,0.706,0.015,True,True
31.998,1.454,0.953,-0.014,0.000,0.644,0.000,0.765,-170.253,1.431,0.953,0.120,0.020,0.644,-0.017,0.764,-86.945,1.474,1.378,0.006,0.747,0.138,-0.630,0.163,152.291,1.635,1.021,0.033,0.544,0.453,-0.458,0.538,-154.727,1.619,1.021,0.125,0.708,0.701,0.060,0.060,-90.001,1.712,1.020,0.141,0.503,0.497,0.498,0.502,-80.264,1.712,0.938,0.141,0.707,-0.004,0.707,0.003,True,True
32.101,1.454,0.953,-0.014,0.000,0.645,0.000,0.764,-170.276,1.431,0.953,0.120,0.017,0.644,-0.014,0.764,-87.503,1.470,1.378,0.005,0.746,0.141,-0.629,0.167,152.262,1.634,1.023,0.033,0.541,0.456,-0.456,0.540,-154.719,1.619,1.023,0.125,0.705,0.704,0.060,0.060,-90.000,1.712,1.023,0.141,0.500,0.500,0.500,0.500,-80.264,1.712,0.941,0.141,0.707,0.000,0.707,0.000,True,True
32.211,1.454,0.953,-0.014,0.000,0.645,0.000,0.764,-170.278,1.431,0.953,0.120,0.016,0.644,-0.014,0.764,-87.531,1.469,1.378,0.005,0.746,0.141,-0.629,0.167,152.263,1.634,1.023,0.033,0.541,0.456,-0.456,0.541,-154.719,1.619,1.023,0.125,0.705,0.704,0.060,0.060,-90.000,1.712,1.023,0.141,0.500,0.500,0.500,0.500,-80.264,1.712,0.941,0.141,0.707,0.000,0.707,0.000,True,True
32.315,1.454,0.953,-0.014,0.000,0.645,0.000,0.764,-170.278,1.431,0.953,0.120,0.016,0.644,-0.014,0.764,-87.533,1.469,1.378,0.005,0.746,0.141,-0.629,0.167,152.263,1.634,1.023,0.033,0.541,0.456,-0.456,0.541,-154.719,1.619,1.023,0.125,0.705,0.704,0.060,0.060,-90.000,1.712,1.023,0.141,0.500,0.500,0.500,0.500,-80.264,1.712,0.941,0.141,0.707,0.000,0.707,0.000,True,True
32.417,1.454,0.953,-0.014,0.000,0.645,0.000,0.764,-170.278,1.431,0.953,0.120,0.016,0.644,-0.014,0.764,-87.533,1.469,1.378,0.005,0.746,0.141,-0.629,0.167,152.263,1.634,1.023,0.033,0.541,0.456,-0.456,0.541,-154.719,1.619,1.023,0.125,0.705,0.704,0.060,0.060,-90.000,1.712,1.023,0.141,0.500,0.500,0.500,0.500,-80.264,1.712,0.941,0.141,0.707,0.000,0.707,0.000,True,True
32.522,1.454,0.953,-0.014,0.000,0.645,0.000,0.764,-170.278,1.431,0.953,0.120,0.016,0.644,-0.014,0.764,-87.533,1.469,1.378,0.005,0.746,0.141,-0.629,0.167,152.263,1.634,1.023,0.033,0.541,0.456,-0.456,0.541,-154.719,1.619,1.023,0.125,0.705,0.704,0.060,0.060,-90.000,1.712,1.023,0.141,0.500,0.500,0.500,0.500,-80.264,1.712,0.941,0.141,0.707,0.000,0.707,0.000,True,True
32.629,1.454,0.953,-0.014,0.000,0.645,0.000,0.764,-170.278,1.431,0.953,0.120,0.016,0.644,-0.014,0.764,-87.533,1.469,1.378,0.005,0.746,0.141,-0.629,0.167,152.263,1.634,1.023,0.033,0.541,0.456,-0.456,0.541,-154.719,1.619,1.023,0.125,0.705,0.704,0.060,0.060,-90.000,1.712,1.023,0.141,0.500,0.500,0.500,0.500,-80.264,1.712,0.941,0.141,0.707,0.000,0.707,0.000,True,True
32.735,1.454,0.953,-0.014,0.000,0.645,0.000,0.764,-170.278,1.431,0.953,0.120,0.016,0.644,-0.014,0.764,-87.533,1.469,1.378,0.005,0.746,0.141,-0.629,0.167,152.263,1.634,1.023,0.033,0.541,0.456,-0.456,0.541,-154.719,1.619,1.023,0.125,0.705,0.704,0.060,0.060,-90.000,1.712,1.023,0.141,0.500,0.500,0.500,0.500,-80.264,1.712,0.941,0.141,0.707,0.000,0.707,0.000,True,True
32.841,1.454,0.953,-0.014,0.000,0.645,0.000,0.764,-170.278,1.431,0.953,0.120,0.016,0.644,-0.014,0.764,-87.533,1.469,1.378,0.005,0.746,0.141,-0.629,0.167,152.263,1.634,1.023,0.033,0.541,0.456,-0.456,0.541,-154.719,1.619,1.023,0.125,0.705,0.704,0.060,0.060,-90.000,1.712,1.023,0.141,0.500,0.500,0.500,0.500,-80.264,1.712,0.941,0.141,0.707,0.000,0.707,0.000,True,True
32.947,1.454,0.953,-0.014,0.000,0.645,0.000,0.764,-170.278,1.431,0.953,0.120,0.016,0.644,-0.014,0.764,-87.533,1.469,1.378,0.005,0.746,0.141,-0.629,0.167,152.263,1.634,1.023,0.033,0.541,0.456,-0.456,0.541,-154.719,1.619,1.023,0.125,0.705,0.704,0.060,0.060,-90.000,1.712,1.023,0.141,0.500,0.500,0.500,0.500,-80.264,1.712,0.941,0.141,0.707,0.000,0.707,0.000,True,True
33.051,1.454,0.953,-0.014,0.000,0.645,0.000,0.764,-170.278,1.431,0.953,0.120,0.016,0.644,-0.014,0.764,-87.533,1.469,1.378,0.005,0.746,0.141,-0.629,0.167,152.263,1.634,1.023,0.033,0.541,0.456,-0.456,0.541,-154.719,1.619,1.023,0.125,0.705,0.704,0.060,0.060,-90.000,1.712,1.023,0.141,0.500,0.500,0.500,0.500,-80.264,1.712,0.941,0.141,0.707,0.000,0.707,0.000,True,True
33.155,1.454,0.953,-0.014,0.000,0.645,0.000,0.764,-170.278,1.431,0.953,0.120,0.016,0.644,-0.014,0.764,-87.533,1.469,1.378,0.005,0.746,0.141,-0.629,0.167,152.263,1.634,1.023,0.033,0.541,0.456,-0.456,0.541,-154.719,1.619,1.023,0.125,0.705,0.704,0.060,0.060,-90.000,1.712,1.023,0.141,0.500,0.500,0.500,0.500,-80.264,1.712,0.941,0.141,0.707,0.000,0.707,0.000,True,True
33.260,1.454,0.953,-0.014,0.000,0.645,0.000,0.764,-170.278,1.431,0.953,0.120,0.016,0.644,-0.014,0.764,-87.533,1.469,1.378,0.005,0.746,0.141,-0.629,0.167,152.263,1.634,1.023,0.033,0.541,0.456,-0.456,0.541,-154.719,1.619,1.023,0.125,0.705,0.704,0.060,0.060,-90.000,1.712,1.023,0.141,0.500,0.500,0.500,0.500,-80.264,1.712,0.941,0.141,0.707,0.000,0.707,0.000,True,True
33.367,1.454,0.953,-0.014,0.000,0.645,0.000,0.764,-170.278,1.431,0.953,0.120,0.016,0.644,-0.014,0.764,-87.533,1.469,1.378,0.005,0.746,0.141,-0.629,0.167,152.263,1.634,1.023,0.033,0.541,0.456,-0.456,0.541,-154.719,1.619,1.023,0.125,0.705,0.704,0.060,0.060,-90.000,1.712,1.023,0.141,0.500,0.500,0.500,0.500,-80.264,1.712,0.941,0.141,0.707,0.000,0.707,0.000,True,True
33.470,1.454,0.953,-0.014,0.000,0.653,0.000,0.757,-171.590,1.434,0.953,0.120,-0.063,0.651,0.054,0.754,-99.513,1.382,1.372,-0.008,0.605,0.393,-0.522,0.456,115.511,1.755,1.264,0.047,0.347,-0.581,-0.300,-0.673,-250.587,1.742,1.264,0.139,0.457,-0.886,0.034,-0.065,-90.004,1.665,1.319,0.128,0.388,-0.692,-0.555,0.250,-81.748,1.712,1.386,0.135,-0.215,-0.764,-0.215,0.569,True,True
33.576,1.454,0.953,-0.014,0.000,0.658,0.000,0.753,-172.224,1.436,0.953,0.121,-0.111,0.650,0.097,0.745,-106.963,1.329,1.360,-0.015,-0.025,0.657,0.022,0.753,13.112,1.303,1.751,-0.018,0.746,-0.090,-0.651,-0.103,-250.500,1.290,1.751,0.074,0.988,-0.136,0.068,-0.009,-90.063,1.265,1.660,0.070,0.753,-0.147,-0.038,0.640,-81.750,1.186,1.682,0.060,0.429,-0.637,0.426,0.479,True,True
33.680,1.454,0.953,-0.014,0.000,0.656,0.000,0.755,-171.959,1.435,0.953,0.121,-0.285,0.607,0.248,0.699,-134.372,1.157,1.257,-0.040,-0.533,0.465,0.463,0.535,-45.363,0.769,1.259,-0.094,0.615,0.381,-0.534,0.438,-251.265,0.756,1.259,-0.002,0.812,0.579,0.057,0.041,-90.000,0.845,1.228,0.010,0.587,0.401,0.422,0.562,-81.750,0.818,1.150,0.006,0.699,-0.132,0.696,0.099,True,True
33.785,1.454,0.953,-0.014,0.000,0.655,0.000,0.756,-171.764,1.435,0.953,0.120,-0.393,0.559,0.341,0.646,-152.701,1.078,1.148,-0.052,-0.615,0.381,0.532,0.440,-46.180,0.711,1.021,-0.105,0.534,0.463,-0.462,0.535,-251.267,0.697,1.021,-0.013,0.704,0.706,0.051,0.051,-90.000,0.791,1.021,0.000,0.499,0.501,0.500,0.499,-81.750,0.791,0.939,0.000,0.707,0.001,0.707,-0.001,True,True
33.887,1.454,0.953,-0.014,0.000,0.654,0.000,0.756,-171.744,1.434,0.953,0.120,-0.394,0.559,0.341,0.646,-152.760,1.078,1.148,-0.052,-0.615,0.380,0.532,0.440,-46.155,0.711,1.021,-0.106,0.534,0.463,-0.462,0.536,-251.267,0.697,1.021,-0.014,0.704,0.706,0.051,0.051,-90.000,0.791,1.021,0.000,0.499,0.501,0.501,0.499,-81.750,0.791,0.939,0.000,0.707,0.001,0.707,-0.001,True,True
33.993,1.454,0.953,-0.014,0.000,0.654,0.000,0.756,-171.735,1.434,0.953,0.120,-0.394,0.559,0.341,0.646,-152.769,1.078,1.148,-0.052,-0.615,0.380,0.532,0.440,-46.154,0.711,1.020,-0.106,0.534,0.463,-0.462,0.536,-251.267,0.697,1.020,-0.014,0.704,0.706,0.051,0.051,-90.000,0.791,1.021,0.000,0.499,0.501,0.501,0.499,-81.750,0.791,0.938,0.000,0.707,0.001,0.707,-0.001,True,True
34.099,1.454,0.953,-0.014,0.000,0.654,0.000,0.756,-171.732,1.434,0.953,0.120,-0.394,0.559,0.341,0.646,-152.770,1.078,1.148,-0.052,-0.615,0.380,0.532,0.440,-46.154,0.711,1.020,-0.106,0.534,0.463,-0.462,0.536,-251.267,0.697,1.020,-0.014,0.704,0.706,0.051,0.051,-90.000,0.791,1.021,0.000,0.499,0.501,0.501,0.499,-81.750,0.791,0.938,0.000,0.707,0.001,0.707,-0.001,True,True
34.201,1.454,0.953,-0.014,0.000,0.654,0.000,0.756,-171.730,1.434,0.953,0.120,-0.394,0.559,0.341,0.646,-152.771,1.078,1.148,-0.052,-0.615,0.380,0.532,0.440,-46.154,0.711,1.020,-0.106,0.534,0.463,-0.462,0.536,-251.267,0.697,1.020,-0.014,0.704,0.706,0.051,0.051,-90.000,0.791,1.021,0.000,0.499,0.501,0.501,0.499,-81.750,0.791,0.938,0.000,0.707,0.001,0.707,-0.001,True,True
34.305,1.454,0.953,-0.014,0.000,0.654,0.000,0.756,-171.729,1.434,0.953,0.120,-0.394,0.559,0.341,0.646,-152.771,1.078,1.148,-0.052,-0.615,0.380,0.532,0.440,-46.154,0.711,1.020,-0.106,0.534,0.463,-0.462,0.536,-251.267,0.697,1.020,-0.014,0.704,0.706,0.051,0.051,-90.000,0.791,1.021,0.000,0.499,0.501,0.501,0.499,-81.750,0.791,0.938,0.000,0.707,0.001,0.707,-0.001,True,True
34.407,1.454,0.953,-0.014,0.000,0.654,0.000,0.756,-171.729,1.434,0.953,0.120,-0.394,0.559,0.341,0.646,-152.771,1.078,1.148,-0.052,-0.615,0.380,0.532,0.440,-46.154,0.711,1.020,-0.106,0.534,0.463,-0.462,0.536,-251.267,0.697,1.020,-0.014,0.704,0.706,0.051,0.051,-90.000,0.791,1.021,0.000,0.499,0.501,0.501,0.499,-81.750,0.791,0.938,0.000,0.707,0.001,0.707,-0.001,True,True
34.511,1.454,0.953,-0.014,0.000,0.654,0.000,0.756,-171.729,1.434,0.953,0.120,-0.394,0.559,0.341,0.646,-152.771,1.078,1.148,-0.052,-0.615,0.380,0.532,0.440,-46.154,0.711,1.020,-0.106,0.534,0.463,-0.462,0.536,-251.267,0.697,1.020,-0.014,0.704,0.706,0.051,0.051,-90.000,0.791,1.021,0.000,0.499,0.501,0.501,0.499,-81.750,0.791,0.938,0.000,0.707,0.001,0.707,-0.001,True,True
34.612,1.454,0.953,-0.014,0.000,0.654,0.000,0.756,-171.729,1.434,0.953,0.120,-0.394,0.559,0.341,0.646,-152.771,1.078,1.148,-0.052,-0.615,0.380,0.532,0.440,-46.154,0.711,1.020,-0.106,0.534,0.463,-0.462,0.536,-251.267,0.697,1.020,-0.014,0.704,0.706,0.051,0.051,-90.000,0.791,1.021,0.000,0.499,0.501,0.501,0.499,-81.750,0.791,0.938,0.000,0.707,0.001,0.707,-0.001,True,True
34.713,1.454,0.953,-0.014,0.000,0.654,0.000,0.756,-171.729,1.434,0.953,0.120,-0.394,0.559,0.341,0.646,-152.771,1.078,1.148,-0.052,-0.615,0.380,0.532,0.440,-46.154,0.711,1.020,-0.106,0.534,0.463,-0.462,0.536,-251.267,0.697,1.020,-0.014,0.704,0.706,0.051,0.051,-90.000,0.791,1.021,0.000,0.499,0.501,0.501,0.499,-81.750,0.791,0.938,0.000,0.707,0.001,0.707,-0.001,True,True
34.816,1.454,0.953,-0.014,0.000,0.654,0.000,0.756,-171.729,1.434,0.953,0.120,-0.394,0.559,0.341,0.646,-152.771,1.078,1.148,-0.052,-0.615,0.380,0.532,0.440,-46.154,0.711,1.020,-0.106,0.534,0.463,-0.462,0.536,-251.267,0.697,1.020,-0.014,0.704,0.706,0.051,0.051,-90.000,0.791,1.021,0.000,0.499,0.501,0.501,0.499,-81.750,0.791,0.938,0.000,0.707,0.001,0.707,-0.001,True,True
34.919,1.454,0.953,-0.014,0.000,0.654,0.000,0.756,-171.736,1.434,0.953,0.120,-0.399,0.556,0.345,0.643,-153.628,1.075,1.142,-0.053,-0.621,0.373,0.538,0.431,-46.847,0.711,1.005,-0.106,0.542,0.456,-0.469,0.527,-247.937,0.698,1.005,-0.014,0.715,0.695,0.052,0.050,-90.000,0.791,1.002,0.000,0.508,0.492,0.494,0.506,-81.752,0.789,0.920,0.000,0.707,-0.011,0.707,0.008,True,True
35.025,1.454,0.953,-0.014,0.000,0.654,0.000,0.756,-171.732,1.434,0.953,0.120,-0.411,0.549,0.356,0.635,-155.828,1.068,1.127,-0.054,-0.631,0.360,0.546,0.417,-47.309,0.711,0.973,-0.106,0.535,0.463,-0.463,0.535,-246.837,0.698,0.973,-0.014,0.705,0.705,0.051,0.051,-90.000,0.791,0.973,0.000,0.500,0.500,0.500,0.500,-81.752,0.791,0.891,0.000,0.707,0.000,0.707,0.000,True,True
35.125,1.454,0.953,-0.014,0.000,0.654,0.000,0.756,-171.732,1.434,0.953,0.120,-0.412,0.549,0.356,0.634,-156.016,1.067,1.126,-0.054,-0.632,0.360,0.547,0.416,-47.308,0.711,0.971,-0.106,0.534,0.463,-0.462,0.535,-246.836,0.698,0.971,-0.014,0.704,0.706,0.051,0.051,-90.000,0.791,0.971,0.000,0.499,0.501,0.501,0.499,-81.752,0.791,0.889,0.000,0.707,0.001,0.707,-0.001,True,True
35.229,1.454,0.953,-0.014,0.000,0.654,0.000,0.756,-171.732,1.434,0.953,0.120,-0.412,0.549,0.356,0.634,-156.030,1.067,1.126,-0.054,-0.632,0.360,0.547,0.416,-47.311,0.711,0.970,-0.106,0.534,0.463,-0.462,0.536,-246.836,0.698,0.970,-0.014,0.704,0.706,0.051,0.051,-90.000,0.791,0.971,0.000,0.499,0.501,0.501,0.499,-81.752,0.792,0.888,0.000,0.707,0.001,0.707,-0.001,True,True
35.331,1.454,0.953,-0.014,0.000,0.654,0.000,0.756,-171.733,1.434,0.953,0.120,-0.412,0.549,0.357,0.634,-156.031,1.067,1.126,-0.054,-0.632,0.360,0.547,0.416,-47.311,0.711,0.970,-0.106,0.534,0.463,-0.462,0.536,-246.836,0.698,0.970,-0.014,0.704,0.706,0.051,0.051,-90.000,0.791,0.971,0.000,0.499,0.501,0.501,0.499,-81.752,0.792,0.888,0.000,0.707,0.001,0.707,-0.001,True,True
35.431,1.454,0.953,-0.014,0.000,0.654,0.000,0.756,-171.733,1.434,0.953,0.120,-0.412,0.549,0.357,0.634,-156.031,1.067,1.126,-0.054,-0.632,0.360,0.547,0.416,-47.311,0.711,0.970,-0.106,0.534,0.463,-0.462,0.536,-246.836,0.698,0.970,-0.014,0.704,0.706,0.051,0.051,-90.000,0.791,0.971,0.000,0.499,0.501,0.501,0.499,-81.752,0.792,0.888,0.000,0.707,0.001,0.707,-0.001,True,True
35.533,1.454,0.953,-0.014,0.000,0.654,0.000,0.756,-171.733,1.434,0.953,0.120,-0.412,0.549,0.357,0.634,-156.031,1.067,1.126,-0.054,-0.632,0.360,0.547,0.416,-47.311,0.711,0.970,-0.106,0.534,0.463,-0.462,0.536,-246.836,0.698,0.970,-0.014,0.704,0.706,0.051,0.051,-90.000,0.791,0.971,0.000,0.499,0.501,0.501,0.499,-81.752,0.792,0.888,0.000,0.707,0.001,0.707,-0.001,True,True
35.633,1.454,0.953,-0.014,0.000,0.654,0.000,0.756,-171.733,1.434,0.953,0.120,-0.412,0.549,0.357,0.634,-156.031,1.067,1.126,-0.054,-0.632,0.360,0.547,0.416,-47.311,0.711,0.970,-0.106,0.534,0.463,-0.462,0.536,-246.836,0.698,0.970,-0.014,0.704,0.706,0.051,0.051,-90.000,0.791,0.971,0.000,0.499,0.501,0.501,0.499,-81.752,0.792,0.888,0.000,0.707,0.001,0.707,-0.001,True,True
35.739,1.454,0.953,-0.014,0.000,0.654,0.000,0.756,-171.733,1.434,0.953,0.120,-0.412,0.549,0.357,0.634,-156.031,1.067,1.126,-0.054,-0.632,0.360,0.547,0.416,-47.311,0.711,0.970,-0.106,0.534,0.463,-0.462,0.536,-246.836,0.698,0.970,-0.014,0.704,0.706,0.051,0.051,-90.000,0.791,0.971,0.000,0.499,0.501,0.501,0.499,-81.752,0.792,0.888,0.000,0.707,0.001,0.707,-0.001,True,True
35.845,1.454,0.953,-0.014,0.000,0.654,0.000,0.756,-171.733,1.434,0.953,0.120,-0.412,0.549,0.357,0.634,-156.031,1.067,1.126,-0.054,-0.632,0.360,0.547,0.416,-47.311,0.711,0.970,-0.106,0.534,0.463,-0.462,0.536,-246.836,0.698,0.970,-0.014,0.704,0.706,0.051,0.051,-90.000,0.791,0.971,0.000,0.499,0.501,0.501,0.499,-81.752,0.792,0.888,0.000,0.707,0.001,0.707,-0.001,True,True
35.946,1.454,0.953,-0.014,0.000,0.654,0.000,0.756,-171.733,1.434,0.953,0.120,-0.412,0.549,0.357,0.634,-156.031,1.067,1.126,-0.054,-0.632,0.360,0.547,0.416,-47.311,0.711,0.970,-0.106,0.534,0.463,-0.462,0.536,-246.836,0.698,0.970,-0.014,0.704,0.706,0.051,0.051,-90.000,0.791,0.971,0.000,0.499,0.501,0.501,0.499,-81.752,0.792,0.888,0.000,0.707,0.001,0.707,-0.001,True,True
36.048,1.454,0.953,-0.014,0.000,0.654,0.000,0.756,-171.733,1.434,0.953,0.120,-0.412,0.549,0.357,0.634,-156.031,1.067,1.126,-0.054,-0.632,0.360,0.547,0.416,-47.311,0.711,0.970,-0.106,0.534,0.463,-0.462,0.536,-246.836,0.698,0.970,-0.014,0.704,0.706,0.051,0.051,-90.000,0.791,0.971,0.000,0.499,0.501,0.501,0.499,-81.752,0.792,0.888,0.000,0.707,0.001,0.707,-0.001,True,True
36.153,1.454,0.953,-0.014,0.000,0.654,0.000,0.756,-171.733,1.434,0.953,0.120,-0.412,0.549,0.357,0.634,-156.031,1.067,1.126,-0.054,-0.632,0.360,0.547,0.416,-47.311,0.711,0.970,-0.106,0.534,0.463,-0.462,0.536,-246.836,0.698,0.970,-0.014,0.704,0.706,0.051,0.051,-90.000,0.791,0.971,0.000,0.499,0.501,0.501,0.499,-81.752,0.792,0.888,0.000,0.707,0.001,0.707,-0.001,True,True
36.256,1.454,0.953,-0.014,0.000,0.654,0.000,0.756,-171.733,1.434,0.953,0.120,-0.412,0.549,0.357,0.634,-156.031,1.067,1.126,-0.054,-0.632,0.360,0.547,0.416,-47.311,0.711,0.970,-0.106,0.534,0.463,-0.462,0.536,-246.836,0.698,0.970,-0.014,0.704,0.706,0.051,0.051,-90.000,0.791,0.971,0.000,0.499,0.501,0.501,0.499,-81.752,0.792,0.888,0.000,0.707,0.001,0.707,-0.001,True,True
36.357,1.454,0.953,-0.014,0.000,0.654,0.000,0.756,-171.733,1.434,0.953,0.120,-0.412,0.549,0.357,0.634,-156.031,1.067,1.126,-0.054,-0.632,0.360,0.547,0.416,-47.311,0.711,0.970,-0.106,0.534,0.463,-0.462,0.536,-246.836,0.698,0.970,-0.014,0.704,0.706,0.051,0.051,-90.000,0.791,0.971,0.000,0.499,0.501,0.501,0.499,-81.752,0.792,0.888,0.000,0.707,0.001,0.707,-0.001,True,True
36.458,1.454,0.953,-0.014,0.000,0.654,0.000,0.756,-171.730,1.434,0.953,0.120,-0.412,0.549,0.356,0.634,-155.974,1.068,1.126,-0.054,-0.632,0.360,0.546,0.416,-47.310,0.711,0.971,-0.106,0.534,0.463,-0.462,0.535,-246.836,0.698,0.971,-0.014,0.705,0.706,0.051,0.051,-90.000,0.791,0.971,0.000,0.499,0.500,0.501,0.500,-81.752,0.791,0.889,0.000,0.707,0.001,0.707,-0.001,False,False
36.562,1.454,0.953,-0.014,0.000,0.654,0.000,0.756,-171.731,1.434,0.953,0.120,-0.412,0.549,0.356,0.634,-156.010,1.067,1.126,-0.054,-0.632,0.360,0.547,0.416,-47.308,0.711,0.971,-0.106,0.534,0.463,-0.462,0.535,-246.836,0.698,0.971,-0.014,0.704,0.706,0.051,0.051,-90.000,0.791,0.971,0.000,0.499,0.501,0.501,0.500,-81.752,0.791,0.889,0.000,0.707,0.001,0.707,-0.001,False,False
36.662,1.454,0.953,-0.014,0.000,0.654,0.000,0.756,-171.731,1.434,0.953,0.120,-0.412,0.549,0.356,0.634,-156.010,1.067,1.126,-0.054,-0.632,0.360,0.547,0.416,-47.307,0.711,0.971,-0.106,0.534,0.463,-0.462,0.535,-246.836,0.698,0.971,-0.014,0.704,0.706,0.051,0.051,-90.000,0.791,0.971,0.000,0.499,0.501,0.501,0.500,-81.752,0.791,0.889,0.000,0.707,0.001,0.707,-0.001,False,False
36.762,1.454,0.953,-0.014,0.000,0.654,0.000,0.756,-171.731,1.434,0.953,0.120,-0.412,0.549,0.356,0.634,-156.010,1.067,1.126,-0.054,-0.632,0.360,0.547,0.416,-47.307,0.711,0.971,-0.106,0.534,0.463,-0.462,0.535,-246.836,0.698,0.971,-0.014,0.704,0.706,0.051,0.051,-90.000,0.791,0.971,0.000,0.499,0.501,0.501,0.500,-81.752,0.791,0.889,0.000,0.707,0.001,0.707,-0.001,False,False
36.865,1.454,0.953,-0.014,0.000,0.654,0.000,0.756,-171.731,1.434,0.953,0.120,-0.412,0.549,0.356,0.634,-156.010,1.067,1.126,-0.054,-0.632,0.360,0.547,0.416,-47.307,0.711,0.971,-0.106,0.534,0.463,-0.462,0.535,-246.836,0.698,0.971,-0.014,0.704,0.706,0.051,0.051,-90.000,0.791,0.971,0.000,0.499,0.501,0.501,0.500,-81.752,0.791,0.889,0.000,0.707,0.001,0.707,-0.001,False,False
36.967,1.454,0.953,-0.014,0.000,0.654,0.000,0.756,-171.731,1.434,0.953,0.120,-0.412,0.549,0.356,0.634,-156.010,1.067,1.126,-0.054,-0.632,0.360,0.547,0.416,-47.307,0.711,0.971,-0.106,0.534,0.463,-0.462,0.535,-246.836,0.698,0.971,-0.014,0.704,0.706,0.051,0.051,-90.000,0.791,0.971,0.000,0.499,0.501,0.501,0.500,-81.752,0.791,0.889,0.000,0.707,0.001,0.707,-0.001,False,False
37.070,1.454,0.953,-0.014,0.000,0.654,0.000,0.756,-171.731,1.434,0.953,0.120,-0.412,0.549,0.356,0.634,-156.010,1.067,1.126,-0.054,-0.632,0.360,0.547,0.416,-47.307,0.711,0.971,-0.106,0.534,0.463,-0.462,0.535,-246.836,0.698,0.971,-0.014,0.704,0.706,0.051,0.051,-90.000,0.791,0.971,0.000,0.499,0.501,0.501,0.500,-81.752,0.791,0.889,0.000,0.707,0.001,0.707,-0.001,False,False
37.171,1.454,0.953,-0.014,0.000,0.654,0.000,0.756,-171.731,1.434,0.953,0.120,-0.412,0.549,0.356,0.634,-156.010,1.067,1.126,-0.054,-0.632,0.360,0.547,0.416,-47.307,0.711,0.971,-0.106,0.534,0.463,-0.462,0.535,-246.836,0.698,0.971,-0.014,0.704,0.706,0.051,0.051,-90.000,0.791,0.971,0.000,0.499,0.501,0.501,0.500,-81.752,0.791,0.889,0.000,0.707,0.001,0.707,-0.001,False,False
37.273,1.454,0.953,-0.014,0.000,0.654,0.000,0.756,-171.731,1.434,0.953,0.120,-0.412,0.549,0.356,0.634,-156.010,1.067,1.126,-0.054,-0.632,0.360,0.547,0.416,-47.307,0.711,0.971,-0.106,0.534,0.463,-0.462,0.535,-246.836,0.698,0.971,-0.014,0.704,0.706,0.051,0.051,-90.000,0.791,0.971,0.000,0.499,0.501,0.501,0.500,-81.752,0.791,0.889,0.000,0.707,0.001,0.707,-0.001,False,False
37.376,1.454,0.953,-0.014,0.000,0.654,0.000,0.756,-171.731,1.434,0.953,0.120,-0.412,0.549,0.356,0.634,-156.010,1.067,1.126,-0.054,-0.632,0.360,0.547,0.416,-47.307,0.711,0.971,-0.106,0.534,0.463,-0.462,0.535,-246.836,0.698,0.971,-0.014,0.704,0.706,0.051,0.051,-90.000,0.791,0.971,0.000,0.499,0.501,0.501,0.500,-81.752,0.791,0.889,0.000,0.707,0.001,0.707,-0.001,False,False
37.476,1.454,0.953,-0.014,0.000,0.654,0.000,0.756,-171.731,1.434,0.953,0.120,-0.412,0.549,0.356,0.634,-156.010,1.067,1.126,-0.054,-0.632,0.360,0.547,0.416,-47.307,0.711,0.971,-0.106,0.534,0.463,-0.462,0.535,-246.836,0.698,0.971,-0.014,0.704,0.706,0.051,0.051,-90.000,0.791,0.971,0.000,0.499,0.501,0.501,0.500,-81.752,0.791,0.889,0.000,0.707,0.001,0.707,-0.001,False,False
37.578,1.454,0.953,-0.014,0.000,0.654,0.000,0.756,-171.731,1.434,0.953,0.120,-0.412,0.549,0.356,0.634,-156.010,1.067,1.126,-0.054,-0.632,0.360,0.547,0.416,-47.307,0.711,0.971,-0.106,0.534,0.463,-0.462,0.535,-246.836,0.698,0.971,-0.014,0.704,0.706,0.051,0.051,-90.000,0.791,0.971,0.000,0.499,0.501,0.501,0.500,-81.752,0.791,0.889,0.000,0.707,0.001,0.707,-0.001,False,False
37.680,1.454,0.953,-0.014,0.000,0.654,0.000,0.756,-171.731,1.434,0.953,0.120,-0.412,0.549,0.356,0.634,-156.010,1.067,1.126,-0.054,-0.632,0.360,0.547,0.416,-47.307,0.711,0.971,-0.106,0.534,0.463,-0.462,0.535,-246.836,0.698,0.971,-0.014,0.704,0.706,0.051,0.051,-90.000,0.791,0.971,0.000,0.499,0.501,0.501,0.500,-81.752,0.791,0.889,0.000,0.707,0.001,0.707,-0.001,False,False
37.781,1.454,0.953,-0.014,0.000,0.654,0.000,0.756,-171.731,1.434,0.953,0.120,-0.412,0.549,0.356,0.634,-156.010,1.067,1.126,-0.054,-0.632,0.360,0.547,0.416,-47.307,0.711,0.971,-0.106,0.534,0.463,-0.462,0.535,-246.836,0.698,0.971,-0.014,0.704,0.706,0.051,0.051,-90.000,0.791,0.971,0.000,0.499,0.501,0.501,0.500,-81.752,0.791,0.889,0.000,0.707,0.001,0.707,-0.001,False,False
37.882,1.454,0.953,-0.014,0.000,0.654,0.000,0.756,-171.731,1.434,0.953,0.120,-0.412,0.549,0.356,0.634,-156.010,1.067,1.126,-0.054,-0.632,0.360,0.547,0.416,-47.307,0.711,0.971,-0.106,0.534,0.463,-0.462,0.535,-246.836,0.698,0.971,-0.014,0.704,0.706,0.051,0.051,-90.000,0.791,0.971,0.000,0.499,0.501,0.501,0.500,-81.752,0.791,0.889,0.000,0.707,0.001,0.707,-0.001,False,False
37.993,1.454,0.953,-0.014,0.000,0.654,0.000,0.756,-171.729,1.434,0.953,0.120,-0.399,0.556,0.345,0.643,-153.623,1.075,1.142,-0.053,-0.617,0.378,0.534,0.437,-45.816,0.709,1.011,-0.106,0.531,0.466,-0.459,0.539,-251.428,0.695,1.011,-0.014,0.700,0.711,0.051,0.051,-90.000,0.789,1.013,0.000,0.496,0.504,0.503,0.497,-81.749,0.790,0.931,0.000,0.707,0.006,0.707,-0.005,False,False
38.094,1.454,0.953,-0.014,0.000,0.654,0.000,0.756,-171.729,1.434,0.953,0.120,-0.395,0.558,0.342,0.645,-153.037,1.077,1.146,-0.053,-0.615,0.381,0.532,0.440,-45.784,0.709,1.019,-0.106,0.533,0.464,-0.462,0.536,-251.459,0.696,1.019,-0.014,0.704,0.707,0.051,0.051,-90.000,0.790,1.020,0.000,0.499,0.501,0.501,0.499,-81.749,0.790,0.937,0.000,0.707,0.002,0.707,-0.001,False,False
38.197,1.454,0.953,-0.014,0.000,0.654,0.000,0.756,-171.728,1.434,0.953,0.120,-0.395,0.558,0.342,0.645,-152.962,1.077,1.146,-0.052,-0.615,0.381,0.532,0.441,-45.784,0.709,1.020,-0.106,0.534,0.463,-0.462,0.536,-251.459,0.696,1.020,-0.014,0.704,0.707,0.051,0.051,-90.000,0.790,1.021,0.000,0.499,0.501,0.501,0.499,-81.749,0.790,0.938,0.000,0.707,0.001,0.707,-0.001,False,False
38.297,1.454,0.953,-0.014,0.000,0.654,0.000,0.756,-171.728,1.434,0.953,0.120,-0.395,0.558,0.342,0.645,-152.952,1.077,1.146,-0.052,-0.615,0.381,0.532,0.441,-45.784,0.709,1.020,-0.106,0.534,0.463,-0.462,0.536,-251.459,0.696,1.020,-0.014,0.704,0.706,0.051,0.051,-90.000,0.790,1.021,0.000,0.499,0.501,0.501,0.499,-81.749,0.790,0.938,0.000,0.707,0.001,0.707,-0.001,False,False
38.397,1.454,0.953,-0.014,0.000,0.654,0.000,0.756,-171.728,1.434,0.953,0.120,-0.395,0.558,0.342,0.645,-152.951,1.077,1.146,-0.052,-0.615,0.381,0.532,0.441,-45.784,0.709,1.020,-0.106,0.534,0.463,-0.462,0.536,-251.459,0.696,1.020,-0.014,0.704,0.706,0.051,0.051,-90.000,0.790,1.021,0.000,0.499,0.501,0.501,0.499,-81.749,0.790,0.938,0.000,0.707,0.001,0.707,-0.001,False,False
38.499,1.454,0.953,-0.014,0.000,0.654,0.000,0.756,-171.728,1.434,0.953,0.120,-0.395,0.558,0.342,0.645,-152.951,1.077,1.146,-0.052,-0.615,0.381,0.532,0.441,-45.784,0.709,1.020,-0.106,0.534,0.463,-0.462,0.536,-251.459,0.696,1.020,-0.014,0.704,0.706,0.051,0.051,-90.000,0.790,1.021,0.000,0.499,0.501,0.501,0.499,-81.749,0.790,0.938,0.000,0.707,0.001,0.707,-0.001,False,False
38.603,1.454,0.953,-0.014,0.000,0.654,0.000,0.756,-171.728,1.434,0.953,0.120,-0.395,0.558,0.342,0.645,-152.951,1.077,1.146,-0.052,-0.615,0.381,0.532,0.441,-45.784,0.709,1.020,-0.106,0.534,0.463,-0.462,0.536,-251.459,0.696,1.020,-0.014,0.704,0.706,0.051,0.051,-90.000,0.790,1.021,0.000,0.499,0.501,0.501,0.499,-81.749,0.790,0.938,0.000,0.707,0.001,0.707,-0.001,False,False
38.708,1.454,0.953,-0.014,0.000,0.654,0.000,0.756,-171.728,1.434,0.953,0.120,-0.395,0.558,0.342,0.645,-152.951,1.077,1.146,-0.052,-0.615,0.381,0.532,0.441,-45.784,0.709,1.020,-0.106,0.534,0.463,-0.462,0.536,-251.459,0.696,1.020,-0.014,0.704,0.706,0.051,0.051,-90.000,0.790,1.021,0.000,0.499,0.501,0.501,0.499,-81.749,0.790,0.938,0.000,0.707,0.001,0.707,-0.001,False,False
38.809,1.454,0.953,-0.014,0.000,0.654,0.000,0.756,-171.728,1.434,0.953,0.120,-0.395,0.558,0.342,0.645,-152.951,1.077,1.146,-0.052,-0.615,0.381,0.532,0.441,-45.784,0.709,1.020,-0.106,0.534,0.463,-0.462,0.536,-251.459,0.696,1.020,-0.014,0.704,0.706,0.051,0.051,-90.000,0.790,1.021,0.000,0.499,0.501,0.501,0.499,-81.749,0.790,0.938,0.000,0.707,0.001,0.707,-0.001,False,False
38.910,1.454,0.953,-0.014,0.000,0.654,0.000,0.756,-171.728,1.434,0.953,0.120,-0.395,0.558,0.342,0.645,-152.951,1.077,1.146,-0.052,-0.615,0.381,0.532,0.441,-45.784,0.709,1.020,-0.106,0.534,0.463,-0.462,0.536,-251.459,0.696,1.020,-0.014,0.704,0.706,0.051,0.051,-90.000,0.790,1.021,0.000,0.499,0.501,0.501,0.499,-81.749,0.790,0.938,0.000,0.707,0.001,0.707,-0.001,False,False
39.015,1.454,0.953,-0.014,0.000,0.654,0.000,0.756,-171.728,1.434,0.953,0.120,-0.395,0.558,0.342,0.645,-152.951,1.077,1.146,-0.052,-0.615,0.381,0.532,0.441,-45.784,0.709,1.020,-0.106,0.534,0.463,-0.462,0.536,-251.459,0.696,1.020,-0.014,0.704,0.706,0.051,0.051,-90.000,0.790,1.021,0.000,0.499,0.501,0.501,0.499,-81.749,0.790,0.938,0.000,0.707,0.001,0.707,-0.001,False,False
39.120,1.454,0.953,-0.014,0.000,0.654,0.000,0.756,-171.728,1.434,0.953,0.120,-0.395,0.558,0.342,0.645,-152.951,1.077,1.146,-0.052,-0.615,0.381,0.532,0.441,-45.784,0.709,1.020,-0.106,0.534,0.463,-0.462,0.536,-251.459,0.696,1.020,-0.014,0.704,0.706,0.051,0.051,-90.000,0.790,1.021,0.000,0.499,0.501,0.501,0.499,-81.749,0.790,0.938,0.000,0.707,0.001,0.707,-0.001,False,False
39.274,1.454,0.953,-0.014,0.000,0.654,0.000,0.756,-171.728,1.434,0.953,0.120,-0.395,0.558,0.342,0.645,-152.951,1.077,1.146,-0.052,-0.615,0.381,0.532,0.441,-45.784,0.709,1.020,-0.106,0.534,0.463,-0.462,0.536,-251.459,0.696,1.020,-0.014,0.704,0.706,0.051,0.051,-90.000,0.790,1.021,0.000,0.499,0.501,0.501,0.499,-81.749,0.790,0.938,0.000,0.707,0.001,0.707,-0.001,False,False
39.404,1.454,0.953,-0.014,0.000,0.654,0.000,0.756,-171.728,1.434,0.953,0.120,-0.395,0.558,0.342,0.645,-152.951,1.077,1.146,-0.052,-0.615,0.381,0.532,0.441,-45.784,0.709,1.020,-0.106,0.534,0.463,-0.462,0.536,-251.459,0.696,1.020,-0.014,0.704,0.706,0.051,0.051,-90.000,0.790,1.021,0.000,0.499,0.501,0.501,0.499,-81.749,0.790,0.938,0.000,0.707,0.001,0.707,-0.001,False,False
39.506,1.454,0.953,-0.014,0.000,0.590,0.000,0.807,-162.337,1.413,0.953,0.115,-0.418,0.505,0.305,0.691,-152.311,1.091,1.151,-0.113,-0.504,0.461,0.368,0.631,-14.899,0.726,1.237,-0.229,-0.540,0.439,0.395,0.600,-96.704,0.698,1.237,-0.140,-0.661,0.735,-0.102,0.114,-89.963,0.608,1.248,-0.169,-0.661,0.735,-0.101,0.113,-0.279,0.616,1.329,-0.166,0.052,0.987,0.009,0.151,False,False
39.610,1.454,0.953,-0.014,0.000,0.402,0.000,0.916,-137.350,1.362,0.953,0.086,-0.302,0.379,0.132,0.865,-128.443,1.249,1.286,-0.181,0.136,0.397,-0.059,0.906,55.479,1.333,1.661,-0.103,0.167,0.395,-0.073,0.900,-85.970,1.270,1.661,-0.035,0.170,0.917,0.067,0.356,-90.230,1.295,1.749,-0.012,0.170,0.917,0.067,0.356,0.000,1.352,1.720,0.040,0.768,0.528,0.299,0.204,False,False
39.713,1.454,0.953,-0.014,0.000,-0.257,0.000,0.966,-60.195,1.336,0.953,-0.082,-0.009,-0.257,-0.002,0.966,-91.067,1.444,1.378,-0.029,0.459,-0.226,0.122,0.851,57.741,1.281,1.594,0.255,0.488,-0.222,0.130,0.834,-86.002,1.200,1.594,0.209,0.256,0.429,0.436,0.749,-89.367,1.159,1.640,0.281,0.256,0.429,0.435,0.749,0.034,1.138,1.568,0.315,0.484,0.122,0.838,0.222,False,False
39.818,1.454,0.953,-0.014,0.000,-0.604,0.000,0.797,-15.727,1.417,0.953,-0.145,0.197,-0.585,0.149,0.772,-61.394,1.254,1.326,0.026,0.545,-0.441,0.412,0.582,57.575,0.877,1.352,0.132,0.565,-0.426,0.428,0.563,-85.949,0.852,1.352,0.042,0.097,0.097,0.702,0.699,-90.005,0.761,1.352,0.068,0.097,0.097,0.702,0.699,0.014,0.761,1.270,0.068,0.137,0.000,0.991,-0.002,False,False
39.918,1.454,0.953,-0.014,0.000,-0.749,0.000,0.662,7.059,1.471,0.953,-0.149,0.241,-0.698,0.273,0.617,-47.304,1.170,1.266,-0.065,0.507,-0.481,0.574,0.425,57.353,0.787,1.197,-0.113,0.522,-0.461,0.591,0.407,-85.943,0.798,1.197,-0.205,-0.048,-0.038,0.787,0.614,-89.949,0.707,1.174,-0.216,-0.048,-0.038,0.787,0.614,0.008,0.727,1.094,-0.214,-0.061,0.007,0.991,-0.123,False,False
40.024,1.454,0.953,-0.014,0.000,-0.873,0.000,0.488,31.577,1.525,0.953,-0.130,0.184,-0.809,0.328,0.452,-45.807,1.210,1.258,-0.183,0.378,-0.552,0.676,0.309,57.306,0.883,1.180,-0.384,0.389,-0.528,0.695,0.295,-85.943,0.931,1.180,-0.463,-0.216,-0.165,0.766,0.582,-89.937,0.854,1.154,-0.511,-0.216,-0.165,0.766,0.582,0.008,0.872,1.075,-0.500,-0.269,0.036,0.953,-0.130,False,False
40.131,1.454,0.953,-0.014,0.000,-0.946,0.000,0.325,52.032,1.561,0.953,-0.098,0.123,-0.876,0.357,0.301,-45.683,1.284,1.257,-0.258,0.252,-0.598,0.733,0.206,57.304,1.048,1.178,-0.561,0.259,-0.571,0.754,0.197,-85.943,1.121,1.178,-0.618,-0.349,-0.265,0.716,0.543,-89.936,1.065,1.153,-0.690,-0.349,-0.265,0.716,0.543,0.008,1.079,1.073,-0.672,-0.434,0.059,0.890,-0.123,False,False
40.235,1.454,0.953,-0.014,0.000,-0.988,0.000,0.152,72.492,1.584,0.953,-0.055,0.057,-0.915,0.373,0.141,-45.663,1.380,1.257,-0.302,0.118,-0.624,0.766,0.096,57.303,1.264,1.178,-0.669,0.121,-0.597,0.788,0.092,-85.943,1.353,1.178,-0.696,-0.471,-0.357,0.643,0.487,-89.936,1.326,1.152,-0.783,-0.471,-0.357,0.643,0.487,0.008,1.333,1.073,-0.762,-0.586,0.080,0.799,-0.110,False,False
40.341,1.454,0.953,-0.014,0.000,-0.998,0.000,-0.061,97.045,1.589,0.953,0.003,-0.023,-0.924,0.377,-0.057,-45.660,1.506,1.257,-0.307,-0.048,-0.631,0.774,-0.039,57.303,1.554,1.178,-0.688,-0.049,-0.603,0.796,-0.037,-85.943,1.646,1.178,-0.677,-0.597,-0.453,0.528,0.400,-89.936,1.657,1.152,-0.767,-0.597,-0.453,0.528,0.400,0.008,1.654,1.073,-0.745,-0.742,0.102,0.656,-0.091,False,False
40.446,1.454,0.953,-0.014,0.000,-0.971,0.000,-0.238,117.507,1.574,0.953,0.049,-0.090,-0.900,0.367,-0.220,-45.659,1.606,1.257,-0.270,-0.184,-0.614,0.753,-0.150,57.303,1.783,1.178,-0.611,-0.189,-0.587,0.774,-0.144,-85.943,1.865,1.178,-0.568,-0.681,-0.516,0.414,0.313,-89.936,1.908,1.152,-0.649,-0.681,-0.516,0.414,0.313,0.008,1.897,1.073,-0.629,-0.847,0.116,0.514,-0.071,False,False
40.552,1.454,0.953,-0.014,0.000,-0.914,0.000,-0.406,137.968,1.545,0.953,0.087,-0.153,-0.846,0.345,-0.376,-45.659,1.685,1.257,-0.201,-0.315,-0.577,0.708,-0.257,57.303,1.971,1.178,-0.458,-0.324,-0.552,0.728,-0.245,-85.943,2.033,1.178,-0.389,-0.744,-0.564,0.286,0.216,-89.936,2.101,1.152,-0.450,-0.744,-0.564,0.286,0.216,0.008,2.084,1.073,-0.435,-0.925,0.127,0.355,-0.049,False,False
40.658,1.454,0.953,-0.014,0.000,-0.832,0.000,-0.555,157.453,1.506,0.953,0.111,-0.210,-0.770,0.314,-0.514,-45.659,1.735,1.257,-0.113,-0.430,-0.525,0.645,-0.351,57.303,2.089,1.178,-0.260,-0.443,-0.502,0.663,-0.335,-85.943,2.125,1.178,-0.174,-0.782,-0.592,0.156,0.118,-89.950,2.209,1.152,-0.209,-0.782,-0.592,0.156,0.118,0.003,2.189,1.073,-0.201,-0.971,0.134,0.194,-0.027,False,False
40.762,1.454,0.953,-0.014,0.000,-0.747,0.000,-0.665,173.359,1.470,0.953,0.121,-0.251,-0.692,0.282,-0.616,-45.659,1.751,1.257,-0.032,-0.515,-0.472,0.579,-0.420,57.303,2.133,1.178,-0.077,-0.530,-0.451,0.595,-0.402,-85.944,2.143,1.178,0.016,-0.796,-0.603,0.046,0.035,-89.954,2.234,1.152,0.005,-0.796,-0.603,0.046,0.035,0.000,2.212,1.073,0.008,-0.989,0.136,0.057,-0.008,False,False
40.866,1.454,0.953,-0.014,0.000,-0.722,0.000,-0.692,177.560,1.460,0.953,0.122,-0.261,-0.669,0.272,-0.641,-45.656,1.751,1.257,-0.011,-0.536,-0.456,0.560,-0.437,57.304,2.135,1.178,-0.027,-0.551,-0.436,0.575,-0.418,-85.944,2.139,1.178,0.066,-0.797,-0.604,0.017,0.013,-89.954,2.230,1.152,0.062,-0.797,-0.604,0.017,0.013,0.000,2.208,1.073,0.063,-0.990,0.137,0.021,-0.003,False,False
40.974,1.454,0.953,-0.014,0.000,-0.713,0.000,-0.702,179.096,1.456,0.953,0.122,-0.265,-0.660,0.269,-0.650,-45.655,1.751,1.257,-0.003,-0.544,-0.450,0.552,-0.443,57.304,2.135,1.178,-0.009,-0.559,-0.430,0.568,-0.424,-85.944,2.137,1.178,0.084,-0.797,-0.604,0.007,0.005,-89.954,2.228,1.152,0.083,-0.797,-0.604,0.007,0.005,0.000,2.206,1.073,0.083,-0.991,0.137,0.008,-0.001,False,False
41.076,1.454,0.953,-0.014,0.000,-0.709,0.000,-0.705,179.656,1.455,0.953,0.122,-0.266,-0.657,0.268,-0.653,-45.655,1.751,1.257,0.000,-0.547,-0.448,0.550,-0.445,57.303,2.135,1.178,-0.002,-0.562,-0.428,0.565,-0.426,-85.944,2.136,1.178,0.091,-0.797,-0.604,0.003,0.002,-89.954,2.227,1.152,0.091,-0.797,-0.604,0.003,0.002,0.000,2.205,1.073,0.091,-0.991,0.137,0.003,-0.001,False,False
41.177,1.454,0.953,-0.014,0.000,-0.708,0.000,-0.706,179.860,1.454,0.953,0.122,-0.267,-0.656,0.267,-0.654,-45.656,1.751,1.257,0.001,-0.547,-0.447,0.549,-0.446,57.303,2.135,1.178,0.000,-0.563,-0.428,0.564,-0.426,-85.944,2.136,1.178,0.093,-0.797,-0.604,0.001,0.000,-89.954,2.227,1.152,0.093,-0.797,-0.604,0.001,0.000,0.000,2.204,1.073,0.093,-0.991,0.137,0.001,-0.001,False,False
41.282,1.454,0.953,-0.014,0.000,-0.707,0.000,-0.707,179.942,1.454,0.953,0.122,-0.267,-0.655,0.267,-0.654,-45.656,1.751,1.257,0.002,-0.548,-0.447,0.548,-0.446,57.303,2.135,1.178,0.001,-0.563,-0.427,0.564,-0.427,-85.944,2.135,1.178,0.094,-0.797,-0.604,0.001,0.000,-89.954,2.226,1.152,0.094,-0.797,-0.604,0.001,0.000,0.000,2.204,1.073,0.094,-0.991,0.137,0.001,0.000,False,False
41.387,1.454,0.953,-0.014,0.000,-0.707,0.000,-0.707,179.964,1.454,0.953,0.122,-0.267,-0.655,0.267,-0.655,-45.656,1.751,1.257,0.002,-0.548,-0.447,0.548,-0.447,57.303,2.135,1.178,0.002,-0.563,-0.427,0.564,-0.427,-85.944,2.135,1.178,0.095,-0.797,-0.604,0.001,0.000,-89.954,2.226,1.152,0.095,-0.797,-0.604,0.001,0.000,0.000,2.204,1.073,0.095,-0.991,0.137,0.000,0.000,False,False
41.495,1.454,0.953,-0.014,0.000,-0.707,0.000,-0.707,179.972,1.454,0.953,0.122,-0.267,-0.655,0.267,-0.655,-45.656,1.751,1.257,0.002,-0.548,-0.447,0.548,-0.447,57.303,2.135,1.178,0.002,-0.563,-0.427,0.564,-0.427,-85.944,2.135,1.178,0.095,-0.797,-0.604,0.001,0.000,-89.954,2.226,1.152,0.095,-0.797,-0.604,0.001,0.000,0.000,2.204,1.073,0.095,-0.991,0.137,0.000,0.000,False,False
41.597,1.454,0.953,-0.014,0.000,-0.707,0.000,-0.707,179.975,1.454,0.953,0.122,-0.267,-0.655,0.267,-0.655,-45.656,1.751,1.257,0.002,-0.548,-0.447,0.548,-0.447,57.303,2.135,1.178,0.002,-0.563,-0.427,0.564,-0.427,-85.944,2.135,1.178,0.095,-0.797,-0.604,0.000,0.000,-89.954,2.226,1.152,0.095,-0.797,-0.604,0.000,0.000,0.000,2.204,1.073,0.095,-0.991,0.137,0.000,0.000,False,False
41.698,1.454,0.953,-0.014,0.000,-0.707,0.000,-0.707,179.976,1.454,0.953,0.122,-0.267,-0.655,0.267,-0.655,-45.656,1.751,1.257,0.002,-0.548,-0.447,0.548,-0.447,57.303,2.135,1.178,0.002,-0.564,-0.427,0.564,-0.427,-85.944,2.135,1.178,0.095,-0.797,-0.604,0.000,0.000,-89.954,2.226,1.152,0.095,-0.797,-0.604,0.000,0.000,0.000,2.204,1.073,0.095,-0.991,0.137,0.000,0.000,False,False
41.802,1.454,0.953,-0.014,0.000,-0.707,0.000,-0.707,179.977,1.454,0.953,0.122,-0.267,-0.655,0.267,-0.655,-45.656,1.751,1.257,0.002,-0.548,-0.447,0.548,-0.447,57.303,2.135,1.178,0.002,-0.564,-0.427,0.564,-0.427,-85.944,2.135,1.178,0.095,-0.797,-0.604,0.000,0.000,-89.954,2.226,1.152,0.095,-0.797,-0.604,0.000,0.000,0.000,2.204,1.073,0.095,-0.991,0.137,0.000,0.000,False,False
41.908,1.454,0.953,-0.014,0.000,-0.707,0.000,-0.707,179.977,1.454,0.953,0.122,-0.267,-0.655,0.267,-0.655,-45.656,1.751,1.257,0.002,-0.548,-0.447,0.548,-0.447,57.303,2.135,1.178,0.002,-0.564,-0.427,0.564,-0.427,-85.944,2.135,1.178,0.095,-0.797,-0.604,0.000,0.000,-89.954,2.226,1.152,0.095,-0.797,-0.604,0.000,0.000,0.000,2.204,1.073,0.095,-0.991,0.137,0.000,0.000,False,False
42.009,1.454,0.953,-0.014,0.000,-0.707,0.000,-0.707,179.977,1.454,0.953,0.122,-0.267,-0.655,0.267,-0.655,-45.656,1.751,1.257,0.002,-0.548,-0.447,0.548,-0.447,57.303,2.135,1.178,0.002,-0.564,-0.427,0.564,-0.427,-85.944,2.135,1.178,0.095,-0.797,-0.604,0.000,0.000,-89.954,2.226,1.152,0.095,-0.797,-0.604,0.000,0.000,0.000,2.204,1.073,0.095,-0.991,0.137,0.000,0.000,False,False
42.110,1.454,0.953,-0.014,0.000,-0.707,0.000,-0.707,179.977,1.454,0.953,0.122,-0.267,-0.655,0.267,-0.655,-45.656,1.751,1.257,0.002,-0.548,-0.447,0.548,-0.447,57.303,2.135,1.178,0.002,-0.564,-0.427,0.564,-0.427,-85.944,2.135,1.178,0.095,-0.797,-0.604,0.000,0.000,-89.954,2.226,1.152,0.095,-0.797,-0.604,0.000,0.000,0.000,2.204,1.073,0.095,-0.991,0.137,0.000,0.000,False,False
42.210,1.454,0.953,-0.014,0.000,-0.707,0.000,-0.707,179.977,1.454,0.953,0.122,-0.267,-0.655,0.267,-0.655,-45.656,1.751,1.257,0.002,-0.548,-0.447,0.548,-0.447,57.303,2.135,1.178,0.002,-0.564,-0.427,0.564,-0.427,-85.944,2.135,1.178,0.095,-0.797,-0.604,0.000,0.000,-89.954,2.226,1.152,0.095,-0.797,-0.604,0.000,0.000,0.000,2.204,1.073,0.095,-0.991,0.137,0.000,0.000,False,False
42.315,1.454,0.953,-0.014,0.000,-0.707,0.000,-0.707,179.977,1.454,0.953,0.122,-0.267,-0.655,0.267,-0.655,-45.656,1.751,1.257,0.002,-0.548,-0.447,0.548,-0.447,57.303,2.135,1.178,0.002,-0.564,-0.427,0.564,-0.427,-85.944,2.135,1.178,0.095,-0.797,-0.604,0.000,0.000,-89.954,2.226,1.152,0.095,-0.797,-0.604,0.000,0.000,0.000,2.204,1.073,0.095,-0.991,0.137,0.000,0.000,False,False
42.420,1.454,0.953,-0.014,0.000,-0.707,0.000,-0.707,179.977,1.454,0.953,0.122,-0.267,-0.655,0.267,-0.655,-45.656,1.751,1.257,0.002,-0.548,-0.447,0.548,-0.447,57.303,2.135,1.178,0.002,-0.564,-0.427,0.564,-0.427,-85.944,2.135,1.178,0.095,-0.797,-0.604,0.000,0.000,-89.954,2.226,1.152,0.095,-0.797,-0.604,0.000,0.000,0.000,2.204,1.073,0.095,-0.991,0.137,0.000,0.000,False,False
42.525,1.454,0.953,-0.014,0.000,-0.707,0.000,-0.707,179.977,1.454,0.953,0.122,-0.267,-0.655,0.267,-0.655,-45.656,1.751,1.257,0.002,-0.548,-0.447,0.548,-0.447,57.303,2.135,1.178,0.002,-0.564,-0.427,0.564,-0.427,-85.944,2.135,1.178,0.095,-0.797,-0.604,0.000,0.000,-89.954,2.226,1.152,0.095,-0.797,-0.604,0.000,0.000,0.000,2.204,1.073,0.095,-0.991,0.137,0.000,0.000,False,False
42.631,1.454,0.953,-0.014,0.000,-0.707,0.000,-0.707,179.977,1.454,0.953,0.122,-0.267,-0.655,0.267,-0.655,-45.656,1.751,1.257,0.002,-0.548,-0.447,0.548,-0.447,57.303,2.135,1.178,0.002,-0.564,-0.427,0.564,-0.427,-85.944,2.135,1.178,0.095,-0.797,-0.604,0.000,0.000,-89.954,2.226,1.152,0.095,-0.797,-0.604,0.000,0.000,0.000,2.204,1.073,0.095,-0.991,0.137,0.000,0.000,False,False
42.735,1.454,0.953,-0.014,0.000,-0.707,0.000,-0.707,179.977,1.454,0.953,0.122,-0.267,-0.655,0.267,-0.655,-45.656,1.751,1.257,0.002,-0.548,-0.447,0.548,-0.447,57.303,2.135,1.178,0.002,-0.564,-0.427,0.564,-0.427,-85.944,2.135,1.178,0.095,-0.797,-0.604,0.000,0.000,-89.954,2.226,1.152,0.095,-0.797,-0.604,0.000,0.000,0.000,2.204,1.073,0.095,-0.991,0.137,0.000,0.000,False,False
42.835,1.454,0.953,-0.014,0.000,-0.707,0.000,-0.707,179.977,1.454,0.953,0.122,-0.267,-0.655,0.267,-0.655,-45.656,1.751,1.257,0.002,-0.548,-0.447,0.548,-0.447,57.303,2.135,1.178,0.002,-0.564,-0.427,0.564,-0.427,-85.944,2.135,1.178,0.095,-0.797,-0.604,0.000,0.000,-89.954,2.226,1.152,0.095,-0.797,-0.604,0.000,0.000,0.000,2.204,1.073,0.095,-0.991,0.137,0.000,0.000,False,False
42.937,1.454,0.953,-0.014,0.000,-0.707,0.000,-0.707,179.977,1.454,0.953,0.122,-0.267,-0.655,0.267,-0.655,-45.656,1.751,1.257,0.002,-0.548,-0.447,0.548,-0.447,57.303,2.135,1.178,0.002,-0.564,-0.427,0.564,-0.427,-85.944,2.135,1.178,0.095,-0.797,-0.604,0.000,0.000,-89.954,2.226,1.152,0.095,-0.797,-0.604,0.000,0.000,0.000,2.204,1.073,0.095,-0.991,0.137,0.000,0.000,False,False
43.038,1.454,0.953,-0.014,0.000,-0.707,0.000,-0.707,179.977,1.454,0.953,0.122,-0.267,-0.655,0.267,-0.655,-45.656,1.751,1.257,0.002,-0.548,-0.447,0.548,-0.447,57.303,2.135,1.178,0.002,-0.564,-0.427,0.564,-0.427,-85.944,2.135,1.178,0.095,-0.797,-0.604,0.000,0.000,-89.954,2.226,1.152,0.095,-0.797,-0.604,0.000,0.000,0.000,2.204,1.073,0.095,-0.991,0.137,0.000,0.000,False,False
43.143,1.454,0.953,-0.014,0.000,-0.707,0.000,-0.707,179.977,1.454,0.953,0.122,-0.267,-0.655,0.267,-0.655,-45.656,1.751,1.257,0.002,-0.548,-0.447,0.548,-0.447,57.303,2.135,1.178,0.002,-0.564,-0.427,0.564,-0.427,-85.944,2.135,1.178,0.095,-0.797,-0.604,0.000,0.000,-89.954,2.226,1.152,0.095,-0.797,-0.604,0.000,0.000,0.000,2.204,1.073,0.095,-0.991,0.137,0.000,0.000,False,False
43.246,1.454,0.953,-0.014,0.000,-0.707,0.000,-0.707,179.977,1.454,0.953,0.122,-0.267,-0.655,0.267,-0.655,-45.656,1.751,1.257,0.002,-0.548,-0.447,0.548,-0.447,57.303,2.135,1.178,0.002,-0.564,-0.427,0.564,-0.427,-85.944,2.135,1.178,0.095,-0.797,-0.604,0.000,0.000,-89.954,2.226,1.152,0.095,-0.797,-0.604,0.000,0.000,0.000,2.204,1.073,0.095,-0.991,0.137,0.000,0.000,False,False
43.353,1.454,0.953,-0.014,0.000,-0.707,0.000,-0.707,179.977,1.454,0.953,0.122,-0.267,-0.655,0.267,-0.655,-45.656,1.751,1.257,0.002,-0.548,-0.447,0.548,-0.447,57.303,2.135,1.178,0.002,-0.564,-0.427,0.564,-0.427,-85.944,2.135,1.178,0.095,-0.797,-0.604,0.000,0.000,-89.954,2.226,1.152,0.095,-0.797,-0.604,0.000,0.000,0.000,2.204,1.073,0.095,-0.991,0.137,0.000,0.000,False,False
43.454,1.454,0.953,-0.014,0.000,-0.707,0.000,-0.707,179.977,1.454,0.953,0.122,-0.267,-0.655,0.267,-0.655,-45.656,1.751,1.257,0.002,-0.548,-0.447,0.548,-0.447,57.303,2.135,1.178,0.002,-0.564,-0.427,0.564,-0.427,-85.944,2.135,1.178,0.095,-0.797,-0.604,0.000,0.000,-89.954,2.226,1.152,0.095,-0.797,-0.604,0.000,0.000,0.000,2.204,1.073,0.095,-0.991,0.137,0.000,0.000,False,False
43.555,1.454,0.953,-0.014,0.000,-0.707,0.000,-0.707,179.977,1.454,0.953,0.122,-0.267,-0.655,0.267,-0.655,-45.656,1.751,1.257,0.002,-0.548,-0.447,0.548,-0.447,57.303,2.135,1.178,0.002,-0.564,-0.427,0.564,-0.427,-85.944,2.135,1.178,0.095,-0.797,-0.604,0.000,0.000,-89.954,2.226,1.152,0.095,-0.797,-0.604,0.000,0.000,0.000,2.204,1.073,0.095,-0.991,0.137,0.000,0.000,False,False
43.656,1.454,0.953,-0.014,0.000,-0.707,0.000,-0.707,179.977,1.454,0.953,0.122,-0.267,-0.655,0.267,-0.655,-45.656,1.751,1.257,0.002,-0.548,-0.447,0.548,-0.447,57.303,2.135,1.178,0.002,-0.564,-0.427,0.564,-0.427,-85.944,2.135,1.178,0.095,-0.797,-0.604,0.000,0.000,-89.954,2.226,1.152,0.095,-0.797,-0.604,0.000,0.000,0.000,2.204,1.073,0.095,-0.991,0.137,0.000,0.000,False,False
43.762,1.454,0.953,-0.014,0.000,-0.707,0.000,-0.707,179.977,1.454,0.953,0.122,-0.267,-0.655,0.267,-0.655,-45.656,1.751,1.257,0.002,-0.548,-0.447,0.548,-0.447,57.303,2.135,1.178,0.002,-0.564,-0.427,0.564,-0.427,-85.944,2.135,1.178,0.095,-0.797,-0.604,0.000,0.000,-89.954,2.226,1.152,0.095,-0.797,-0.604,0.000,0.000,0.000,2.204,1.073,0.095,-0.991,0.137,0.000,0.000,False,False
43.863,1.454,0.953,-0.014,0.000,-0.707,0.000,-0.707,179.977,1.454,0.953,0.122,-0.267,-0.655,0.267,-0.655,-45.656,1.751,1.257,0.002,-0.548,-0.447,0.548,-0.447,57.303,2.135,1.178,0.002,-0.564,-0.427,0.564,-0.427,-85.944,2.135,1.178,0.095,-0.797,-0.604,0.000,0.000,-89.954,2.226,1.152,0.095,-0.797,-0.604,0.000,0.000,0.000,2.204,1.073,0.095,-0.991,0.137,0.000,0.000,False,False
43.971,1.454,0.953,-0.014,0.000,-0.707,0.000,-0.707,179.977,1.454,0.953,0.122,-0.267,-0.655,0.267,-0.655,-45.656,1.751,1.257,0.002,-0.548,-0.447,0.548,-0.447,57.303,2.135,1.178,0.002,-0.564,-0.427,0.564,-0.427,-85.944,2.135,1.178,0.095,-0.797,-0.604,0.000,0.000,-89.954,2.226,1.152,0.095,-0.797,-0.604,0.000,0.000,0.000,2.204,1.073,0.095,-0.991,0.137,0.000,0.000,False,False
44.073,1.454,0.953,-0.014,0.000,-0.707,0.000,-0.707,179.977,1.454,0.953,0.122,-0.267,-0.655,0.267,-0.655,-45.656,1.751,1.257,0.002,-0.548,-0.447,0.548,-0.447,57.303,2.135,1.178,0.002,-0.564,-0.427,0.564,-0.427,-85.944,2.135,1.178,0.095,-0.797,-0.604,0.000,0.000,-89.954,2.226,1.152,0.095,-0.797,-0.604,0.000,0.000,0.000,2.204,1.073,0.095,-0.991,0.137,0.000,0.000,False,False
44.175,1.454,0.953,-0.014,0.000,-0.707,0.000,-0.707,179.977,1.454,0.953,0.122,-0.267,-0.655,0.267,-0.655,-45.656,1.751,1.257,0.002,-0.548,-0.447,0.548,-0.447,57.303,2.135,1.178,0.002,-0.564,-0.427,0.564,-0.427,-85.944,2.135,1.178,0.095,-0.797,-0.604,0.000,0.000,-89.954,2.226,1.152,0.095,-0.797,-0.604,0.000,0.000,0.000,2.204,1.073,0.095,-0.991,0.137,0.000,0.000,False,False
44.276,1.454,0.953,-0.014,0.000,-0.707,0.000,-0.707,179.977,1.454,0.953,0.122,-0.267,-0.655,0.267,-0.655,-45.656,1.751,1.257,0.002,-0.548,-0.447,0.548,-0.447,57.303,2.135,1.178,0.002,-0.564,-0.427,0.564,-0.427,-85.944,2.135,1.178,0.095,-0.797,-0.604,0.000,0.000,-89.954,2.226,1.152,0.095,-0.797,-0.604,0.000,0.000,0.000,2.204,1.073,0.095,-0.991,0.137,0.000,0.000,False,False
44.377,1.454,0.953,-0.014,0.000,-0.707,0.000,-0.707,179.977,1.454,0.953,0.122,-0.267,-0.655,0.267,-0.655,-45.656,1.751,1.257,0.002,-0.548,-0.447,0.548,-0.447,57.303,2.135,1.178,0.002,-0.564,-0.427,0.564,-0.427,-85.944,2.135,1.178,0.095,-0.797,-0.604,0.000,0.000,-89.954,2.226,1.152,0.095,-0.797,-0.604,0.000,0.000,0.000,2.204,1.073,0.095,-0.991,0.137,0.000,0.000,False,False
44.483,1.454,0.953,-0.014,0.000,-0.707,0.000,-0.707,179.977,1.454,0.953,0.122,-0.267,-0.655,0.267,-0.655,-45.656,1.751,1.257,0.002,-0.548,-0.447,0.548,-0.447,57.303,2.135,1.178,0.002,-0.564,-0.427,0.564,-0.427,-85.944,2.135,1.178,0.095,-0.797,-0.604,0.000,0.000,-89.954,2.226,1.152,0.095,-0.797,-0.604,0.000,0.000,0.000,2.204,1.073,0.095,-0.991,0.137,0.000,0.000,False,False
44.588,1.454,0.953,-0.014,0.000,-0.707,0.000,-0.707,179.977,1.454,0.953,0.122,-0.267,-0.655,0.267,-0.655,-45.656,1.751,1.257,0.002,-0.548,-0.447,0.548,-0.447,57.303,2.135,1.178,0.002,-0.564,-0.427,0.564,-0.427,-85.944,2.135,1.178,0.095,-0.797,-0.604,0.000,0.000,-89.954,2.226,1.152,0.095,-0.797,-0.604,0.000,0.000,0.000,2.204,1.073,0.095,-0.991,0.137,0.000,0.000,False,False
44.689,1.454,0.953,-0.014,0.000,-0.707,0.000,-0.707,179.977,1.454,0.953,0.122,-0.267,-0.655,0.267,-0.655,-45.656,1.751,1.257,0.002,-0.548,-0.447,0.548,-0.447,57.303,2.135,1.178,0.002,-0.564,-0.427,0.564,-0.427,-85.944,2.135,1.178,0.095,-0.797,-0.604,0.000,0.000,-89.954,2.226,1.152,0.095,-0.797,-0.604,0.000,0.000,0.000,2.204,1.073,0.095,-0.991,0.137,0.000,0.000,False,False
44.790,1.454,0.953,-0.014,0.000,-0.707,0.000,-0.707,179.977,1.454,0.953,0.122,-0.267,-0.655,0.267,-0.655,-45.656,1.751,1.257,0.002,-0.548,-0.447,0.548,-0.447,57.303,2.135,1.178,0.002,-0.564,-0.427,0.564,-0.427,-85.944,2.135,1.178,0.095,-0.797,-0.604,0.000,0.000,-89.954,2.226,1.152,0.095,-0.797,-0.604,0.000,0.000,0.000,2.204,1.073,0.095,-0.991,0.137,0.000,0.000,False,False
44.896,1.454,0.953,-0.014,0.000,-0.707,0.000,-0.707,179.977,1.454,0.953,0.122,-0.267,-0.655,0.267,-0.655,-45.656,1.751,1.257,0.002,-0.548,-0.447,0.548,-0.447,57.303,2.135,1.178,0.002,-0.564,-0.427,0.564,-0.427,-85.944,2.135,1.178,0.095,-0.797,-0.604,0.000,0.000,-89.954,2.226,1.152,0.095,-0.797,-0.604,0.000,0.000,0.000,2.204,1.073,0.095,-0.991,0.137,0.000,0.000,False,False
44.997,1.454,0.953,-0.014,0.000,-0.707,0.000,-0.707,179.977,1.454,0.953,0.122,-0.267,-0.655,0.267,-0.655,-45.656,1.751,1.257,0.002,-0.548,-0.447,0.548,-0.447,57.303,2.135,1.178,0.002,-0.564,-0.427,0.564,-0.427,-85.944,2.135,1.178,0.095,-0.797,-0.604,0.000,0.000,-89.954,2.226,1.152,0.095,-0.797,-0.604,0.000,0.000,0.000,2.204,1.073,0.095,-0.991,0.137,0.000,0.000,False,False
45.103,1.454,0.953,-0.014,0.000,-0.707,0.000,-0.707,179.977,1.454,0.953,0.122,-0.267,-0.655,0.267,-0.655,-45.656,1.751,1.257,0.002,-0.548,-0.447,0.548,-0.447,57.303,2.135,1.178,0.002,-0.564,-0.427,0.564,-0.427,-85.944,2.135,1.178,0.095,-0.797,-0.604,0.000,0.000,-89.954,2.226,1.152,0.095,-0.797,-0.604,0.000,0.000,0.000,2.204,1.073,0.095,-0.991,0.137,0.000,0.000,False,False
45.209,1.454,0.953,-0.014,0.000,-0.707,0.000,-0.707,179.977,1.454,0.953,0.122,-0.267,-0.655,0.267,-0.655,-45.656,1.751,1.257,0.002,-0.548,-0.447,0.548,-0.447,57.303,2.135,1.178,0.002,-0.564,-0.427,0.564,-0.427,-85.944,2.135,1.178,0.095,-0.797,-0.604,0.000,0.000,-89.954,2.226,1.152,0.095,-0.797,-0.604,0.000,0.000,0.000,2.204,1.073,0.095,-0.991,0.137,0.000,0.000,False,False
45.315,1.454,0.953,-0.014,0.000,-0.707,0.000,-0.707,179.977,1.454,0.953,0.122,-0.267,-0.655,0.267,-0.655,-45.656,1.751,1.257,0.002,-0.548,-0.447,0.548,-0.447,57.303,2.135,1.178,0.002,-0.564,-0.427,0.564,-0.427,-85.944,2.135,1.178,0.095,-0.797,-0.604,0.000,0.000,-89.954,2.226,1.152,0.095,-0.797,-0.604,0.000,0.000,0.000,2.204,1.073,0.095,-0.991,0.137,0.000,0.000,False,False
45.415,1.454,0.953,-0.014,0.000,-0.707,0.000,-0.707,179.977,1.454,0.953,0.122,-0.267,-0.655,0.267,-0.655,-45.656,1.751,1.257,0.002,-0.548,-0.447,0.548,-0.447,57.303,2.135,1.178,0.002,-0.564,-0.427,0.564,-0.427,-85.944,2.135,1.178,0.095,-0.797,-0.604,0.000,0.000,-89.954,2.226,1.152,0.095,-0.797,-0.604,0.000,0.000,0.000,2.204,1.073,0.095,-0.991,0.137,0.000,0.000,False,False
45.528,1.454,0.953,-0.014,0.000,-0.707,0.000,-0.707,179.977,1.454,0.953,0.122,-0.267,-0.655,0.267,-0.655,-45.656,1.751,1.257,0.002,-0.548,-0.447,0.548,-0.447,57.303,2.135,1.178,0.002,-0.564,-0.427,0.564,-0.427,-85.944,2.135,1.178,0.095,-0.797,-0.604,0.000,0.000,-89.954,2.226,1.152,0.095,-0.797,-0.604,0.000,0.000,0.000,2.204,1.073,0.095,-0.991,0.137,0.000,0.000,False,False
45.632,1.454,0.953,-0.014,0.000,-0.707,0.000,-0.707,179.977,1.454,0.953,0.122,-0.267,-0.655,0.267,-0.655,-45.656,1.751,1.257,0.002,-0.548,-0.447,0.548,-0.447,57.303,2.135,1.178,0.002,-0.564,-0.427,0.564,-0.427,-85.944,2.135,1.178,0.095,-0.797,-0.604,0.000,0.000,-89.954,2.226,1.152,0.095,-0.797,-0.604,0.000,0.000,0.000,2.204,1.073,0.095,-0.991,0.137,0.000,0.000,False,False
45.734,1.454,0.953,-0.014,0.000,-0.707,0.000,-0.707,179.977,1.454,0.953,0.122,-0.267,-0.655,0.267,-0.655,-45.656,1.751,1.257,0.002,-0.548,-0.447,0.548,-0.447,57.303,2.135,1.178,0.002,-0.564,-0.427,0.564,-0.427,-85.944,2.135,1.178,0.095,-0.797,-0.604,0.000,0.000,-89.954,2.226,1.152,0.095,-0.797,-0.604,0.000,0.000,0.000,2.204,1.073,0.095,-0.991,0.137,0.000,0.000,False,False
45.834,1.454,0.953,-0.014,0.000,-0.707,0.000,-0.707,179.977,1.454,0.953,0.122,-0.267,-0.655,0.267,-0.655,-45.656,1.751,1.257,0.002,-0.548,-0.447,0.548,-0.447,57.303,2.135,1.178,0.002,-0.564,-0.427,0.564,-0.427,-85.944,2.135,1.178,0.095,-0.797,-0.604,0.000,0.000,-89.954,2.226,1.152,0.095,-0.797,-0.604,0.000,0.000,0.000,2.204,1.073,0.095,-0.991,0.137,0.000,0.000,False,False
45.935,1.454,0.953,-0.014,0.000,-0.707,0.000,-0.707,179.977,1.454,0.953,0.122,-0.267,-0.655,0.267,-0.655,-45.656,1.751,1.257,0.002,-0.548,-0.447,0.548,-0.447,57.303,2.135,1.178,0.002,-0.564,-0.427,0.564,-0.427,-85.944,2.135,1.178,0.095,-0.797,-0.604,0.000,0.000,-89.954,2.226,1.152,0.095,-0.797,-0.604,0.000,0.000,0.000,2.204,1.073,0.095,-0.991,0.137,0.000,0.000,False,False
46.040,1.454,0.953,-0.014,0.000,-0.707,0.000,-0.707,179.977,1.454,0.953,0.122,-0.267,-0.655,0.267,-0.655,-45.656,1.751,1.257,0.002,-0.548,-0.447,0.548,-0.447,57.303,2.135,1.178,0.002,-0.564,-0.427,0.564,-0.427,-85.944,2.135,1.178,0.095,-0.797,-0.604,0.000,0.000,-89.954,2.226,1.152,0.095,-0.797,-0.604,0.000,0.000,0.000,2.204,1.073,0.095,-0.991,0.137,0.000,0.000,False,False
46.145,1.454,0.953,-0.014,0.000,-0.707,0.000,-0.707,179.977,1.454,0.953,0.122,-0.267,-0.655,0.267,-0.655,-45.656,1.751,1.257,0.002,-0.548,-0.447,0.548,-0.447,57.303,2.135,1.178,0.002,-0.564,-0.427,0.564,-0.427,-85.944,2.135,1.178,0.095,-0.797,-0.604,0.000,0.000,-89.954,2.226,1.152,0.095,-0.797,-0.604,0.000,0.000,0.000,2.204,1.073,0.095,-0.991,0.137,0.000,0.000,False,False
46.250,1.454,0.953,-0.014,0.000,-0.707,0.000,-0.707,179.977,1.454,0.953,0.122,-0.267,-0.655,0.267,-0.655,-45.656,1.751,1.257,0.002,-0.548,-0.447,0.548,-0.447,57.303,2.135,1.178,0.002,-0.564,-0.427,0.564,-0.427,-85.944,2.135,1.178,0.095,-0.797,-0.604,0.000,0.000,-89.954,2.226,1.152,0.095,-0.797,-0.604,0.000,0.000,0.000,2.204,1.073,0.095,-0.991,0.137,0.000,0.000,False,False
46.354,1.454,0.953,-0.014,0.000,-0.707,0.000,-0.707,179.977,1.454,0.953,0.122,-0.267,-0.655,0.267,-0.655,-45.656,1.751,1.257,0.002,-0.548,-0.447,0.548,-0.447,57.303,2.135,1.178,0.002,-0.564,-0.427,0.564,-0.427,-85.944,2.135,1.178,0.095,-0.797,-0.604,0.000,0.000,-89.954,2.226,1.152,0.095,-0.797,-0.604,0.000,0.000,0.000,2.204,1.073,0.095,-0.991,0.137,0.000,0.000,False,False
46.459,1.454,0.953,-0.014,0.000,-0.707,0.000,-0.707,179.977,1.454,0.953,0.122,-0.267,-0.655,0.267,-0.655,-45.656,1.751,1.257,0.002,-0.548,-0.447,0.548,-0.447,57.303,2.135,1.178,0.002,-0.564,-0.427,0.564,-0.427,-85.944,2.135,1.178,0.095,-0.797,-0.604,0.000,0.000,-89.954,2.226,1.152,0.095,-0.797,-0.604,0.000,0.000,0.000,2.204,1.073,0.095,-0.991,0.137,0.000,0.000,False,False
46.564,1.454,0.953,-0.014,0.000,-0.707,0.000,-0.707,179.977,1.454,0.953,0.122,-0.267,-0.655,0.267,-0.655,-45.656,1.751,1.257,0.002,-0.548,-0.447,0.548,-0.447,57.303,2.135,1.178,0.002,-0.564,-0.427,0.564,-0.427,-85.944,2.135,1.178,0.095,-0.797,-0.604,0.000,0.000,-89.954,2.226,1.152,0.095,-0.797,-0.604,0.000,0.000,0.000,2.204,1.073,0.095,-0.991,0.137,0.000,0.000,False,False
46.671,1.454,0.953,-0.014,0.000,-0.707,0.000,-0.707,179.977,1.454,0.953,0.122,-0.267,-0.655,0.267,-0.655,-45.656,1.751,1.257,0.002,-0.548,-0.447,0.548,-0.447,57.303,2.135,1.178,0.002,-0.564,-0.427,0.564,-0.427,-85.944,2.135,1.178,0.095,-0.797,-0.604,0.000,0.000,-89.954,2.226,1.152,0.095,-0.797,-0.604,0.000,0.000,0.000,2.204,1.073,0.095,-0.991,0.137,0.000,0.000,False,False
46.775,1.454,0.953,-0.014,0.000,-0.707,0.000,-0.707,179.977,1.454,0.953,0.122,-0.267,-0.655,0.267,-0.655,-45.656,1.751,1.257,0.002,-0.548,-0.447,0.548,-0.447,57.303,2.135,1.178,0.002,-0.564,-0.427,0.564,-0.427,-85.944,2.135,1.178,0.095,-0.797,-0.604,0.000,0.000,-89.954,2.226,1.152,0.095,-0.797,-0.604,0.000,0.000,0.000,2.204,1.073,0.095,-0.991,0.137,0.000,0.000,False,False
46.881,1.454,0.953,-0.014,0.000,-0.707,0.000,-0.707,179.977,1.454,0.953,0.122,-0.267,-0.655,0.267,-0.655,-45.656,1.751,1.257,0.002,-0.548,-0.447,0.548,-0.447,57.303,2.135,1.178,0.002,-0.564,-0.427,0.564,-0.427,-85.944,2.135,1.178,0.095,-0.797,-0.604,0.000,0.000,-89.954,2.226,1.152,0.095,-0.797,-0.604,0.000,0.000,0.000,2.204,1.073,0.095,-0.991,0.137,0.000,0.000,False,False
46.987,1.454,0.953,-0.014,0.000,-0.707,0.000,-0.707,179.977,1.454,0.953,0.122,-0.267,-0.655,0.267,-0.655,-45.656,1.751,1.257,0.002,-0.548,-0.447,0.548,-0.447,57.303,2.135,1.178,0.002,-0.564,-0.427,0.564,-0.427,-85.944,2.135,1.178,0.095,-0.797,-0.604,0.000,0.000,-89.954,2.226,1.152,0.095,-0.797,-0.604,0.000,0.000,0.000,2.204,1.073,0.095,-0.991,0.137,0.000,0.000,False,False
47.089,1.454,0.953,-0.014,0.000,-0.707,0.000,-0.707,179.977,1.454,0.953,0.122,-0.267,-0.655,0.267,-0.655,-45.656,1.751,1.257,0.002,-0.548,-0.447,0.548,-0.447,57.303,2.135,1.178,0.002,-0.564,-0.427,0.564,-0.427,-85.944,2.135,1.178,0.095,-0.797,-0.604,0.000,0.000,-89.954,2.226,1.152,0.095,-0.797,-0.604,0.000,0.000,0.000,2.204,1.073,0.095,-0.991,0.137,0.000,0.000,False,False
47.189,1.454,0.953,-0.014,0.000,-0.707,0.000,-0.707,179.977,1.454,0.953,0.122,-0.267,-0.655,0.267,-0.655,-45.656,1.751,1.257,0.002,-0.548,-0.447,0.548,-0.447,57.303,2.135,1.178,0.002,-0.564,-0.427,0.564,-0.427,-85.944,2.135,1.178,0.095,-0.797,-0.604,0.000,0.000,-89.954,2.226,1.152,0.095,-0.797,-0.604,0.000,0.000,0.000,2.204,1.073,0.095,-0.991,0.137,0.000,0.000,False,False
47.294,1.454,0.953,-0.014,0.000,-0.707,0.000,-0.707,179.977,1.454,0.953,0.122,-0.267,-0.655,0.267,-0.655,-45.656,1.751,1.257,0.002,-0.548,-0.447,0.548,-0.447,57.303,2.135,1.178,0.002,-0.564,-0.427,0.564,-0.427,-85.944,2.135,1.178,0.095,-0.797,-0.604,0.000,0.000,-89.954,2.226,1.152,0.095,-0.797,-0.604,0.000,0.000,0.000,2.204,1.073,0.095,-0.991,0.137,0.000,0.000,False,False
47.398,1.454,0.953,-0.014,0.000,-0.707,0.000,-0.707,179.977,1.454,0.953,0.122,-0.267,-0.655,0.267,-0.655,-45.656,1.751,1.257,0.002,-0.548,-0.447,0.548,-0.447,57.303,2.135,1.178,0.002,-0.564,-0.427,0.564,-0.427,-85.944,2.135,1.178,0.095,-0.797,-0.604,0.000,0.000,-89.954,2.226,1.152,0.095,-0.797,-0.604,0.000,0.000,0.000,2.204,1.073,0.095,-0.991,0.137,0.000,0.000,False,False
47.504,1.454,0.953,-0.014,0.000,-0.707,0.000,-0.707,179.977,1.454,0.953,0.122,-0.267,-0.655,0.267,-0.655,-45.656,1.751,1.257,0.002,-0.548,-0.447,0.548,-0.447,57.303,2.135,1.178,0.002,-0.564,-0.427,0.564,-0.427,-85.944,2.135,1.178,0.095,-0.797,-0.604,0.000,0.000,-89.954,2.226,1.152,0.095,-0.797,-0.604,0.000,0.000,0.000,2.204,1.073,0.095,-0.991,0.137,0.000,0.000,False,False
47.606,1.454,0.953,-0.014,0.000,-0.707,0.000,-0.707,179.977,1.454,0.953,0.122,-0.267,-0.655,0.267,-0.655,-45.656,1.751,1.257,0.002,-0.548,-0.447,0.548,-0.447,57.303,2.135,1.178,0.002,-0.564,-0.427,0.564,-0.427,-85.944,2.135,1.178,0.095,-0.797,-0.604,0.000,0.000,-89.954,2.226,1.152,0.095,-0.797,-0.604,0.000,0.000,0.000,2.204,1.073,0.095,-0.991,0.137,0.000,0.000,False,False
47.711,1.454,0.953,-0.014,0.000,-0.707,0.000,-0.707,179.977,1.454,0.953,0.122,-0.267,-0.655,0.267,-0.655,-45.656,1.751,1.257,0.002,-0.548,-0.447,0.548,-0.447,57.303,2.135,1.178,0.002,-0.564,-0.427,0.564,-0.427,-85.944,2.135,1.178,0.095,-0.797,-0.604,0.000,0.000,-89.954,2.226,1.152,0.095,-0.797,-0.604,0.000,0.000,0.000,2.204,1.073,0.095,-0.991,0.137,0.000,0.000,False,False
47.814,1.454,0.953,-0.014,0.000,-0.707,0.000,-0.707,179.977,1.454,0.953,0.122,-0.267,-0.655,0.267,-0.655,-45.656,1.751,1.257,0.002,-0.548,-0.447,0.548,-0.447,57.303,2.135,1.178,0.002,-0.564,-0.427,0.564,-0.427,-85.944,2.135,1.178,0.095,-0.797,-0.604,0.000,0.000,-89.954,2.226,1.152,0.095,-0.797,-0.604,0.000,0.000,0.000,2.204,1.073,0.095,-0.991,0.137,0.000,0.000,False,False
47.918,1.454,0.953,-0.014,0.000,-0.707,0.000,-0.707,179.977,1.454,0.953,0.122,-0.267,-0.655,0.267,-0.655,-45.656,1.751,1.257,0.002,-0.548,-0.447,0.548,-0.447,57.303,2.135,1.178,0.002,-0.564,-0.427,0.564,-0.427,-85.944,2.135,1.178,0.095,-0.797,-0.604,0.000,0.000,-89.954,2.226,1.152,0.095,-0.797,-0.604,0.000,0.000,0.000,2.204,1.073,0.095,-0.991,0.137,0.000,0.000,False,False
48.022,1.454,0.953,-0.014,0.000,-0.707,0.000,-0.707,179.977,1.454,0.953,0.122,-0.267,-0.655,0.267,-0.655,-45.656,1.751,1.257,0.002,-0.548,-0.447,0.548,-0.447,57.303,2.135,1.178,0.002,-0.564,-0.427,0.564,-0.427,-85.944,2.135,1.178,0.095,-0.797,-0.604,0.000,0.000,-89.954,2.226,1.152,0.095,-0.797,-0.604,0.000,0.000,0.000,2.204,1.073,0.095,-0.991,0.137,0.000,0.000,False,False
48.126,1.454,0.953,-0.014,0.000,-0.707,0.000,-0.707,179.977,1.454,0.953,0.122,-0.267,-0.655,0.267,-0.655,-45.656,1.751,1.257,0.002,-0.548,-0.447,0.548,-0.447,57.303,2.135,1.178,0.002,-0.564,-0.427,0.564,-0.427,-85.944,2.135,1.178,0.095,-0.797,-0.604,0.000,0.000,-89.954,2.226,1.152,0.095,-0.797,-0.604,0.000,0.000,0.000,2.204,1.073,0.095,-0.991,0.137,0.000,0.000,False,False
48.231,1.454,0.953,-0.014,0.000,-0.707,0.000,-0.707,179.977,1.454,0.953,0.122,-0.267,-0.655,0.267,-0.655,-45.656,1.751,1.257,0.002,-0.548,-0.447,0.548,-0.447,57.303,2.135,1.178,0.002,-0.564,-0.427,0.564,-0.427,-85.944,2.135,1.178,0.095,-0.797,-0.604,0.000,0.000,-89.954,2.226,1.152,0.095,-0.797,-0.604,0.000,0.000,0.000,2.204,1.073,0.095,-0.991,0.137,0.000,0.000,False,False
48.334,1.454,0.953,-0.014,0.000,-0.707,0.000,-0.707,179.977,1.454,0.953,0.122,-0.267,-0.655,0.267,-0.655,-45.656,1.751,1.257,0.002,-0.548,-0.447,0.548,-0.447,57.303,2.135,1.178,0.002,-0.564,-0.427,0.564,-0.427,-85.944,2.135,1.178,0.095,-0.797,-0.604,0.000,0.000,-89.954,2.226,1.152,0.095,-0.797,-0.604,0.000,0.000,0.000,2.204,1.073,0.095,-0.991,0.137,0.000,0.000,False,False
48.437,1.454,0.953,-0.014,0.000,-0.707,0.000,-0.707,179.977,1.454,0.953,0.122,-0.267,-0.655,0.267,-0.655,-45.656,1.751,1.257,0.002,-0.548,-0.447,0.548,-0.447,57.303,2.135,1.178,0.002,-0.564,-0.427,0.564,-0.427,-85.944,2.135,1.178,0.095,-0.797,-0.604,0.000,0.000,-89.954,2.226,1.152,0.095,-0.797,-0.604,0.000,0.000,0.000,2.204,1.073,0.095,-0.991,0.137,0.000,0.000,False,False
48.540,1.454,0.953,-0.014,0.000,-0.707,0.000,-0.707,179.977,1.454,0.953,0.122,-0.267,-0.655,0.267,-0.655,-45.656,1.751,1.257,0.002,-0.548,-0.447,0.548,-0.447,57.303,2.135,1.178,0.002,-0.564,-0.427,0.564,-0.427,-85.944,2.135,1.178,0.095,-0.797,-0.604,0.000,0.000,-89.954,2.226,1.152,0.095,-0.797,-0.604,0.000,0.000,0.000,2.204,1.073,0.095,-0.991,0.137,0.000,0.000,False,False
48.645,1.454,0.953,-0.014,0.000,-0.707,0.000,-0.707,179.977,1.454,0.953,0.122,-0.267,-0.655,0.267,-0.655,-45.656,1.751,1.257,0.002,-0.548,-0.447,0.548,-0.447,57.303,2.135,1.178,0.002,-0.564,-0.427,0.564,-0.427,-85.944,2.135,1.178,0.095,-0.797,-0.604,0.000,0.000,-89.954,2.226,1.152,0.095,-0.797,-0.604,0.000,0.000,0.000,2.204,1.073,0.095,-0.991,0.137,0.000,0.000,False,False
48.751,1.454,0.953,-0.014,0.000,-0.707,0.000,-0.707,179.977,1.454,0.953,0.122,-0.267,-0.655,0.267,-0.655,-45.656,1.751,1.257,0.002,-0.548,-0.447,0.548,-0.447,57.303,2.135,1.178,0.002,-0.564,-0.427,0.564,-0.427,-85.944,2.135,1.178,0.095,-0.797,-0.604,0.000,0.000,-89.954,2.226,1.152,0.095,-0.797,-0.604,0.000,0.000,0.000,2.204,1.073,0.095,-0.991,0.137,0.000,0.000,False,False
48.852,1.454,0.953,-0.014,0.000,-0.707,0.000,-0.707,179.977,1.454,0.953,0.122,-0.267,-0.655,0.267,-0.655,-45.656,1.751,1.257,0.002,-0.548,-0.447,0.548,-0.447,57.303,2.135,1.178,0.002,-0.564,-0.427,0.564,-0.427,-85.944,2.135,1.178,0.095,-0.797,-0.604,0.000,0.000,-89.954,2.226,1.152,0.095,-0.797,-0.604,0.000,0.000,0.000,2.204,1.073,0.095,-0.991,0.137,0.000,0.000,False,False
48.956,1.454,0.953,-0.014,0.000,-0.707,0.000,-0.707,179.977,1.454,0.953,0.122,-0.267,-0.655,0.267,-0.655,-45.656,1.751,1.257,0.002,-0.548,-0.447,0.548,-0.447,57.303,2.135,1.178,0.002,-0.564,-0.427,0.564,-0.427,-85.944,2.135,1.178,0.095,-0.797,-0.604,0.000,0.000,-89.954,2.226,1.152,0.095,-0.797,-0.604,0.000,0.000,0.000,2.204,1.073,0.095,-0.991,0.137,0.000,0.000,False,False
49.058,1.454,0.953,-0.014,0.000,-0.707,0.000,-0.707,179.977,1.454,0.953,0.122,-0.267,-0.655,0.267,-0.655,-45.656,1.751,1.257,0.002,-0.548,-0.447,0.548,-0.447,57.303,2.135,1.178,0.002,-0.564,-0.427,0.564,-0.427,-85.944,2.135,1.178,0.095,-0.797,-0.604,0.000,0.000,-89.954,2.226,1.152,0.095,-0.797,-0.604,0.000,0.000,0.000,2.204,1.073,0.095,-0.991,0.137,0.000,0.000,False,False
49.159,1.454,0.953,-0.014,0.000,-0.707,0.000,-0.707,179.977,1.454,0.953,0.122,-0.267,-0.655,0.267,-0.655,-45.656,1.751,1.257,0.002,-0.548,-0.447,0.548,-0.447,57.303,2.135,1.178,0.002,-0.564,-0.427,0.564,-0.427,-85.944,2.135,1.178,0.095,-0.797,-0.604,0.000,0.000,-89.954,2.226,1.152,0.095,-0.797,-0.604,0.000,0.000,0.000,2.204,1.073,0.095,-0.991,0.137,0.000,0.000,False,False
49.261,1.454,0.953,-0.014,0.000,-0.707,0.000,-0.707,179.977,1.454,0.953,0.122,-0.267,-0.655,0.267,-0.655,-45.656,1.751,1.257,0.002,-0.548,-0.447,0.548,-0.447,57.303,2.135,1.178,0.002,-0.564,-0.427,0.564,-0.427,-85.944,2.135,1.178,0.095,-0.797,-0.604,0.000,0.000,-89.954,2.226,1.152,0.095,-0.797,-0.604,0.000,0.000,0.000,2.204,1.073,0.095,-0.991,0.137,0.000,0.000,False,False
49.366,1.454,0.953,-0.014,0.000,-0.707,0.000,-0.707,179.977,1.454,0.953,0.122,-0.267,-0.655,0.267,-0.655,-45.656,1.751,1.257,0.002,-0.548,-0.447,0.548,-0.447,57.303,2.135,1.178,0.002,-0.564,-0.427,0.564,-0.427,-85.944,2.135,1.178,0.095,-0.797,-0.604,0.000,0.000,-89.954,2.226,1.152,0.095,-0.797,-0.604,0.000,0.000,0.000,2.204,1.073,0.095,-0.991,0.137,0.000,0.000,False,False
49.470,1.454,0.953,-0.014,0.000,-0.707,0.000,-0.707,179.977,1.454,0.953,0.122,-0.267,-0.655,0.267,-0.655,-45.656,1.751,1.257,0.002,-0.548,-0.447,0.548,-0.447,57.303,2.135,1.178,0.002,-0.564,-0.427,0.564,-0.427,-85.944,2.135,1.178,0.095,-0.797,-0.604,0.000,0.000,-89.954,2.226,1.152,0.095,-0.797,-0.604,0.000,0.000,0.000,2.204,1.073,0.095,-0.991,0.137,0.000,0.000,False,False
49.574,1.454,0.953,-0.014,0.000,-0.707,0.000,-0.707,179.977,1.454,0.953,0.122,-0.267,-0.655,0.267,-0.655,-45.656,1.751,1.257,0.002,-0.548,-0.447,0.548,-0.447,57.303,2.135,1.178,0.002,-0.564,-0.427,0.564,-0.427,-85.944,2.135,1.178,0.095,-0.797,-0.604,0.000,0.000,-89.954,2.226,1.152,0.095,-0.797,-0.604,0.000,0.000,0.000,2.204,1.073,0.095,-0.991,0.137,0.000,0.000,False,False
49.678,1.454,0.953,-0.014,0.000,-0.707,0.000,-0.707,179.977,1.454,0.953,0.122,-0.267,-0.655,0.267,-0.655,-45.656,1.751,1.257,0.002,-0.548,-0.447,0.548,-0.447,57.303,2.135,1.178,0.002,-0.564,-0.427,0.564,-0.427,-85.944,2.135,1.178,0.095,-0.797,-0.604,0.000,0.000,-89.954,2.226,1.152,0.095,-0.797,-0.604,0.000,0.000,0.000,2.204,1.073,0.095,-0.991,0.137,0.000,0.000,False,False
49.784,1.454,0.953,-0.014,0.000,-0.707,0.000,-0.707,179.977,1.454,0.953,0.122,-0.267,-0.655,0.267,-0.655,-45.656,1.751,1.257,0.002,-0.548,-0.447,0.548,-0.447,57.303,2.135,1.178,0.002,-0.564,-0.427,0.564,-0.427,-85.944,2.135,1.178,0.095,-0.797,-0.604,0.000,0.000,-89.954,2.226,1.152,0.095,-0.797,-0.604,0.000,0.000,0.000,2.204,1.073,0.095,-0.991,0.137,0.000,0.000,False,False
49.884,1.454,0.953,-0.014,0.000,-0.707,0.000,-0.707,179.977,1.454,0.953,0.122,-0.267,-0.655,0.267,-0.655,-45.656,1.751,1.257,0.002,-0.548,-0.447,0.548,-0.447,57.303,2.135,1.178,0.002,-0.564,-0.427,0.564,-0.427,-85.944,2.135,1.178,0.095,-0.797,-0.604,0.000,0.000,-89.954,2.226,1.152,0.095,-0.797,-0.604,0.000,0.000,0.000,2.204,1.073,0.095,-0.991,0.137,0.000,0.000,False,False
49.985,1.454,0.953,-0.014,0.000,-0.707,0.000,-0.707,179.977,1.454,0.953,0.122,-0.267,-0.655,0.267,-0.655,-45.656,1.751,1.257,0.002,-0.548,-0.447,0.548,-0.447,57.303,2.135,1.178,0.002,-0.564,-0.427,0.564,-0.427,-85.944,2.135,1.178,0.095,-0.797,-0.604,0.000,0.000,-89.954,2.226,1.152,0.095,-0.797,-0.604,0.000,0.000,0.000,2.204,1.073,0.095,-0.991,0.137,0.000,0.000,False,False
50.092,1.454,0.953,-0.014,0.000,-0.707,0.000,-0.707,179.977,1.454,0.953,0.122,-0.267,-0.655,0.267,-0.655,-45.656,1.751,1.257,0.002,-0.548,-0.447,0.548,-0.447,57.303,2.135,1.178,0.002,-0.564,-0.427,0.564,-0.427,-85.944,2.135,1.178,0.095,-0.797,-0.604,0.000,0.000,-89.954,2.226,1.152,0.095,-0.797,-0.604,0.000,0.000,0.000,2.204,1.073,0.095,-0.991,0.137,0.000,0.000,False,False
50.198,1.454,0.953,-0.014,0.000,-0.707,0.000,-0.707,179.977,1.454,0.953,0.122,-0.267,-0.655,0.267,-0.655,-45.656,1.751,1.257,0.002,-0.548,-0.447,0.548,-0.447,57.303,2.135,1.178,0.002,-0.564,-0.427,0.564,-0.427,-85.944,2.135,1.178,0.095,-0.797,-0.604,0.000,0.000,-89.954,2.226,1.152,0.095,-0.797,-0.604,0.000,0.000,0.000,2.204,1.073,0.095,-0.991,0.137,0.000,0.000,False,False
50.300,1.454,0.953,-0.014,0.000,-0.707,0.000,-0.707,179.977,1.454,0.953,0.122,-0.267,-0.655,0.267,-0.655,-45.656,1.751,1.257,0.002,-0.548,-0.447,0.548,-0.447,57.303,2.135,1.178,0.002,-0.564,-0.427,0.564,-0.427,-85.944,2.135,1.178,0.095,-0.797,-0.604,0.000,0.000,-89.954,2.226,1.152,0.095,-0.797,-0.604,0.000,0.000,0.000,2.204,1.073,0.095,-0.991,0.137,0.000,0.000,False,False
50.400,1.454,0.953,-0.014,0.000,-0.707,0.000,-0.707,179.977,1.454,0.953,0.122,-0.267,-0.655,0.267,-0.655,-45.656,1.751,1.257,0.002,-0.548,-0.447,0.548,-0.447,57.303,2.135,1.178,0.002,-0.564,-0.427,0.564,-0.427,-85.944,2.135,1.178,0.095,-0.797,-0.604,0.000,0.000,-89.954,2.226,1.152,0.095,-0.797,-0.604,0.000,0.000,0.000,2.204,1.073,0.095,-0.991,0.137,0.000,0.000,False,False
50.502,1.454,0.953,-0.014,0.000,-0.707,0.000,-0.707,179.977,1.454,0.953,0.122,-0.267,-0.655,0.267,-0.655,-45.656,1.751,1.257,0.002,-0.548,-0.447,0.548,-0.447,57.303,2.135,1.178,0.002,-0.564,-0.427,0.564,-0.427,-85.944,2.135,1.178,0.095,-0.797,-0.604,0.000,0.000,-89.954,2.226,1.152,0.095,-0.797,-0.604,0.000,0.000,0.000,2.204,1.073,0.095,-0.991,0.137,0.000,0.000,False,False
50.607,1.454,0.953,-0.014,0.000,-0.707,0.000,-0.707,179.977,1.454,0.953,0.122,-0.267,-0.655,0.267,-0.655,-45.656,1.751,1.257,0.002,-0.548,-0.447,0.548,-0.447,57.303,2.135,1.178,0.002,-0.564,-0.427,0.564,-0.427,-85.944,2.135,1.178,0.095,-0.797,-0.604,0.000,0.000,-89.954,2.226,1.152,0.095,-0.797,-0.604,0.000,0.000,0.000,2.204,1.073,0.095,-0.991,0.137,0.000,0.000,False,False
50.708,1.454,0.953,-0.014,0.000,-0.707,0.000,-0.707,179.977,1.454,0.953,0.122,-0.267,-0.655,0.267,-0.655,-45.656,1.751,1.257,0.002,-0.548,-0.447,0.548,-0.447,57.303,2.135,1.178,0.002,-0.564,-0.427,0.564,-0.427,-85.944,2.135,1.178,0.095,-0.797,-0.604,0.000,0.000,-89.954,2.226,1.152,0.095,-0.797,-0.604,0.000,0.000,0.000,2.204,1.073,0.095,-0.991,0.137,0.000,0.000,False,False
50.812,1.454,0.953,-0.014,0.000,-0.707,0.000,-0.707,179.977,1.454,0.953,0.122,-0.267,-0.655,0.267,-0.655,-45.656,1.751,1.257,0.002,-0.548,-0.447,0.548,-0.447,57.303,2.135,1.178,0.002,-0.564,-0.427,0.564,-0.427,-85.944,2.135,1.178,0.095,-0.797,-0.604,0.000,0.000,-89.954,2.226,1.152,0.095,-0.797,-0.604,0.000,0.000,0.000,2.204,1.073,0.095,-0.991,0.137,0.000,0.000,False,False
50.912,1.454,0.953,-0.014,0.000,-0.707,0.000,-0.707,179.977,1.454,0.953,0.122,-0.267,-0.655,0.267,-0.655,-45.656,1.751,1.257,0.002,-0.548,-0.447,0.548,-0.447,57.303,2.135,1.178,0.002,-0.564,-0.427,0.564,-0.427,-85.944,2.135,1.178,0.095,-0.797,-0.604,0.000,0.000,-89.954,2.226,1.152,0.095,-0.797,-0.604,0.000,0.000,0.000,2.204,1.073,0.095,-0.991,0.137,0.000,0.000,False,False
51.015,1.454,0.953,-0.014,0.000,-0.707,0.000,-0.707,179.977,1.454,0.953,0.122,-0.267,-0.655,0.267,-0.655,-45.656,1.751,1.257,0.002,-0.548,-0.447,0.548,-0.447,57.303,2.135,1.178,0.002,-0.564,-0.427,0.564,-0.427,-85.944,2.135,1.178,0.095,-0.797,-0.604,0.000,0.000,-89.954,2.226,1.152,0.095,-0.797,-0.604,0.000,0.000,0.000,2.204,1.073,0.095,-0.991,0.137,0.000,0.000,False,False
51.115,1.454,0.953,-0.014,0.000,-0.707,0.000,-0.707,179.977,1.454,0.953,0.122,-0.267,-0.655,0.267,-0.655,-45.656,1.751,1.257,0.002,-0.548,-0.447,0.548,-0.447,57.303,2.135,1.178,0.002,-0.564,-0.427,0.564,-0.427,-85.944,2.135,1.178,0.095,-0.797,-0.604,0.000,0.000,-89.954,2.226,1.152,0.095,-0.797,-0.604,0.000,0.000,0.000,2.204,1.073,0.095,-0.991,0.137,0.000,0.000,False,False
51.220,1.454,0.953,-0.014,0.000,-0.707,0.000,-0.707,179.977,1.454,0.953,0.122,-0.267,-0.655,0.267,-0.655,-45.656,1.751,1.257,0.002,-0.548,-0.447,0.548,-0.447,57.303,2.135,1.178,0.002,-0.564,-0.427,0.564,-0.427,-85.944,2.135,1.178,0.095,-0.797,-0.604,0.000,0.000,-89.954,2.226,1.152,0.095,-0.797,-0.604,0.000,0.000,0.000,2.204,1.073,0.095,-0.991,0.137,0.000,0.000,False,False
51.323,1.454,0.953,-0.014,0.000,-0.707,0.000,-0.707,179.977,1.454,0.953,0.122,-0.267,-0.655,0.267,-0.655,-45.656,1.751,1.257,0.002,-0.548,-0.447,0.548,-0.447,57.303,2.135,1.178,0.002,-0.564,-0.427,0.564,-0.427,-85.944,2.135,1.178,0.095,-0.797,-0.604,0.000,0.000,-89.954,2.226,1.152,0.095,-0.797,-0.604,0.000,0.000,0.000,2.204,1.073,0.095,-0.991,0.137,0.000,0.000,False,False
51.450,1.454,0.953,-0.014,0.000,-0.707,0.000,-0.707,179.977,1.454,0.953,0.122,-0.267,-0.655,0.267,-0.655,-45.656,1.751,1.257,0.002,-0.548,-0.447,0.548,-0.447,57.303,2.135,1.178,0.002,-0.564,-0.427,0.564,-0.427,-85.944,2.135,1.178,0.095,-0.797,-0.604,0.000,0.000,-89.954,2.226,1.152,0.095,-0.797,-0.604,0.000,0.000,0.000,2.204,1.073,0.095,-0.991,0.137,0.000,0.000,False,False
